Source,Target,Relationship,PublicationYear
10.1145/3543873.3587570,10.18653/v1/D19-1371,CITES,2019
10.18653/v1/D19-1371,10.18653/v1/W19-1909,CITES,2019
10.18653/v1/W19-1909,10.1093/jamia/ocz096,CITES,2019
10.18653/v1/W19-1909,10.18653/v1/W19-5034,CITES,2019
10.18653/v1/W19-1909,10.1093/bioinformatics/btz682,CITES,2019
10.18653/v1/W19-1909,10.18653/v1/D18-1187,CITES,2018
10.18653/v1/W19-1909,10.18653/v1/N18-1202,CITES,2018
10.18653/v1/W19-1909,10.18653/v1/P18-1031,CITES,2018
10.18653/v1/W19-1909,10.18653/v1/D17-1070,CITES,2017
10.18653/v1/W19-1909,10.1162/tacl_a_00051,CITES,2016
10.18653/v1/W19-1909,10.1038/sdata.2016.35,CITES,2016
10.18653/v1/W19-1909,10.1016/j.jbi.2015.06.007,CITES,2015
10.18653/v1/W19-1909,10.1016/j.jbi.2015.07.020,CITES,2015
10.18653/v1/W19-1909,10.3115/v1/D14-1162,CITES,2014
10.18653/v1/W19-1909,10.3115/v1/S14-2007,CITES,2014
10.18653/v1/W19-1909,10.1016/j.jbi.2013.07.004,CITES,2013
10.18653/v1/W19-1909,10.1136/amiajnl-2013-001628,CITES,2013
10.18653/v1/W19-1909,10.1136/amiajnl-2011-000203,CITES,2011
10.18653/v1/W19-1909,10.1007/978-94-017-2390-9_10,CITES,1995
10.18653/v1/W19-1909,10.18653/v1/N19-1423,CITES,2019
10.18653/v1/D19-1371,10.18653/v1/N19-1361,CITES,2019
10.18653/v1/N19-1361,10.1109/JCDL.2019.00122,CITES,2018
10.18653/v1/N19-1361,10.18653/v1/D18-1412,CITES,2018
10.18653/v1/N19-1361,10.1162/tacl_a_00028,CITES,2018
10.18653/v1/N19-1361,10.1016/j.joi.2018.03.007,CITES,2018
10.18653/v1/N19-1361,10.18653/v1/W18-2501,CITES,2018
10.18653/v1/N19-1361,10.18653/v1/N18-1202,CITES,2018
10.18653/v1/N19-1361,10.6028/nbs.mp.269,CITES,2017
10.18653/v1/N19-1361,10.18653/v1/D17-1035,CITES,2017
10.18653/v1/N19-1361,10.1145/3077136.3080740,CITES,2017
10.18653/v1/N19-1361,10.18653/v1/D15-1045,CITES,2015
10.18653/v1/N19-1361,10.3115/v1/D14-1162,CITES,2014
10.18653/v1/N19-1361,10.1007/s11192-007-1838-1,CITES,2008
10.18653/v1/N19-1361,10.3115/1610075.1610091,CITES,2006
10.18653/v1/N19-1361,10.1023/B:SCIE.0000041645.60907.57,CITES,2004
10.18653/v1/N19-1361,10.1093/APPLIN/25.1.89,CITES,2004
10.18653/v1/N19-1361,10.1007/978-3-540-24581-0_65,CITES,2003
10.18653/v1/N19-1361,10.1007/3-540-45486-1_28,CITES,2000
10.18653/v1/N19-1361,10.1007/BF02458391,CITES,1998
10.18653/v1/N19-1361,10.1162/neco.1997.9.8.1735,CITES,1997
10.18653/v1/N19-1361,10.1023/A:1007379606734,CITES,1997
10.18653/v1/N19-1361,10.1007/BF02017913,CITES,1992
10.18653/v1/N19-1361,10.1002/asi.4630290504,CITES,1978
10.18653/v1/N19-1361,10.1177/030631277500500106,CITES,1975
10.18653/v1/N19-1361,10.18653/v1/N19-1423,CITES,2019
10.18653/v1/N19-1361,10.3115/v1/N15-1110,CITES,2015
10.18653/v1/N19-1361,10.5555/2627435.2670313,CITES,2014
10.18653/v1/D19-1371,10.18653/v1/W19-5034,CITES,2019
10.18653/v1/W19-5034,10.18653/v1/N19-1361,CITES,2019
10.18653/v1/W19-5034,10.1093/database/bay098,CITES,2018
10.18653/v1/W19-5034,10.1186/s12859-019-2604-0,CITES,2018
10.18653/v1/W19-5034,10.18653/v1/P18-1010,CITES,2018
10.18653/v1/W19-5034,10.18653/v1/p18-1110,CITES,2018
10.18653/v1/W19-5034,10.18653/v1/N18-3011,CITES,2018
10.18653/v1/W19-5034,10.1101/256453,CITES,2018
10.18653/v1/W19-5034,10.1186/s12859-017-1776-8,CITES,2017
10.18653/v1/W19-5034,10.1093/jamia/ocw177,CITES,2017
10.18653/v1/W19-5034,10.1093/database/baw068,CITES,2016
10.18653/v1/W19-5034,10.1093/database/baw032,CITES,2016
10.18653/v1/W19-5034,10.1162/tacl_a_00101,CITES,2016
10.18653/v1/W19-5034,10.18653/v1/N16-1030,CITES,2016
10.18653/v1/W19-5034,10.18653/v1/P16-1147,CITES,2016
10.18653/v1/W19-5034,10.1186/1471-2105-16-S10-S2,CITES,2015
10.18653/v1/W19-5034,10.1186/1758-2946-7-S1-S1,CITES,2015
10.18653/v1/W19-5034,10.1142/9789814644730_0013,CITES,2014
10.18653/v1/W19-5034,10.1093/bioinformatics/btu383,CITES,2014
10.18653/v1/W19-5034,10.1002/asi.23329,CITES,2014
10.18653/v1/W19-5034,10.1016/j.jbi.2013.12.006,CITES,2014
10.18653/v1/W19-5034,10.1093/bioinformatics/btt580,CITES,2013
10.18653/v1/W19-5034,10.1186/1471-2105-13-161,CITES,2012
10.18653/v1/W19-5034,10.1136/jamia.2009.001560,CITES,2010
10.18653/v1/W19-5034,10.1186/1471-2105-11-85,CITES,2010
10.18653/v1/W19-5034,10.3115/1613715.1613775,CITES,2008
10.18653/v1/W19-5034,10.1186/gb-2008-9-s2-s2,CITES,2008
10.18653/v1/W19-5034,10.3115/1557690.1557717,CITES,2008
10.18653/v1/W19-5034,10.3115/1220175.1220218,CITES,2006
10.18653/v1/W19-5034,10.3115/1614049.1614064,CITES,2006
10.18653/v1/W19-5034,10.1007/11573036_36,CITES,2005
10.18653/v1/W19-5034,10.3115/1220575.1220634,CITES,2005
10.18653/v1/W19-5034,10.3115/1567594.1567610,CITES,2004
10.18653/v1/W19-5034,10.1093/bioinformatics/btg1023,CITES,2003
10.18653/v1/W19-5034,10.1142/9789812776303_0042,CITES,2002
10.18653/v1/W19-5034,10.1093/nar/gkh061,CITES,2004
10.18653/v1/D19-1371,10.1093/bioinformatics/btz682,CITES,2019
10.1093/bioinformatics/btz682,10.1016/j.compbiomed.2019.04.002,CITES,2019
10.1093/bioinformatics/btz682,10.18653/v1/W19-1909,CITES,2019
10.1093/bioinformatics/btz682,10.1186/s12859-019-2724-6,CITES,2019
10.1093/bioinformatics/btz682,10.18653/v1/N19-1152,CITES,2019
10.1093/bioinformatics/btz682,10.24432/C5G59C,CITES,2019
10.1093/bioinformatics/btz682,10.18653/v1/W18-5618,CITES,2018
10.1093/bioinformatics/btz682,10.1186/s12859-019-2813-6,CITES,2018
10.1093/bioinformatics/btz682,10.1371/journal.pone.0200699,CITES,2018
10.1093/bioinformatics/btz682,10.1093/database/bay060,CITES,2018
10.1093/bioinformatics/btz682,10.1093/bioinformatics/bty449,CITES,2018
10.1093/bioinformatics/btz682,10.1093/bioinformatics/btx761,CITES,2018
10.1093/bioinformatics/btz682,10.18653/v1/N18-1202,CITES,2018
10.1093/bioinformatics/btz682,10.1101/256453,CITES,2018
10.1093/bioinformatics/btz682,10.2196/medinform.8751,CITES,2018
10.1093/bioinformatics/btz682,10.1093/bioinformatics/btx172,CITES,2017
10.1093/bioinformatics/btz682,10.1093/bioinformatics/btx228,CITES,2017
10.1093/bioinformatics/btz682,10.18653/v1/K17-1029,CITES,2017
10.1093/bioinformatics/btz682,10.1093/nar/gkw1083,CITES,2016
10.1093/bioinformatics/btz682,10.18653/v1/D16-1264,CITES,2016
10.1093/bioinformatics/btz682,10.1093/database/baw068,CITES,2016
10.1093/bioinformatics/btz682,10.1186/s12859-015-0564-6,CITES,2015
10.1093/bioinformatics/btz682,10.1186/1758-2946-7-S1-S2,CITES,2015
10.1093/bioinformatics/btz682,10.3115/v1/D14-1162,CITES,2014
10.1093/bioinformatics/btz682,10.1186/s12859-015-0472-9,CITES,2014
10.1093/bioinformatics/btz682,10.1016/j.jbi.2013.12.006,CITES,2014
10.1093/bioinformatics/btz682,10.1371/journal.pone.0065390,CITES,2013
10.1093/bioinformatics/btz682,10.1016/j.jbi.2012.04.004,CITES,2012
10.1093/bioinformatics/btz682,10.1136/amiajnl-2011-000203,CITES,2011
10.1093/bioinformatics/btz682,10.1186/1471-2105-11-85,CITES,2010
10.1093/bioinformatics/btz682,10.1186/gb-2008-9-s2-s2,CITES,2008
10.1093/bioinformatics/btz682,10.3115/1567594.1567610,CITES,2004
10.1093/bioinformatics/btz682,10.1162/153244303322533223,CITES,2003
10.1093/bioinformatics/btz682,10.18653/v1/N19-1423,CITES,2019
10.1093/bioinformatics/btz682,10.18653/v1/W19-1908,CITES,2019
10.18653/v1/D19-1371,10.1186/s12859-019-2813-6,CITES,2018
10.1186/s12859-019-2813-6,10.18653/v1/N18-1131,CITES,2018
10.1186/s12859-019-2813-6,10.1101/256453,CITES,2018
10.1186/s12859-019-2813-6,10.1371/journal.pone.0190926,CITES,2018
10.1186/s12859-019-2813-6,10.1186/s12859-017-1775-9,CITES,2017
10.1186/s12859-019-2813-6,10.1186/s12859-017-1776-8,CITES,2017
10.1186/s12859-019-2813-6,10.1093/bioinformatics/btx228,CITES,2017
10.1186/s12859-019-2813-6,10.1371/journal.pone.0164680,CITES,2016
10.1186/s12859-019-2813-6,10.18653/v1/p16-1,CITES,2016
10.1186/s12859-019-2813-6,10.18653/v1/P16-1209,CITES,2016
10.1186/s12859-019-2813-6,10.1093/database/baw032,CITES,2016
10.1186/s12859-019-2813-6,10.18653/v1/N16-1030,CITES,2016
10.1186/s12859-019-2813-6,10.1186/s12911-016-0296-1,CITES,2015
10.1186/s12859-019-2813-6,10.1609/aaai.v30i1.10362,CITES,2015
10.1186/s12859-019-2813-6,10.1186/1472-6947-15-S1-S9,CITES,2015
10.1186/s12859-019-2813-6,10.1186/s12911-015-0131-0,CITES,2015
10.1186/s12859-019-2813-6,10.1186/s13321-014-0051-5,CITES,2015
10.1186/s12859-019-2813-6,10.1186/1758-2946-7-S1-S2,CITES,2015
10.1186/s12859-019-2813-6,10.1186/1758-2946-7-S1-S3,CITES,2015
10.1186/s12859-019-2813-6,10.1186/1472-6947-15-S1-S4,CITES,2014
10.1186/s12859-019-2813-6,10.1016/j.jbi.2013.12.006,CITES,2014
10.1186/s12859-019-2813-6,10.1093/bioinformatics/btt474,CITES,2013
10.1186/s12859-019-2813-6,10.1109/ICASSP.2013.6638947,CITES,2013
10.1186/s12859-019-2813-6,10.1093/bioinformatics/btq705,CITES,2011
10.1186/s12859-019-2813-6,10.5555/1953048.2021068,CITES,2011
10.1186/s12859-019-2813-6,10.1186/1471-2350-12-12,CITES,2011
10.1186/s12859-019-2813-6,10.1186/1471-2105-11-85,CITES,2010
10.1186/s12859-019-2813-6,10.1016/j.ijmedinf.2009.04.010,CITES,2009
10.1186/s12859-019-2813-6,10.3115/1596374.1596399,CITES,2009
10.1186/s12859-019-2813-6,10.1186/gb-2008-9-s2-s2,CITES,2008
10.1186/s12859-019-2813-6,10.1186/1471-2105-7-S5-S11,CITES,2006
10.1186/s12859-019-2813-6,10.1093/BIB/6.1.57,CITES,2005
10.1186/s12859-019-2813-6,10.3115/1567594.1567610,CITES,2004
10.1186/s12859-019-2813-6,10.3115/1218955.1219010,CITES,2004
10.1186/s12859-019-2813-6,10.3115/980491,CITES,2004
10.1186/s12859-019-2813-6,10.1109/78.650093,CITES,1997
10.1186/s12859-019-2813-6,10.1162/neco.1997.9.8.1735,CITES,1997
10.1186/s12859-019-2813-6,10.1023/A:1007379606734,CITES,1997
10.1186/s12859-019-2813-6,10.11234/GI1990.9.72,CITES,1998
10.18653/v1/D19-1371,10.18653/v1/D18-1360,CITES,2018
10.18653/v1/D18-1360,10.18653/v1/S18-1125,CITES,2018
10.18653/v1/D18-1360,10.18653/v1/S18-1111,CITES,2018
10.18653/v1/D18-1360,10.18653/v1/p18-2058,CITES,2018
10.18653/v1/D18-1360,10.18653/v1/N18-3011,CITES,2018
10.18653/v1/D18-1360,10.18653/v1/N18-2108,CITES,2018
10.18653/v1/D18-1360,10.18653/v1/N18-1202,CITES,2018
10.18653/v1/D18-1360,10.18653/v1/D17-1182,CITES,2017
10.18653/v1/D18-1360,10.18653/v1/D17-1279,CITES,2017
10.18653/v1/D18-1360,10.18653/v1/S17-2097,CITES,2017
10.18653/v1/D18-1360,10.18653/v1/D17-1018,CITES,2017
10.18653/v1/D18-1360,10.18653/v1/P17-1085,CITES,2017
10.18653/v1/D18-1360,10.18653/v1/D17-1181,CITES,2017
10.18653/v1/D18-1360,10.18653/v1/P17-1113,CITES,2017
10.18653/v1/D18-1360,10.18653/v1/P17-1194,CITES,2017
10.18653/v1/D18-1360,10.18653/v1/S17-2091,CITES,2017
10.18653/v1/D18-1360,10.1162/tacl_a_00049,CITES,2017
10.18653/v1/D18-1360,10.18653/v1/P17-1161,CITES,2017
10.18653/v1/D18-1360,10.18653/v1/P17-2054,CITES,2017
10.18653/v1/D18-1360,10.1007/978-3-319-46349-0_21,CITES,2016
10.18653/v1/D18-1360,10.18653/V1/E17-1110,CITES,2016
10.18653/v1/D18-1360,10.18653/v1/P16-2020,CITES,2016
10.18653/v1/D18-1360,10.18653/v1/P16-1061,CITES,2016
10.18653/v1/D18-1360,10.18653/v1/N16-1179,CITES,2016
10.18653/v1/D18-1360,10.18653/v1/N16-1114,CITES,2016
10.18653/v1/D18-1360,10.18653/v1/P16-1105,CITES,2016
10.18653/v1/D18-1360,10.1162/tacl_a_00127,CITES,2015
10.18653/v1/D18-1360,10.1145/2505515.2505613,CITES,2013
10.18653/v1/D18-1360,10.1145/2509558.2509559,CITES,2013
10.18653/v1/D18-1360,10.1145/2467696.2467703,CITES,2013
10.18653/v1/D18-1360,10.1145/1390156.1390177,CITES,2008
10.18653/v1/D18-1360,10.1162/neco.1997.9.8.1735,CITES,1997
10.18653/v1/D19-1371,10.1186/s12859-019-2604-0,CITES,2018
10.1186/s12859-019-2604-0,10.1111/imj.14356,CITES,2020
10.1186/s12859-019-2604-0,10.18653/v1/K18-2001,CITES,2018
10.1186/s12859-019-2604-0,10.18653/v1/K18-2008,CITES,2018
10.1186/s12859-019-2604-0,10.18653/v1/D17-1035,CITES,2017
10.1186/s12859-019-2604-0,10.1093/bioinformatics/btx228,CITES,2017
10.1186/s12859-019-2604-0,10.18653/v1/K17-3014,CITES,2017
10.1186/s12859-019-2604-0,10.1162/tacl_a_00049,CITES,2017
10.1186/s12859-019-2604-0,10.18653/v1/W16-2922,CITES,2016
10.1186/s12859-019-2604-0,10.18653/v1/p16-1,CITES,2016
10.1186/s12859-019-2604-0,10.18653/v1/N16-1031,CITES,2016
10.1186/s12859-019-2604-0,10.18653/v1/P16-2067,CITES,2016
10.1186/s12859-019-2604-0,10.1162/tacl_a_00101,CITES,2016
10.1186/s12859-019-2604-0,10.18653/v1/P16-1101,CITES,2016
10.1186/s12859-019-2604-0,10.18653/v1/N16-1030,CITES,2016
10.1186/s12859-019-2604-0,10.3115/v1/P15-1038,CITES,2015
10.1186/s12859-019-2604-0,10.18653/v1/d13-1032,CITES,2013
10.1186/s12859-019-2604-0,10.1186/1471-2105-13-207,CITES,2012
10.1186/s12859-019-2604-0,10.1186/1471-2105-13-207,CITES,2012
10.1186/s12859-019-2604-0,10.1186/2041-1480-3-3,CITES,2012
10.1186/s12859-019-2604-0,10.1007/978-3-642-24797-2,CITES,2012
10.1186/s12859-019-2604-0,10.1186/1471-2105-11-492,CITES,2010
10.1186/s12859-019-2604-0,10.3115/1572340.1572342,CITES,2009
10.1186/s12859-019-2604-0,10.3115/1572340.1572343,CITES,2009
10.1186/s12859-019-2604-0,10.3115/1608858.1608859,CITES,2008
10.1186/s12859-019-2604-0,10.3115/1596324.1596352,CITES,2008
10.1186/s12859-019-2604-0,10.3115/1557690.1557717,CITES,2008
10.1186/s12859-019-2604-0,10.1093/bioinformatics/btm229,CITES,2007
10.1186/s12859-019-2604-0,10.1007/11573036_36,CITES,2005
10.1186/s12859-019-2604-0,10.3115/1219840.1219862,CITES,2005
10.1186/s12859-019-2604-0,10.3115/1073445.1073478,CITES,2003
10.1186/s12859-019-2604-0,10.1162/neco.1997.9.8.1735,CITES,1997
10.1186/s12859-019-2604-0,10.1109/78.650093,CITES,1997
10.1186/s12859-019-2604-0,10.18653/v1/K17-3002,CITES,2017
10.1186/s12859-019-2604-0,10.3115/v1/D14-1082,CITES,2014
10.18653/v1/D19-1371,10.1162/tacl_a_00028,CITES,2018
10.1162/tacl_a_00028,10.15195/V3.A32,CITES,2016
10.1162/tacl_a_00028,10.1145/2872518.2889391,CITES,2016
10.1162/tacl_a_00028,10.1109/TBDATA.2016.2521657,CITES,2016
10.1162/tacl_a_00028,10.1002/asi.23367,CITES,2016
10.1162/tacl_a_00028,10.1017/S1351324915000388,CITES,2015
10.1162/tacl_a_00028,10.1002/asi.23179,CITES,2015
10.1162/tacl_a_00028,10.3115/v1/D14-1162,CITES,2014
10.1162/tacl_a_00028,10.1109/JCDL.2014.6970190,CITES,2014
10.1162/tacl_a_00028,10.1002/asi.23083,CITES,2014
10.1162/tacl_a_00028,10.1002/asi.23256,CITES,2014
10.1162/tacl_a_00028,10.1371/journal.pone.0112520,CITES,2014
10.1162/tacl_a_00028,10.3115/v1/P14-5010,CITES,2014
10.1162/tacl_a_00028,10.1016/j.joi.2013.08.005,CITES,2013
10.1162/tacl_a_00028,10.1016/j.joi.2013.03.003,CITES,2013
10.1162/tacl_a_00028,10.1145/2232817.2232831,CITES,2012
10.1162/tacl_a_00028,10.1145/2063576.2063757,CITES,2011
10.1162/tacl_a_00028,10.1007/s11192-011-0349-2,CITES,2011
10.1162/tacl_a_00028,10.1007/s11192-011-0343-8,CITES,2011
10.1162/tacl_a_00028,10.1145/1935826.1935926,CITES,2011
10.1162/tacl_a_00028,10.5555/1953048.2078195,CITES,2011
10.1162/tacl_a_00028,10.1145/1816123.1816131,CITES,2010
10.1162/tacl_a_00028,10.3115/1654595.1654612,CITES,2009
10.1162/tacl_a_00028,10.1016/J.PRAGMA.2008.06.001,CITES,2009
10.1162/tacl_a_00028,10.1145/1458082.1458113,CITES,2008
10.1162/tacl_a_00028,10.3115/1613715.1613763,CITES,2008
10.1162/tacl_a_00028,10.1007/s11192-007-1777-2,CITES,2007
10.1162/tacl_a_00028,10.1007/S11135-006-9018-6,CITES,2007
10.1162/tacl_a_00028,10.3115/1610075.1610091,CITES,2006
10.1162/tacl_a_00028,10.1007/978-3-540-24840-8_6,CITES,2004
10.1162/tacl_a_00028,10.1177/000312240406900204,CITES,2004
10.1162/tacl_a_00028,10.1093/APPLIN/25.1.89,CITES,2004
10.1162/tacl_a_00028,10.1007/978-3-540-24581-0_65,CITES,2003
10.1162/tacl_a_00028,10.1162/089120103322753356,CITES,2003
10.1162/tacl_a_00028,10.1007/3-540-45486-1_28,CITES,2000
10.1162/tacl_a_00028,10.1002/(SICI)1097-4571(2000)51:7%3C635::AID-ASI6%3E3.0.CO;2-H,CITES,2000
10.1162/tacl_a_00028,10.5715/jnlp.6.5_43,CITES,1999
10.1162/tacl_a_00028,10.1007/BF02458400,CITES,1998
10.1162/tacl_a_00028,10.3115/976909.979620,CITES,1997
10.1162/tacl_a_00028,10.1007/BF01476360,CITES,1994
10.1162/tacl_a_00028,10.2307/2073372,CITES,1989
10.1162/tacl_a_00028,10.3115/991719.991764,CITES,1988
10.1162/tacl_a_00028,10.1093/APPLIN/7.1.39,CITES,1986
10.1162/tacl_a_00028,10.1007/BF02147226,CITES,1983
10.1162/tacl_a_00028,10.3115/981311.981338,CITES,1983
10.1162/tacl_a_00028,10.1086/352799,CITES,1981
10.1162/tacl_a_00028,10.1002/asi.4630290504,CITES,1978
10.1162/tacl_a_00028,10.1177/030631277700700111,CITES,1977
10.1162/tacl_a_00028,10.1177/030631277500500403,CITES,1975
10.1162/tacl_a_00028,10.1177/030631277500500106,CITES,1975
10.1162/tacl_a_00028,10.1109/TAC.1974.1100705,CITES,1974
10.1162/tacl_a_00028,10.1117/1.JRS.11.015020,CITES,2014
10.1162/tacl_a_00028,10.1613/jair.953,CITES,2002
10.1162/tacl_a_00028,10.1016/S0889-4906(97)85388-4,CITES,1997
10.1162/tacl_a_00028,10.1007/978-0-585-35958-8_1,CITES,1994
10.1162/tacl_a_00028,10.1080/00224065.1991.11979294,CITES,1991
10.1162/tacl_a_00028,10.1002/(SICI)1097-4571(198601)37:1%3C34::AID-ASI5%3E3.0.CO;2-0,CITES,1986
10.1162/tacl_a_00028,10.2307/2530893,CITES,1983
10.1162/tacl_a_00028,10.2307/3104125,CITES,1979
10.1162/tacl_a_00028,10.2307/2064021,CITES,1974
10.18653/v1/D19-1371,10.18653/v1/P18-1019,CITES,2018
10.18653/v1/P18-1019,10.1016/j.jclinepi.2017.08.011,CITES,2017
10.18653/v1/P18-1019,10.1145/3077136.3080707,CITES,2017
10.18653/v1/P18-1019,10.1002/jrsm.1252,CITES,2017
10.18653/v1/P18-1019,10.18653/v1/P17-4002,CITES,2017
10.18653/v1/P18-1019,10.1093/jamia/ocx053,CITES,2017
10.18653/v1/P18-1019,10.1136/bmjopen-2016-012545,CITES,2017
10.18653/v1/P18-1019,10.18653/v1/W16-6112,CITES,2016
10.18653/v1/P18-1019,10.1186/s13326-016-0083-z,CITES,2016
10.18653/v1/P18-1019,10.18653/v1/P16-1101,CITES,2016
10.18653/v1/P18-1019,10.18653/v1/N16-1030,CITES,2016
10.18653/v1/P18-1019,10.1016/j.ipm.2015.04.006,CITES,2015
10.18653/v1/P18-1019,10.18653/v1/W15-3817,CITES,2015
10.18653/v1/P18-1019,10.1186/s13643-015-0066-7,CITES,2015
10.18653/v1/P18-1019,10.3115/v1/P14-5010,CITES,2014
10.18653/v1/P18-1019,10.3115/v1/P14-2062,CITES,2014
10.18653/v1/P18-1019,10.1145/2488388.2488414,CITES,2013
10.18653/v1/P18-1019,10.2217/cer.13.17,CITES,2013
10.18653/v1/P18-1019,10.1136/bmj.f139,CITES,2013
10.18653/v1/P18-1019,10.1145/2362456.2362479,CITES,2012
10.18653/v1/P18-1019,10.1109/BIBM.2011.72,CITES,2011
10.18653/v1/P18-1019,10.1136/bmj.c6815,CITES,2010
10.18653/v1/P18-1019,10.1186/1472-6947-10-56,CITES,2010
10.18653/v1/P18-1019,10.1371/journal.pmed.1000326,CITES,2010
10.18653/v1/P18-1019,10.1007/s10791-008-9074-8,CITES,2009
10.18653/v1/P18-1019,10.1162/coli.2007.33.1.63,CITES,2007
10.18653/v1/P18-1019,10.1001/JAMA.1994.03510380059038,CITES,1994
10.18653/v1/P18-1019,10.2307/2346806,CITES,1979
10.18653/v1/P18-1019,10.18653/v1/P17-1028,CITES,2017
10.18653/v1/D19-1371,10.18653/v1/N18-3011,CITES,2018
10.18653/v1/N18-3011,10.1145/3197026.3197040,CITES,2018
10.18653/v1/N18-3011,10.18653/v1/N18-1022,CITES,2018
10.18653/v1/N18-3011,10.18653/v1/S17-2097,CITES,2017
10.18653/v1/N18-3011,10.5555/3200334.3200341,CITES,2017
10.18653/v1/N18-3011,10.18653/v1/P17-1089,CITES,2017
10.18653/v1/N18-3011,10.18653/v1/S17-2091,CITES,2017
10.18653/v1/N18-3011,10.1145/3038912.3052558,CITES,2017
10.18653/v1/N18-3011,10.18653/v1/P17-1161,CITES,2017
10.18653/v1/N18-3011,10.1093/jamia/ocw177,CITES,2017
10.18653/v1/N18-3011,10.1093/database/baw068,CITES,2016
10.18653/v1/N18-3011,10.18653/v1/N16-1030,CITES,2016
10.18653/v1/N18-3011,10.1007/978-3-319-25007-6_25,CITES,2015
10.18653/v1/N18-3011,10.1162/tacl_a_00141,CITES,2015
10.18653/v1/N18-3011,10.1186/1758-2946-7-S1-S1,CITES,2015
10.18653/v1/N18-3011,10.3115/v1/D14-1162,CITES,2014
10.18653/v1/N18-3011,10.1609/aimag.v36i3.2601,CITES,2014
10.18653/v1/N18-3011,10.1186/cc12608,CITES,2013
10.18653/v1/N18-3011,10.1038/476025a,CITES,2011
10.18653/v1/N18-3011,10.1186/1471-2105-12-223,CITES,2011
10.18653/v1/N18-3011,10.5555/1953048.2078186,CITES,2011
10.18653/v1/N18-3011,10.1145/1871437.1871689,CITES,2010
10.18653/v1/N18-3011,10.1162/neco.1997.9.8.1735,CITES,1997
10.18653/v1/N18-3011,10.18653/v1/P17-4018,CITES,2017
10.18653/v1/D19-1371,10.18653/v1/W18-2501,CITES,2018
10.18653/v1/W18-2501,10.18653/v1/N18-1202,CITES,2018
10.18653/v1/W18-2501,10.18653/v1/P18-1078,CITES,2017
10.18653/v1/W18-2501,10.18653/v1/D17-1160,CITES,2017
10.18653/v1/W18-2501,10.18653/v1/D17-1018,CITES,2017
10.18653/v1/W18-2501,10.18653/v1/P17-1044,CITES,2017
10.18653/v1/W18-2501,10.18653/v1/D17-2014,CITES,2017
10.18653/v1/W18-2501,10.18653/v1/P17-1076,CITES,2017
10.18653/v1/W18-2501,10.18653/v1/P17-1161,CITES,2017
10.18653/v1/W18-2501,10.18653/V1/P17-4012,CITES,2017
10.18653/v1/W18-2501,10.18653/v1/D16-1264,CITES,2016
10.18653/v1/W18-2501,10.18653/v1/D16-1244,CITES,2016
10.18653/v1/W18-2501,10.18653/v1/D16-1053,CITES,2016
10.18653/v1/W18-2501,10.18653/v1/D15-1075,CITES,2015
10.18653/v1/W18-2501,10.3115/v1/P15-1109,CITES,2015
10.18653/v1/W18-2501,10.1145/2647868.2654889,CITES,2014
10.18653/v1/W18-2501,10.3115/v1/D14-1179,CITES,2014
10.18653/v1/W18-2501,10.3115/v1/P14-5010,CITES,2014
10.18653/v1/W18-2501,10.5555/1953048.2078195,CITES,2011
10.18653/v1/W18-2501,10.1109/CVPR.2009.5206848,CITES,2009
10.18653/v1/W18-2501,10.1162/0891201053630264,CITES,2005
10.18653/v1/W18-2501,10.1162/neco.1997.9.8.1735,CITES,1997
10.18653/v1/W18-2501,10.25080/MAJORA-92BF1922-003,CITES,2010
10.18653/v1/D19-1371,10.18653/v1/N18-1202,CITES,2018
10.18653/v1/N18-1202,10.18653/v1/P18-1157,CITES,2017
10.18653/v1/N18-1202,10.18653/v1/P18-1078,CITES,2017
10.18653/v1/N18-1202,10.18653/v1/D17-1120,CITES,2017
10.18653/v1/N18-1202,10.18653/v1/D17-1018,CITES,2017
10.18653/v1/N18-1202,10.18653/v1/P17-1044,CITES,2017
10.18653/v1/N18-1202,10.18653/v1/P17-1018,CITES,2017
10.18653/v1/N18-1202,10.18653/v1/P17-1080,CITES,2017
10.18653/v1/N18-1202,10.18653/v1/P17-1161,CITES,2017
10.18653/v1/N18-1202,10.18653/V1/E17-1010,CITES,2017
10.18653/v1/N18-1202,10.18653/v1/D17-1206,CITES,2016
10.18653/v1/N18-1202,10.18653/v1/D16-1245,CITES,2016
10.18653/v1/N18-1202,10.18653/v1/P17-1152,CITES,2016
10.18653/v1/N18-1202,10.18653/v1/K16-1006,CITES,2016
10.18653/v1/N18-1202,10.18653/v1/P16-2038,CITES,2016
10.18653/v1/N18-1202,10.18653/v1/P16-1085,CITES,2016
10.18653/v1/N18-1202,10.18653/V1/E17-1002,CITES,2016
10.18653/v1/N18-1202,10.1162/tacl_a_00051,CITES,2016
10.18653/v1/N18-1202,10.18653/v1/D16-1157,CITES,2016
10.18653/v1/N18-1202,10.18653/v1/D16-1264,CITES,2016
10.18653/v1/N18-1202,10.18653/v1/N16-1114,CITES,2016
10.18653/v1/N18-1202,10.18653/v1/P16-1101,CITES,2016
10.18653/v1/N18-1202,10.18653/v1/N16-1030,CITES,2016
10.18653/v1/N18-1202,10.1162/tacl_a_00104,CITES,2015
10.18653/v1/N18-1202,10.1609/aaai.v30i1.10362,CITES,2015
10.18653/v1/N18-1202,10.18653/v1/D15-1075,CITES,2015
10.18653/v1/N18-1202,10.18653/v1/D15-1176,CITES,2015
10.18653/v1/N18-1202,10.3115/v1/P15-1109,CITES,2015
10.18653/v1/N18-1202,10.3115/v1/D14-1162,CITES,2014
10.18653/v1/N18-1202,10.3115/v1/D14-1113,CITES,2014
10.18653/v1/N18-1202,10.3115/v1/W14-4012,CITES,2014
10.18653/v1/N18-1202,10.21437/Interspeech.2014-564,CITES,2013
10.18653/v1/N18-1202,10.18653/v1/d13-1203,CITES,2013
10.18653/v1/N18-1202,10.18653/v1/d13-1170,CITES,2013
10.18653/v1/N18-1202,10.5555/1953048.2078186,CITES,2011
10.18653/v1/N18-1202,10.1162/0891201053630264,CITES,2005
10.18653/v1/N18-1202,10.3115/1119176.1119195,CITES,2003
10.18653/v1/N18-1202,10.1162/neco.1997.9.8.1735,CITES,1997
10.18653/v1/N18-1202,10.3115/1075812.1075866,CITES,1994
10.18653/v1/N18-1202,10.5555/2627435.2670313,CITES,2014
10.18653/v1/D19-1371,10.18653/v1/P18-1031,CITES,2018
10.18653/v1/P18-1031,10.1007/978-3-030-01216-8_12,CITES,2018
10.18653/v1/P18-1031,10.18653/v1/N18-1108,CITES,2018
10.18653/v1/P18-1031,10.18653/v1/N18-1202,CITES,2018
10.18653/v1/P18-1031,10.1609/aaai.v32i1.12006,CITES,2017
10.18653/v1/P18-1031,10.18653/v1/D17-1169,CITES,2017
10.18653/v1/P18-1031,10.18653/v1/P17-1052,CITES,2017
10.18653/v1/P18-1031,10.18653/v1/D17-1070,CITES,2017
10.18653/v1/P18-1031,10.18653/v1/P17-1190,CITES,2017
10.18653/v1/P18-1031,10.18653/v1/P17-1194,CITES,2017
10.18653/v1/P18-1031,10.18653/v1/P17-1161,CITES,2017
10.18653/v1/P18-1031,10.18653/v1/P17-2081,CITES,2017
10.18653/v1/P18-1031,10.1162/tacl_a_00115,CITES,2016
10.18653/v1/P18-1031,10.14489/vkit.2019.12.pp.010-017,CITES,2016
10.18653/v1/P18-1031,10.1109/CVPR.2017.243,CITES,2016
10.18653/v1/P18-1031,10.18653/v1/D16-1046,CITES,2016
10.18653/v1/P18-1031,10.1109/cvpr.2016.90,CITES,2015
10.18653/v1/P18-1031,10.18653/v1/P16-1009,CITES,2015
10.18653/v1/P18-1031,10.1109/WACV.2017.58,CITES,2015
10.18653/v1/P18-1031,10.18653/v1/S15-2079,CITES,2015
10.18653/v1/P18-1031,10.18653/v1/D15-1279,CITES,2015
10.18653/v1/P18-1031,10.1109/CVPR.2015.7298642,CITES,2014
10.18653/v1/P18-1031,10.1109/CVPR.2015.7298965,CITES,2014
10.18653/v1/P18-1031,10.1109/CVPRW.2014.131,CITES,2014
10.18653/v1/P18-1031,10.1109/TDSC.2012.75,CITES,2012
10.18653/v1/P18-1031,10.1016/j.dss.2010.08.006,CITES,2011
10.18653/v1/P18-1031,10.1109/TKDE.2009.191,CITES,2010
10.18653/v1/P18-1031,10.5555/1756006.1756025,CITES,2010
10.18653/v1/P18-1031,10.1145/1242572.1242759,CITES,2007
10.18653/v1/P18-1031,10.7551/mitpress/7503.003.0024,CITES,2006
10.18653/v1/P18-1031,10.1007/0-387-34239-7,CITES,2006
10.18653/v1/P18-1031,10.1613/jair.731,CITES,2000
10.18653/v1/P18-1031,10.1016/b978-1-55860-307-3.50012-5,CITES,1993
10.18653/v1/P18-1031,10.1002/asi.21233,CITES,2010
10.18653/v1/D19-1371,10.18653/v1/D17-1035,CITES,2017
10.18653/v1/D17-1035,10.18653/v1/P16-2038,CITES,2016
10.18653/v1/D17-1035,10.1162/tacl_a_00051,CITES,2016
10.18653/v1/D17-1035,10.18653/v1/N16-1175,CITES,2016
10.18653/v1/D17-1035,10.18653/v1/P16-1231,CITES,2016
10.18653/v1/D17-1035,10.18653/v1/N16-1030,CITES,2016
10.18653/v1/D17-1035,10.18653/v1/P16-1101,CITES,2016
10.18653/v1/D17-1035,10.3115/v1/D14-1162,CITES,2014
10.18653/v1/D17-1035,10.5555/1953048.2021068,CITES,2011
10.18653/v1/D17-1035,10.5555/1756006.1756025,CITES,2010
10.18653/v1/D17-1035,10.3115/1073445.1073478,CITES,2003
10.18653/v1/D17-1035,10.1162/neco.1997.9.8.1735,CITES,1997
10.18653/v1/D17-1035,10.1162/neco.1989.1.4.541,CITES,1989
10.18653/v1/D17-1035,10.2307/2280095,CITES,1951
10.18653/v1/D17-1035,10.5555/2627435.2670313,CITES,2014
10.18653/v1/D17-1035,10.1007/978-3-642-35289-8_3,CITES,2012
10.18653/v1/D17-1035,10.1162/neco.1997.9.1.1,CITES,1997
10.18653/v1/D19-1371,10.1093/database/baw068,CITES,2016
10.1093/database/baw068,10.1093/database/baw032,CITES,2016
10.1093/database/baw068,10.1186/1758-2946-7-S1-S3,CITES,2015
10.1093/database/baw068,10.1186/1758-2946-7-S1-S2,CITES,2015
10.1093/database/baw068,10.1093/nar/gku935,CITES,2014
10.1093/database/baw068,10.1093/database/bau050,CITES,2014
10.1093/database/baw068,10.12688/f1000research.3216.1,CITES,2014
10.1093/database/baw068,10.1016/j.jbi.2013.12.006,CITES,2014
10.1093/database/baw068,10.1093/database/bat080,CITES,2013
10.1093/database/baw068,10.1016/j.jbi.2013.07.011,CITES,2013
10.1093/database/baw068,10.1093/database/bat064,CITES,2013
10.1093/database/baw068,10.1093/bioinformatics/btt474,CITES,2013
10.1093/database/baw068,10.1093/nar/gkt441,CITES,2013
10.1093/database/baw068,10.1093/database/bas041,CITES,2012
10.1093/database/baw068,10.1016/j.jbi.2012.04.008,CITES,2012
10.1093/database/baw068,10.1016/j.jbi.2012.04.004,CITES,2012
10.1093/database/baw068,10.1093/database/bas012,CITES,2012
10.1093/database/baw068,10.1093/database/bar034,CITES,2011
10.1093/database/baw068,10.1136/amiajnl-2010-000055,CITES,2011
10.1093/database/baw068,10.1016/j.jbi.2010.11.001,CITES,2011
10.1093/database/baw068,10.1186/1471-2105-12-S1-S3,CITES,2011
10.1093/database/baw068,10.1093/database/bap018,CITES,2009
10.1093/database/baw068,10.1186/1471-2105-10-326,CITES,2009
10.1093/database/baw068,10.1093/nar/gkn580,CITES,2008
10.1093/database/baw068,10.1186/1471-2105-8-423,CITES,2007
10.1093/database/baw068,10.1038/234034A0,CITES,1971
10.1093/database/baw068,10.1093/bib/bbv024,CITES,2016
10.18653/v1/D19-1371,10.1038/sdata.2016.35,CITES,2016
10.1038/sdata.2016.35,10.1126/scitranslmed.aad9072,CITES,2016
10.1038/sdata.2016.35,10.15265/IY-2015-009,CITES,2015
10.1038/sdata.2016.35,10.1136/amiajnl-2013-001915,CITES,2014
10.1038/sdata.2016.35,10.1038/505612A,CITES,2014
10.1038/sdata.2016.35,10.1097/CCM.0b013e3182772adb,CITES,2013
10.1038/sdata.2016.35,10.1097/CCM.0b013e318265ea46,CITES,2013
10.1038/sdata.2016.35,10.1371/journal.pbio.1001745,CITES,2012
10.1038/sdata.2016.35,10.1016/j.jbi.2012.04.012,CITES,2012
10.1038/sdata.2016.35,10.1097/CCM.0b013e31820a92c6,CITES,2011
10.18653/v1/D19-1371,10.18653/v1/P16-1101,CITES,2016
10.18653/v1/P16-1101,10.18653/v1/N16-1116,CITES,2016
10.18653/v1/P16-1101,10.18653/v1/N16-1030,CITES,2016
10.18653/v1/P16-1101,10.18653/v1/P16-1228,CITES,2016
10.18653/v1/P16-1101,10.18653/v1/P16-2025,CITES,2016
10.18653/v1/P16-1101,10.1162/tacl_a_00104,CITES,2015
10.18653/v1/P16-1101,10.18653/v1/D15-1104,CITES,2015
10.18653/v1/P16-1101,10.18653/v1/D15-1025,CITES,2015
10.18653/v1/P16-1101,10.18653/v1/D15-1064,CITES,2015
10.18653/v1/P16-1101,10.18653/v1/D15-1154,CITES,2015
10.18653/v1/P16-1101,10.18653/v1/D15-1176,CITES,2015
10.18653/v1/P16-1101,10.3115/v1/P15-1033,CITES,2015
10.18653/v1/P16-1101,10.18653/v1/W15-3904,CITES,2015
10.18653/v1/P16-1101,10.1109/ICCV.2015.123,CITES,2015
10.18653/v1/P16-1101,10.1186/1758-2946-7-S1-S14,CITES,2015
10.18653/v1/P16-1101,10.3115/v1/D14-1162,CITES,2014
10.18653/v1/P16-1101,10.3115/v1/W14-4012,CITES,2014
10.18653/v1/P16-1101,10.3115/v1/P14-1126,CITES,2014
10.18653/v1/P16-1101,10.3115/v1/W14-1609,CITES,2014
10.18653/v1/P16-1101,10.1109/ICASSP.2013.6638947,CITES,2013
10.18653/v1/P16-1101,10.1007/978-3-642-19400-9_14,CITES,2011
10.18653/v1/P16-1101,10.5555/1953048.2078186,CITES,2011
10.18653/v1/P16-1101,10.3115/1690219.1690290,CITES,2009
10.18653/v1/P16-1101,10.3115/1596374.1596399,CITES,2009
10.18653/v1/P16-1101,10.3115/1219840.1219852,CITES,2005
10.18653/v1/P16-1101,10.1016/J.NEUNET.2005.06.042,CITES,2005
10.18653/v1/P16-1101,10.3115/1220355.1220365,CITES,2004
10.18653/v1/P16-1101,10.3115/1119176.1119201,CITES,2003
10.18653/v1/P16-1101,10.3115/1119176.1119195,CITES,2003
10.18653/v1/P16-1101,10.3115/1073445.1073478,CITES,2003
10.18653/v1/P16-1101,10.1162/153244303768966139,CITES,2003
10.18653/v1/P16-1101,10.3115/1072228.1072253,CITES,2002
10.18653/v1/P16-1101,10.1162/089976600300015015,CITES,2000
10.18653/v1/P16-1101,10.3115/977035.977059,CITES,1999
10.18653/v1/P16-1101,10.1162/neco.1997.9.8.1735,CITES,1997
10.18653/v1/P16-1101,10.1109/72.279181,CITES,1994
10.18653/v1/P16-1101,10.1162/neco.1989.1.4.541,CITES,1989
10.18653/v1/P16-1101,10.5555/2627435.2670313,CITES,2014
10.18653/v1/P16-1101,10.3115/v1/D14-1082,CITES,2014
10.18653/v1/D19-1371,10.1093/database/bav123,CITES,2016
10.1093/database/bav123,10.1093/nar/gkx1095,CITES,2017
10.1093/database/bav123,10.1093/nar/gku1010,CITES,2014
10.1093/database/bav123,10.1007/s10822-014-9784-5,CITES,2014
10.1093/database/bav123,10.1021/cb500189k,CITES,2014
10.1093/database/bav123,10.1177/1087057113517139,CITES,2014
10.1093/database/bav123,10.1002/minf.201300087,CITES,2013
10.1093/database/bav123,10.1093/nar/gkt1207,CITES,2013
10.1093/database/bav123,10.1093/nar/gkt1143,CITES,2013
10.1093/database/bav123,10.1093/nar/gkt1068,CITES,2013
10.1093/database/bav123,10.1093/database/bat044,CITES,2013
10.1093/database/bav123,10.1038/nrd3956,CITES,2013
10.1093/database/bav123,10.1093/nar/gks1166,CITES,2012
10.1093/database/bav123,10.1016/j.drudis.2012.05.016,CITES,2012
10.1093/database/bav123,10.1016/j.drudis.2011.12.019,CITES,2012
10.1093/database/bav123,10.1093/bib/bbr061,CITES,2012
10.1093/database/bav123,10.1093/nar/gkr1048,CITES,2011
10.1093/database/bav123,10.2217/bmm.11.94,CITES,2011
10.1093/database/bav123,10.1093/nar/gkr1023,CITES,2011
10.1093/database/bav123,10.1093/nar/gkr988,CITES,2011
10.1093/database/bav123,10.1186/1479-7364-5-6-709,CITES,2011
10.1093/database/bav123,10.1093/nar/gkr777,CITES,2011
10.1093/database/bav123,10.1002/humu.21466,CITES,2011
10.1093/database/bav123,10.1093/nar/gkq1020,CITES,2010
10.1093/database/bav123,10.1016/j.drudis.2010.08.010,CITES,2010
10.1093/database/bav123,10.1038/nrd3139,CITES,2010
10.1093/database/bav123,10.1038/msb.2009.98,CITES,2010
10.1093/database/bav123,10.1038/nature08506,CITES,2009
10.1093/database/bav123,10.1038/nchembio.187,CITES,2009
10.1093/database/bav123,10.1093/nar/gkn863,CITES,2008
10.1093/database/bav123,10.1021/mp700124e,CITES,2008
10.1093/database/bav123,10.1038/sj.bjp.0707307,CITES,2007
10.1093/database/bav123,10.1073/pnas.0701361104,CITES,2007
10.1093/database/bav123,10.1038/nbt1295,CITES,2007
10.1093/database/bav123,10.1038/nbt1284,CITES,2007
10.1093/database/bav123,10.1093/nar/gkl999,CITES,2006
10.1093/database/bav123,10.1016/J.DRUDIS.2006.10.005,CITES,2006
10.1093/database/bav123,10.1038/NCHEMBIO817,CITES,2006
10.1093/database/bav123,10.1016/J.PHARMTHERA.2004.03.004,CITES,2004
10.1093/database/bav123,10.1093/nar/gkh073,CITES,2004
10.1093/database/bav123,10.1111/j.1944-8287.2000.tb00151.x,CITES,2000
10.1093/database/bav123,10.1093/NAR/25.17.3389,CITES,1997
10.1093/database/bav123,10.1016/0165-0173(92)90012-B,CITES,1992
10.1093/database/bav123,10.5694/j.1326-5377.1957.tb59941.x,CITES,1957
10.1093/database/bav123,10.1021/ci600338x,CITES,2007
10.1093/database/bav123,10.1016/J.DRUDIS.2006.11.008,CITES,2007
10.1093/database/bav123,10.1038/nrd1609,CITES,2005
10.1093/database/bav123,10.1016/j.addr.2012.09.019,CITES,2001
10.18653/v1/D19-1371,10.1145/2740908.2742839,CITES,2015
10.1145/2740908.2742839,10.1007/978-3-540-30192-9_58,CITES,2004
10.1145/2740908.2742839,10.1145/2623330.2623623,CITES,2014
10.1145/2740908.2742839,10.1007/11871637_53,CITES,2006
10.1145/2740908.2742839,10.1145/281250.281253,CITES,1998
10.1145/2740908.2742839,10.1145/2623330.2623630,CITES,2014
10.1145/2740908.2742839,10.1145/1255175.1255243,CITES,2007
10.1145/2740908.2742839,10.1145/1277741.1277868,CITES,2007
10.18653/v1/D19-1371,10.1016/j.jbi.2013.12.006,CITES,2014
10.1016/j.jbi.2013.12.006,10.1093/bioinformatics/btt474,CITES,2013
10.1016/j.jbi.2013.12.006,10.1093/nar/gkt441,CITES,2013
10.1016/j.jbi.2013.12.006,10.1038/nmeth.2340,CITES,2013
10.1016/j.jbi.2013.12.006,10.1093/database/bas041,CITES,2012
10.1016/j.jbi.2013.12.006,10.1136/amiajnl-2012-001173,CITES,2012
10.1016/j.jbi.2013.12.006,10.1109/HISB.2012.33,CITES,2012
10.1016/j.jbi.2013.12.006,10.1186/1471-2105-13-207,CITES,2012
10.1016/j.jbi.2013.12.006,10.1186/1471-2105-13-161,CITES,2012
10.1016/j.jbi.2013.12.006,10.1016/j.jbi.2012.01.010,CITES,2012
10.1016/j.jbi.2013.12.006,10.1136/amiajnl-2011-000744,CITES,2012
10.1016/j.jbi.2013.12.006,10.1093/database/bar065,CITES,2012
10.1016/j.jbi.2013.12.006,10.1145/2110363.2110455,CITES,2012
10.1016/j.jbi.2013.12.006,10.1093/nar/gkr972,CITES,2011
10.1016/j.jbi.2013.12.006,10.1186/1471-2105-12-S8-S2,CITES,2011
10.1016/j.jbi.2013.12.006,10.1186/1471-2105-12-S3-S3,CITES,2011
10.1016/j.jbi.2013.12.006,10.1016/j.jbi.2010.11.001,CITES,2011
10.1016/j.jbi.2013.12.006,10.1136/jamia.2010.003970,CITES,2010
10.1016/j.jbi.2013.12.006,10.1111/j.1399-0004.2010.01436.x,CITES,2010
10.1016/j.jbi.2013.12.006,10.1186/1471-2105-11-85,CITES,2010
10.1016/j.jbi.2013.12.006,10.1056/NEJMp0900702,CITES,2009
10.1016/j.jbi.2013.12.006,10.1093/database/bap018,CITES,2009
10.1016/j.jbi.2013.12.006,10.1186/1471-2105-10-349,CITES,2009
10.1016/j.jbi.2013.12.006,10.3115/1572364.1572385,CITES,2009
10.1016/j.jbi.2013.12.006,10.1186/gb-2008-9-s2-s3,CITES,2008
10.1016/j.jbi.2013.12.006,10.1002/9780470015902.A0005513,CITES,2008
10.1016/j.jbi.2013.12.006,10.1186/1471-2105-9-S3-S3,CITES,2008
10.1016/j.jbi.2013.12.006,10.1371/journal.pcbi.0040020,CITES,2008
10.1016/j.jbi.2013.12.006,10.1142/9789812776136_0062,CITES,2007
10.1016/j.jbi.2013.12.006,10.1186/1471-2105-8-50,CITES,2007
10.1016/j.jbi.2013.12.006,10.1007/11562214_6,CITES,2005
10.1016/j.jbi.2013.12.006,10.1186/1471-2105-6-S1-S3,CITES,2005
10.1016/j.jbi.2013.12.006,10.1186/1471-2105-6-S1-S11,CITES,2005
10.1016/j.jbi.2013.12.006,10.1197/jamia.M1733,CITES,2005
10.1016/j.jbi.2013.12.006,10.1093/bioinformatics/btg1023,CITES,2003
10.1016/j.jbi.2013.12.006,10.1016/0022-510X(78)90001-1,CITES,1978
10.1016/j.jbi.2013.12.006,10.1007/978-1-60327-194-3_16,CITES,2010
10.1016/j.jbi.2013.12.006,10.3233/978-1-58603-774-1-524,CITES,2007
10.1016/j.jbi.2013.12.006,10.1007/11562214,CITES,2005
10.1016/j.jbi.2013.12.006,10.1093/nar/gkh061,CITES,2004
10.18653/v1/D19-1371,10.1186/1471-2105-12-S2-S5,CITES,2011
10.1186/1471-2105-12-S2-S5,10.1016/j.jbi.2008.12.011,CITES,2009
10.1186/1471-2105-12-S2-S5,10.3115/1572392.1572415,CITES,2007
10.1186/1471-2105-12-S2-S5,10.1162/coli.2007.33.1.63,CITES,2007
10.1186/1471-2105-12-S2-S5,10.3115/1220175.1220243,CITES,2006
10.1186/1471-2105-12-S2-S5,10.3115/1220175.1220201,CITES,2006
10.1186/1471-2105-12-S2-S5,10.3115/1220175.1220260,CITES,2006
10.1186/1471-2105-12-S2-S5,10.3115/1220575.1220634,CITES,2005
10.1186/1471-2105-12-S2-S5,10.7326/ACPJC-1995-123-3-A12,CITES,1995
10.1186/1471-2105-12-S2-S5,10.7326/ACPJC-1995-123-1-012,CITES,1995
10.1186/1471-2105-12-S2-S5,10.2307/2529310,CITES,1977
10.1186/1471-2105-12-S2-S5,10.14236/JHI.V15I1.640,CITES,2007
10.1186/1471-2105-12-S2-S5,10.7551/mitpress/7432.003.0006,CITES,2007
10.1186/1471-2105-12-S2-S5,10.1197/JAMIA.M1911,CITES,2006
10.1186/1471-2105-12-S2-S5,10.1109/MASSP.1986.1165342,CITES,1986
10.18653/v1/D19-1371,10.3115/1567594.1567610,CITES,2004
10.3115/1567594.1567610,10.3115/1567594.1567614,CITES,2004
10.3115/1567594.1567610,10.3115/1567594.1567612,CITES,2004
10.3115/1567594.1567610,10.3115/1567594.1567615,CITES,2004
10.3115/1567594.1567610,10.3115/1567594.1567616,CITES,2004
10.3115/1567594.1567610,10.3115/1567594.1567611,CITES,2004
10.3115/1567594.1567610,10.3115/1567594.1567613,CITES,2004
10.3115/1567594.1567610,10.3115/1567594.1567618,CITES,2004
10.3115/1567594.1567610,10.3115/1567594.1567617,CITES,2004
10.3115/1567594.1567610,10.1093/bioinformatics/btg1023,CITES,2003
10.3115/1567594.1567610,10.3115/1119176.1119195,CITES,2003
10.18653/v1/D19-1371,10.1093/bioinformatics/btg1023,CITES,2003
10.18653/v1/D19-1371,10.18653/v1/N19-1423,CITES,2019
10.18653/v1/N19-1423,10.18653/v1/P18-1158,CITES,2018
10.18653/v1/N19-1423,10.18653/v1/D18-1217,CITES,2018
10.18653/v1/N19-1423,10.18653/v1/D18-1179,CITES,2018
10.18653/v1/N19-1423,10.18653/v1/D18-1009,CITES,2018
10.18653/v1/N19-1423,10.1609/aaai.v33i01.33013159,CITES,2018
10.18653/v1/N19-1423,10.1162/tacl_a_00290,CITES,2018
10.18653/v1/N19-1423,10.18653/v1/W18-5446,CITES,2018
10.18653/v1/N19-1423,10.18653/v1/N18-1202,CITES,2018
10.18653/v1/N19-1423,10.18653/v1/P18-1031,CITES,2018
10.18653/v1/N19-1423,10.18653/v1/P18-1078,CITES,2017
10.18653/v1/N19-1423,10.18653/v1/S17-2001,CITES,2017
10.18653/v1/N19-1423,10.24963/ijcai.2018/570,CITES,2017
10.18653/v1/N19-1423,10.18653/v1/D17-1070,CITES,2017
10.18653/v1/N19-1423,10.18653/v1/P17-1147,CITES,2017
10.18653/v1/N19-1423,10.18653/v1/N18-1101,CITES,2017
10.18653/v1/N19-1423,10.18653/v1/P17-1161,CITES,2017
10.18653/v1/N19-1423,10.18653/v1/K16-1006,CITES,2016
10.18653/v1/N19-1423,10.18653/v1/D16-1264,CITES,2016
10.18653/v1/N19-1423,10.18653/v1/D16-1244,CITES,2016
10.18653/v1/N19-1423,10.18653/v1/N16-1162,CITES,2016
10.18653/v1/N19-1423,10.18653/v1/D15-1075,CITES,2015
10.18653/v1/N19-1423,10.1109/ICCV.2015.11,CITES,2015
10.18653/v1/N19-1423,10.3115/v1/D14-1162,CITES,2014
10.18653/v1/N19-1423,10.21437/Interspeech.2014-564,CITES,2013
10.18653/v1/N19-1423,10.18653/v1/d13-1170,CITES,2013
10.18653/v1/N19-1423,10.3233/978-1-60750-049-0-551,CITES,2009
10.18653/v1/N19-1423,10.1109/CVPR.2009.5206848,CITES,2009
10.18653/v1/N19-1423,10.1145/1390156.1390177,CITES,2008
10.18653/v1/N19-1423,10.1145/1390156.1390294,CITES,2008
10.18653/v1/N19-1423,10.3115/1610075.1610094,CITES,2006
10.18653/v1/N19-1423,10.3115/1119176.1119195,CITES,2003
10.18653/v1/N19-1423,10.1177/107769905303000401,CITES,1953
10.1145/3543873.3587570,10.1109/TKDE.2018.2807452,CITES,2018
10.1109/TKDE.2018.2807452,10.1609/aaai.v32i1.11885,CITES,2018
10.1109/TKDE.2018.2807452,10.1145/3178876.3186073,CITES,2018
10.1145/3178876.3186073,10.1145/1935826.1935914,CITES,2011
10.1145/3178876.3186073,10.1561/2200000006,CITES,2009
10.1145/3178876.3186073,10.1126/science.aad9029,CITES,2016
10.1145/3178876.3186073,10.1145/3097983.3098036,CITES,2017
10.1145/3178876.3186073,10.14778/2732286.2732289,CITES,2014
10.1145/3178876.3186073,10.1145/2736277.2741638,CITES,2015
10.1145/3178876.3186073,10.1109/ICDE.2016.7498247,CITES,2016
10.1145/3178876.3186073,10.1145/2939672.2939754,CITES,2016
10.1145/3178876.3186073,10.14778/2733004.2733010,CITES,2014
10.1145/3178876.3186073,10.1145/775047.775126,CITES,2002
10.1145/3178876.3186073,10.1145/775152.775191,CITES,2003
10.1145/3178876.3186073,10.1007/s10994-010-5205-8,CITES,2010
10.1145/3178876.3186073,10.1145/2566486.2568045,CITES,2014
10.1145/3178876.3186073,10.1145/3219819.3219953,CITES,2018
10.1145/3178876.3186073,10.1145/3219819.3219953,CITES,2018
10.1145/3178876.3186073,10.1609/aaai.v31i1.10839,CITES,2017
10.1145/3178876.3186073,10.1145/2939672.2939751,CITES,2016
10.1145/3178876.3186073,10.1145/2623330.2623732,CITES,2014
10.1145/3178876.3186073,10.1145/3097983.3098061,CITES,2017
10.1145/3178876.3186073,10.14778/2311906.2311907,CITES,2012
10.1145/3178876.3186073,10.1145/2736277.2741093,CITES,2015
10.1145/3178876.3186073,10.24963/ijcai.2017/399,CITES,2017
10.1145/3178876.3186073,10.1504/IJBRA.2013.054688,CITES,2013
10.1145/3178876.3186073,10.1145/2009916.2010004,CITES,2011
10.1145/3178876.3186073,10.1145/2939672.2939753,CITES,2016
10.1145/3178876.3186073,10.1609/aaai.v28i1.8870,CITES,2014
10.1145/3178876.3186073,10.1145/3097983.3097996,CITES,2017
10.1109/TKDE.2018.2807452,10.1109/TPAMI.2018.2839733,CITES,2018
10.1109/TPAMI.2018.2839733,10.7810/9781988587288_4,CITES,2020
10.1109/TPAMI.2018.2839733,10.1007/978-3-319-46448-0_35,CITES,2016
10.1109/TPAMI.2018.2839733,10.1109/TPAMI.2015.2481406,CITES,2016
10.1109/TPAMI.2018.2839733,10.1109/ICCV.2015.161,CITES,2015
10.1109/TPAMI.2018.2839733,10.1145/2783258.2783296,CITES,2015
10.1109/TPAMI.2018.2839733,10.1145/2766946,CITES,2015
10.1109/TPAMI.2018.2839733,10.1109/CVPR.2015.7299115,CITES,2015
10.1109/TPAMI.2018.2839733,10.1007/s11263-017-1004-z,CITES,2015
10.1109/TPAMI.2018.2839733,10.1109/TPAMI.2016.2537320,CITES,2015
10.1109/TPAMI.2018.2839733,10.1137/140971518,CITES,2015
10.1109/TPAMI.2018.2839733,10.1109/TIP.2014.2366600,CITES,2014
10.1109/TPAMI.2018.2839733,10.1109/CVPR.2014.119,CITES,2014
10.1109/TPAMI.2018.2839733,10.1609/aaai.v28i1.8916,CITES,2014
10.1109/TPAMI.2018.2839733,10.1109/TPAMI.2014.2377715,CITES,2014
10.1109/TPAMI.2018.2839733,10.1007/s10915-013-9740-x,CITES,2013
10.1109/TPAMI.2018.2839733,10.1109/CVPR.2013.262,CITES,2013
10.1109/TPAMI.2018.2839733,10.1007/978-3-642-33783-3_30,CITES,2012
10.1109/TPAMI.2018.2839733,10.1109/TPAMI.2010.231,CITES,2011
10.1109/TPAMI.2018.2839733,10.1109/TPAMI.2010.161,CITES,2011
10.1109/TPAMI.2018.2839733,10.1007/s11263-010-0400-4,CITES,2011
10.1109/TPAMI.2018.2839733,10.1109/CVPR.2010.5539945,CITES,2010
10.1109/TPAMI.2018.2839733,10.1145/1661412.1618470,CITES,2009
10.1109/TPAMI.2018.2839733,10.1109/ICCV.2009.5459211,CITES,2009
10.1109/TPAMI.2018.2839733,10.1109/CVPR.2009.5206707,CITES,2009
10.1109/TPAMI.2018.2839733,10.1145/1553374.1553494,CITES,2009
10.1109/TPAMI.2018.2839733,10.1145/1553374.1553385,CITES,2009
10.1109/TPAMI.2018.2839733,10.1137/080725891,CITES,2009
10.1109/TPAMI.2018.2839733,10.1002/CPA.20303,CITES,2008
10.1109/TPAMI.2018.2839733,10.1109/CVPR.2008.4587420,CITES,2008
10.1109/TPAMI.2018.2839733,10.1007/S00041-008-9045-X,CITES,2007
10.1109/TPAMI.2018.2839733,10.1007/11744023_1,CITES,2006
10.1109/TPAMI.2018.2839733,10.1109/CVPR.2005.332,CITES,2005
10.1109/TPAMI.2018.2839733,10.1109/TPAMI.2004.1273918,CITES,2004
10.1109/TPAMI.2018.2839733,10.1162/089976603321780317,CITES,2003
10.1109/TPAMI.2018.2839733,10.1007/3-540-47977-5_5,CITES,2002
10.1109/TPAMI.2018.2839733,10.1109/34.1000236,CITES,2002
10.1109/TPAMI.2018.2839733,10.1109/ICCV.1999.791245,CITES,2001
10.1109/TPAMI.2018.2839733,10.1109/83.951532,CITES,2001
10.1109/TPAMI.2018.2839733,10.1023/A:1011174803800,CITES,2001
10.1109/TPAMI.2018.2839733,10.1109/83.902291,CITES,2001
10.1109/TPAMI.2018.2839733,10.1126/SCIENCE.290.5500.2323,CITES,2000
10.1109/TPAMI.2018.2839733,10.1126/SCIENCE.290.5500.2319,CITES,2000
10.1109/TPAMI.2018.2839733,10.1002/0471721182,CITES,2000
10.1109/TPAMI.2018.2839733,10.1007/BFb0055702,CITES,1998
10.1109/TPAMI.2018.2839733,10.1109/CVPR.1997.609407,CITES,1997
10.1109/TPAMI.2018.2839733,10.1109/34.546254,CITES,1996
10.1109/TPAMI.2018.2839733,10.1145/157485.165117,CITES,1993
10.1109/TPAMI.2018.2839733,10.1016/0167-2789(92)90242-F,CITES,1992
10.1109/TPAMI.2018.2839733,10.1137/0152031,CITES,1992
10.1109/TPAMI.2018.2839733,10.1109/34.120331,CITES,1992
10.1109/TPAMI.2018.2839733,10.1109/43.159993,CITES,1991
10.1109/TPAMI.2018.2839733,10.1109/ICCAD.1989.76957,CITES,1989
10.1109/TPAMI.2018.2839733,10.1137/0149053,CITES,1989
10.1109/TPAMI.2018.2839733,10.1016/0021-9991(88)90002-2,CITES,1988
10.1109/TPAMI.2018.2839733,10.1109/TIP.2015.2495122,CITES,2016
10.1109/TPAMI.2018.2839733,10.5244/C.29.110,CITES,2015
10.1109/TPAMI.2018.2839733,10.5555/2627435.2697068,CITES,2014
10.1109/TPAMI.2018.2839733,10.3173/AIR.23.59,CITES,2014
10.1109/TPAMI.2018.2839733,10.1137/070698592,CITES,2008
10.1109/TPAMI.2018.2839733,10.5244/C.21.55,CITES,2007
10.1109/TPAMI.2018.2839733,10.1111/J.2517-6161.1989.TB01764.X,CITES,1989
10.1109/TPAMI.2018.2839733,10.1364/JOSA.61.000001,CITES,1971
10.1109/TPAMI.2018.2839733,10.1515/9781400869312-013,CITES,1969
10.1109/TPAMI.2018.2839733,10.1016/0041-5553(67)90040-7,CITES,1967
10.1109/TKDE.2018.2807452,10.1109/TKDE.2017.2754499,CITES,2017
10.1109/TKDE.2017.2754499,10.18653/v1/P16-1124,CITES,2016
10.1109/TKDE.2017.2754499,10.18653/v1/D15-1173,CITES,2015
10.1109/TKDE.2017.2754499,10.18653/v1/D15-1031,CITES,2015
10.1109/TKDE.2017.2754499,10.3115/v1/D14-1167,CITES,2014
10.1109/TKDE.2017.2754499,10.1007/s10994-010-5205-8,CITES,2010
10.1109/TKDE.2017.2754499,10.1109/JPROC.2015.2483592,CITES,2016
10.1109/TKDE.2017.2754499,10.3115/v1/N15-1118,CITES,2015
10.1109/TKDE.2017.2754499,10.18653/v1/D16-1019,CITES,2016
10.1109/TKDE.2017.2754499,10.18653/v1/D15-1038,CITES,2015
10.1109/TKDE.2017.2754499,10.18653/v1/D15-1082,CITES,2015
10.1109/TKDE.2017.2754499,10.18653/v1/P16-1136,CITES,2016
10.1109/TKDE.2017.2754499,10.1145/2187836.2187874,CITES,2012
10.1109/TKDE.2017.2754499,10.1145/2806416.2806513,CITES,2015
10.1109/TKDE.2017.2754499,10.18653/v1/D15-1191,CITES,2015
10.1109/TKDE.2017.2754499,10.3115/v1/P15-1009,CITES,2015
10.1109/TKDE.2017.2754499,10.3115/v1/P15-1067,CITES,2015
10.1109/TKDE.2017.2754499,10.1007/s10994-006-5833-1,CITES,2006
10.1109/TKDE.2017.2754499,10.1145/1242572.1242667,CITES,2007
10.1109/TKDE.2017.2754499,10.1109/WI-IAT.2012.26,CITES,2012
10.1109/TKDE.2017.2754499,10.18653/v1/N16-1054,CITES,2016
10.1109/TKDE.2017.2754499,10.18653/v1/P16-1219,CITES,2016
10.1109/TKDE.2017.2754499,10.1145/2806416.2806502,CITES,2015
10.1109/TKDE.2017.2754499,10.18653/v1/N16-1105,CITES,2016
10.1109/TKDE.2017.2754499,10.1609/aimag.v36i1.2568,CITES,2015
10.1109/TKDE.2017.2754499,10.1109/72.377968,CITES,1995
10.1109/TKDE.2017.2754499,10.1090/psapm/040/1059485,CITES,1990
10.1109/TKDE.2017.2754499,10.1007/978-3-642-15939-8_10,CITES,2010
10.1109/TKDE.2017.2754499,10.3115/1690219.1690287,CITES,2009
10.1109/TKDE.2017.2754499,10.1109/ICDM.2006.65,CITES,2006
10.1109/TKDE.2017.2754499,10.1145/2245276.2245341,CITES,2012
10.1109/TKDE.2017.2754499,10.1007/s10208-009-9045-5,CITES,2009
10.1109/TKDE.2017.2754499,10.1137/07070111X,CITES,2009
10.1109/TKDE.2017.2754499,10.18653/v1/P16-2019,CITES,2016
10.1109/TKDE.2017.2754499,10.1214/aoms/1177729586,CITES,1951
10.1109/TKDE.2017.2754499,10.1145/2939672.2939673,CITES,2016
10.1109/TKDE.2017.2754499,10.1109/MC.2009.263,CITES,2009
10.1109/TKDE.2017.2754499,10.1145/2556195.2556259,CITES,2014
10.1109/TKDE.2017.2754499,10.1109/ICDM.2011.28,CITES,2011
10.1109/TKDE.2017.2754499,10.1007/BFb0099421,CITES,1985
10.1109/TKDE.2017.2754499,10.1145/1667053.1667056,CITES,2010
10.1109/TKDE.2017.2754499,10.18653/v1/P17-2088,CITES,2017
10.1109/TKDE.2017.2754499,10.3233/SW-140134,CITES,2015
10.1109/TKDE.2017.2754499,10.1145/2623330.2623623,CITES,2014
10.1109/TKDE.2017.2754499,10.1145/1376616.1376746,CITES,2008
10.1109/TKDE.2017.2754499,10.1007/s00778-015-0394-1,CITES,2015
10.1109/TKDE.2017.2754499,10.1109/5.58337,CITES,1990
10.1109/TKDE.2017.2754499,10.1145/2488388.2488425,CITES,2013
10.1109/TKDE.2017.2754499,10.3115/v1/P15-1125,CITES,2015
10.1109/TKDE.2017.2754499,10.1007/BF03037227,CITES,1995
10.1109/TKDE.2017.2754499,10.3115/v1/D14-1165,CITES,2014
10.1109/TKDE.2017.2754499,10.1023/A:1009863704807,CITES,1999
10.1109/TKDE.2017.2754499,10.1126/science.290.5500.2323,CITES,2000
10.1109/TKDE.2017.2754499,10.1016/j.patrec.2016.09.005,CITES,2017
10.1109/TKDE.2017.2754499,10.3233/SW-130100,CITES,2014
10.1109/TKDE.2017.2754499,10.18653/v1/W15-4004,CITES,2015
10.1109/TKDE.2017.2754499,10.18653/v1/D16-1146,CITES,2016
10.1109/TKDE.2017.2754499,10.3115/v1/W14-2409,CITES,2014
10.1109/TKDE.2017.2754499,10.1007/978-94-011-5300-3,CITES,1998
10.1109/TKDE.2017.2754499,10.3115/v1/P15-1016,CITES,2015
10.1109/TKDE.2017.2754499,10.1103/PhysRevE.76.046115,CITES,2007
10.1109/TKDE.2017.2754499,10.1145/2506182.2506198,CITES,2013
10.1109/TKDE.2017.2754499,10.1007/978-3-662-44848-9_11,CITES,2014
10.1109/TKDE.2017.2754499,10.3115/v1/D14-1067,CITES,2014
10.1109/TKDE.2017.2754499,10.1007/BF02289464,CITES,1966
10.1109/TKDE.2017.2754499,10.1007/BF02310791,CITES,1970
10.1109/TKDE.2017.2754499,10.1007/s10994-013-5363-6,CITES,2014
10.1109/TKDE.2017.2754499,10.1007/978-3-642-04930-9_14,CITES,2009
10.1109/TKDE.2017.2754499,10.1145/2505515.2507846,CITES,2013
10.1109/TKDE.2017.2754499,10.18653/v1/D16-1260,CITES,2016
10.1109/TKDE.2017.2754499,10.1145/2623330.2623732,CITES,2014
10.1109/TKDE.2017.2754499,10.3233/SW-160218,CITES,2016
10.1109/TKDE.2017.2754499,10.1145/2566486.2568032,CITES,2014
10.1109/TKDE.2017.2754499,10.1109/TKDE.2016.2638425,CITES,2017
10.1109/TKDE.2017.2754499,10.3115/v1/P14-1079,CITES,2014
10.1109/TKDE.2018.2807452,10.1145/3132847.3132925,CITES,2017
10.1145/3132847.3132925,10.1145/2783258.2783296,CITES,2015
10.1145/3132847.3132925,10.7551/mitpress/1120.003.0080,CITES,2002
10.1145/3132847.3132925,10.14778/3067421.3067430,CITES,2017
10.1145/3132847.3132925,10.1145/2806416.2806512,CITES,2015
10.1145/3132847.3132925,10.1145/1961189.1961199,CITES,2011
10.1145/3132847.3132925,10.1111/j.2517-6161.1977.tb01600.x,CITES,1977
10.1145/3132847.3132925,10.1609/aaai.v30i1.9972,CITES,2016
10.1145/3132847.3132925,10.1145/2939672.2939754,CITES,2016
10.1145/3132847.3132925,10.1109/TKDE.2010.259,CITES,2011
10.1145/3132847.3132925,10.1145/2623330.2623706,CITES,2014
10.1145/3132847.3132925,10.1145/2939672.2939751,CITES,2016
10.1145/3132847.3132925,10.1145/2623330.2623732,CITES,2014
10.1145/3132847.3132925,10.1126/science.290.5500.2323,CITES,2000
10.1145/3132847.3132925,10.1145/2556195.2556219,CITES,2014
10.1145/3132847.3132925,10.14778/2140436.2140437,CITES,2012
10.1145/3132847.3132925,10.1145/2736277.2741093,CITES,2015
10.1145/3132847.3132925,10.1007/s10618-010-0210-x,CITES,2011
10.1145/3132847.3132925,10.1126/science.290.5500.2319,CITES,2000
10.1145/3132847.3132925,10.1609/aaai.v28i1.8916,CITES,2014
10.1145/3132847.3132925,10.1145/2939672.2939753,CITES,2016
10.1145/3132847.3132925,10.14778/2794367.2794370,CITES,2015
10.1145/3132847.3132925,10.1609/aaai.v31i1.10488,CITES,2017
10.1145/3132847.3132925,10.1145/2501654.2501657,CITES,2013
10.1145/3132847.3132925,10.1086/jar.33.4.3629752,CITES,1977
10.1109/TKDE.2018.2807452,10.1109/ICDM.2017.57,CITES,2017
10.1109/ICDM.2017.57,10.1145/3132847.3132925,CITES,2017
10.1109/ICDM.2017.57,10.1109/TKDE.2018.2807452,CITES,2018
10.1109/ICDM.2017.57,10.1609/aaai.v31i1.10486,CITES,2017
10.1109/ICDM.2017.57,10.1609/aaai.v31i1.10512,CITES,2017
10.1109/ICDM.2017.57,10.1609/aaai.v31i1.10746,CITES,2016
10.1109/ICDM.2017.57,10.1145/3038912.3052643,CITES,2016
10.1109/ICDM.2017.57,10.1145/2939672.2939875,CITES,2016
10.1109/ICDM.2017.57,10.1145/2939672.2939751,CITES,2016
10.1109/ICDM.2017.57,10.1145/2939672.2939754,CITES,2016
10.1109/ICDM.2017.57,10.1145/2882903.2882961,CITES,2016
10.1109/ICDM.2017.57,10.1145/2835776.2835817,CITES,2016
10.1109/ICDM.2017.57,10.18653/v1/N16-1024,CITES,2016
10.1109/ICDM.2017.57,10.1145/2806416.2806512,CITES,2015
10.1109/ICDM.2017.57,10.1109/CVPR.2016.394,CITES,2015
10.1109/ICDM.2017.57,10.18653/v1/D15-1166,CITES,2015
10.1109/ICDM.2017.57,10.1145/2736277.2741093,CITES,2015
10.1109/ICDM.2017.57,10.3115/v1/P15-1150,CITES,2015
10.1109/ICDM.2017.57,10.1609/aaai.v29i1.9164,CITES,2015
10.1109/ICDM.2017.57,10.1162/tacl_a_00177,CITES,2014
10.1109/ICDM.2017.57,10.1145/2623330.2623732,CITES,2014
10.1109/ICDM.2017.57,10.1145/2566486.2567997,CITES,2014
10.1109/ICDM.2017.57,10.1609/aaai.v29i1.9213,CITES,2013
10.1109/ICDM.2017.57,10.1038/srep04343,CITES,2013
10.1109/ICDM.2017.57,10.1137/1.9781611973402.70,CITES,2012
10.1109/ICDM.2017.57,10.1145/2339530.2339540,CITES,2012
10.1109/ICDM.2017.57,10.1145/2124295.2124320,CITES,2012
10.1109/ICDM.2017.57,10.1145/1835804.1835933,CITES,2010
10.1109/ICDM.2017.57,10.1140/epjds5,CITES,2010
10.1109/ICDM.2017.57,10.1145/1718487.1718518,CITES,2010
10.1109/ICDM.2017.57,10.1145/1557019.1557077,CITES,2009
10.1109/ICDM.2017.57,10.1016/J.NEUNET.2005.07.003,CITES,2005
10.1109/ICDM.2017.57,10.1145/956750.956769,CITES,2003
10.1109/ICDM.2017.57,10.1126/SCIENCE.290.5500.2323,CITES,2000
10.1109/ICDM.2017.57,10.1162/neco.1997.9.8.1735,CITES,1997
10.1109/TKDE.2018.2807452,10.24963/ijcai.2017/544,CITES,2017
10.1109/TKDE.2018.2807452,10.24963/ijcai.2017/472,CITES,2017
10.1109/TKDE.2018.2807452,10.1145/3097983.3098036,CITES,2017
10.1145/3097983.3098036,10.1109/TPAMI.2013.50,CITES,2013
10.1145/3097983.3098036,10.1145/2783258.2783329,CITES,2015
10.1145/3097983.3098036,10.1145/2939672.2939754,CITES,2016
10.1145/3097983.3098036,10.1145/2339530.2339723,CITES,2012
10.1145/3097983.3098036,10.1198/016214502388618906,CITES,2002
10.1145/3097983.3098036,10.1145/3018661.3018667,CITES,2017
10.1145/3097983.3098036,10.1145/2939672.2939815,CITES,2016
10.1145/3097983.3098036,10.1145/2020408.2020603,CITES,2011
10.1145/3097983.3098036,10.1145/1401890.1401944,CITES,2008
10.1145/3097983.3098036,10.1038/nature14539,CITES,2015
10.1145/3097983.3098036,10.1145/1935826.1935877,CITES,2011
10.1145/3097983.3098036,10.1109/MILCOM.2016.7795391,CITES,2016
10.1145/3097983.3098036,10.1145/2623330.2623732,CITES,2014
10.1145/3097983.3098036,10.1145/2939672.2939822,CITES,2016
10.1145/3097983.3098036,10.14778/3402707.3402736,CITES,2011
10.1145/3097983.3098036,10.1145/2339530.2339738,CITES,2012
10.1145/3097983.3098036,10.1145/2783258.2783307,CITES,2015
10.1145/3097983.3098036,10.1145/2736277.2741093,CITES,2015
10.1145/3097983.3098036,10.1145/1401890.1402008,CITES,2008
10.1145/3097983.3098036,10.1145/1557019.1557109,CITES,2009
10.1145/3097983.3098036,10.1007/s10618-010-0210-x,CITES,2011
10.1145/3097983.3098036,10.1109/TPAMI.2007.250598,CITES,2007
10.1145/3097983.3098036,10.1145/2783258.2783267,CITES,2015
10.1109/TKDE.2018.2807452,10.24963/ijcai.2017/361,CITES,2017
10.1109/TKDE.2018.2807452,10.1016/j.knosys.2018.03.022,CITES,2017
10.1016/j.knosys.2018.03.022,10.1109/ICDE.2017.35,CITES,2017
10.1016/j.knosys.2018.03.022,10.1145/3018661.3018667,CITES,2017
10.1016/j.knosys.2018.03.022,10.1109/ICDM.2016.0072,CITES,2016
10.1016/j.knosys.2018.03.022,10.1145/2939672.2939751,CITES,2016
10.1016/j.knosys.2018.03.022,10.1145/2939672.2939753,CITES,2016
10.1016/j.knosys.2018.03.022,10.18653/v1/P16-1095,CITES,2016
10.1016/j.knosys.2018.03.022,10.1145/2939672.2939754,CITES,2016
10.1016/j.knosys.2018.03.022,10.1609/aaai.v30i1.10179,CITES,2016
10.1016/j.knosys.2018.03.022,10.1145/2806416.2806512,CITES,2015
10.1016/j.knosys.2018.03.022,10.1145/2783258.2783296,CITES,2015
10.1016/j.knosys.2018.03.022,10.1145/2736277.2741093,CITES,2015
10.1016/j.knosys.2018.03.022,10.1145/2623330.2623732,CITES,2014
10.1016/j.knosys.2018.03.022,10.1145/2488388.2488393,CITES,2013
10.1016/j.knosys.2018.03.022,10.1109/TPAMI.2013.50,CITES,2013
10.1016/j.knosys.2018.03.022,10.1145/2020408.2020566,CITES,2011
10.1016/j.knosys.2018.03.022,10.1016/j.patcog.2010.11.015,CITES,2011
10.1016/j.knosys.2018.03.022,10.1038/NPRE.2011.5627.1,CITES,2011
10.1016/j.knosys.2018.03.022,10.1007/978-1-4419-8462-3_5,CITES,2011
10.1016/j.knosys.2018.03.022,10.1016/j.physa.2010.11.027,CITES,2010
10.1016/j.knosys.2018.03.022,10.1109/JPROC.2010.2044470,CITES,2010
10.1016/j.knosys.2018.03.022,10.1145/1645953.1646094,CITES,2009
10.1016/j.knosys.2018.03.022,10.14778/1687627.1687709,CITES,2009
10.1016/j.knosys.2018.03.022,10.1145/1557019.1557109,CITES,2009
10.1016/j.knosys.2018.03.022,10.1145/1553374.1553494,CITES,2009
10.1016/j.knosys.2018.03.022,10.1109/CVPR.2008.4587665,CITES,2008
10.1016/j.knosys.2018.03.022,10.1145/1376616.1376661,CITES,2008
10.1016/j.knosys.2018.03.022,10.1145/1376616.1376675,CITES,2008
10.1016/j.knosys.2018.03.022,10.1038/nature06830,CITES,2008
10.1016/j.knosys.2018.03.022,10.1145/1367497.1367618,CITES,2008
10.1016/j.knosys.2018.03.022,10.1093/nar/gkm1001,CITES,2007
10.1016/j.knosys.2018.03.022,10.1145/1281192.1281280,CITES,2007
10.1016/j.knosys.2018.03.022,10.1145/1348549.1348560,CITES,2007
10.1016/j.knosys.2018.03.022,10.1145/1273496.1273503,CITES,2007
10.1016/j.knosys.2018.03.022,10.1007/978-3-540-72903-7_35,CITES,2007
10.1016/j.knosys.2018.03.022,10.1109/TKDE.2007.46,CITES,2007
10.1016/j.knosys.2018.03.022,10.7551/mitpress/7503.003.0199,CITES,2006
10.1016/j.knosys.2018.03.022,10.1145/1217299.1217301,CITES,2006
10.1016/j.knosys.2018.03.022,10.1145/1101149.1101193,CITES,2005
10.1016/j.knosys.2018.03.022,10.1002/9781118548387,CITES,2005
10.1016/j.knosys.2018.03.022,10.1002/0471667196.ess1206,CITES,2004
10.1016/j.knosys.2018.03.022,10.1002/0471602396.CH14,CITES,2004
10.1016/j.knosys.2018.03.022,10.1145/980972.980992,CITES,2003
10.1016/j.knosys.2018.03.022,10.1145/956863.956972,CITES,2003
10.1016/j.knosys.2018.03.022,10.1016/j.socnet.2004.11.009,CITES,2003
10.1016/j.knosys.2018.03.022,10.1007/978-1-4899-7687-1_100268,CITES,2003
10.1016/j.knosys.2018.03.022,10.1103/PhysRevE.69.026113,CITES,2003
10.1016/j.knosys.2018.03.022,10.1016/S0378-8733(03)00009-1,CITES,2003
10.1016/j.knosys.2018.03.022,10.1109/ICDM.2001.989507,CITES,2001
10.1016/j.knosys.2018.03.022,10.1098/rspb.2001.1800,CITES,2001
10.1016/j.knosys.2018.03.022,10.7551/mitpress/1120.003.0080,CITES,2002
10.1016/j.knosys.2018.03.022,10.1126/SCIENCE.290.5500.2323,CITES,2000
10.1016/j.knosys.2018.03.022,10.1126/SCIENCE.290.5500.2319,CITES,2000
10.1016/j.knosys.2018.03.022,10.1002/1097-024X(200009)30:11%3C1203::AID-SPE338%3E3.0.CO;2-N,CITES,2000
10.1016/j.knosys.2018.03.022,10.1109/CVPR.1997.609407,CITES,1997
10.1016/j.knosys.2018.03.022,10.1109/65.587044,CITES,1997
10.1016/j.knosys.2018.03.022,10.1007/BF01098364,CITES,1994
10.1016/j.knosys.2018.03.022,10.1145/103418.103424,CITES,1991
10.1016/j.knosys.2018.03.022,10.1016/0893-6080(90)90005-6,CITES,1990
10.1016/j.knosys.2018.03.022,10.1109/WVL.1989.77035,CITES,1989
10.1016/j.knosys.2018.03.022,10.1016/0925-7721(94)00014-X,CITES,1988
10.1016/j.knosys.2018.03.022,10.1080/01621459.1987.10478385,CITES,1987
10.1016/j.knosys.2018.03.022,10.1016/0378-8733(83)90021-7,CITES,1983
10.1016/j.knosys.2018.03.022,10.2307/3010642,CITES,1980
10.1016/j.knosys.2018.03.022,10.1016/0005-1098(78)90005-5,CITES,1978
10.1016/j.knosys.2018.03.022,10.1086/jar.33.4.3629752,CITES,1977
10.1016/j.knosys.2018.03.022,10.1137/0713009,CITES,1976
10.1016/j.knosys.2018.03.022,10.1086/226141,CITES,1976
10.1016/j.knosys.2018.03.022,10.1007/BF02289026,CITES,1953
10.1016/j.knosys.2018.03.022,10.1080/14786440109462720,CITES,1901
10.1016/j.knosys.2018.03.022,10.7551/mitpress/11884.003.0005,CITES,2020
10.1016/j.knosys.2018.03.022,10.4018/978-1-4666-9964-9.CH003,CITES,2020
10.1016/j.knosys.2018.03.022,10.1007/978-1-4939-7131-2_100470,CITES,2018
10.1016/j.knosys.2018.03.022,10.1007/978-1-4419-8462-3_9,CITES,2011
10.1016/j.knosys.2018.03.022,10.1007/978-1-4419-8462-3_11,CITES,2011
10.1016/j.knosys.2018.03.022,10.1038/nprot.2009.177,CITES,2009
10.1016/j.knosys.2018.03.022,10.1007/b138283,CITES,2007
10.1016/j.knosys.2018.03.022,10.1109/TPAMI.2007.12,CITES,2007
10.1016/j.knosys.2018.03.022,10.1137/1.9781611972757.25,CITES,2005
10.1016/j.knosys.2018.03.022,10.1109/2945.841119,CITES,2000
10.1016/j.knosys.2018.03.022,10.5169/SEALS-266450,CITES,
10.1109/TKDE.2018.2807452,10.1145/3097983.3098061,CITES,2017
10.1145/3097983.3098061,10.1145/2939672.2939753,CITES,2016
10.1145/3097983.3098061,10.1145/2939672.2939754,CITES,2016
10.1145/3097983.3098061,10.1609/aaai.v30i1.10179,CITES,2016
10.1145/3097983.3098061,10.1145/2736277.2741093,CITES,2015
10.1145/3097983.3098061,10.1145/2623330.2623732,CITES,2014
10.1145/3097983.3098061,10.1145/2500489,CITES,2013
10.1145/3097983.3098061,10.1145/2339530.2339723,CITES,2012
10.1145/3097983.3098061,10.2172/1111134,CITES,2011
10.1145/3097983.3098061,10.1145/2020408.2020596,CITES,2011
10.1145/3097983.3098061,10.5555/1953048.2078187,CITES,2011
10.1145/3097983.3098061,10.1073/pnas.0806627105,CITES,2008
10.1145/3097983.3098061,10.1177/0268580907082260,CITES,2007
10.1145/3097983.3098061,10.1103/PhysRevE.73.026120,CITES,2005
10.1145/3097983.3098061,10.1145/324133.324140,CITES,1999
10.1145/3097983.3098061,10.1086/jar.33.4.3629752,CITES,1977
10.1145/3097983.3098061,10.1016/j.aml.2007.01.006,CITES,2008
10.1145/3097983.3098061,10.1016/0378-8733(78)90014-X,CITES,1978
10.1109/TKDE.2018.2807452,10.1145/3038912.3052558,CITES,2017
10.1145/3038912.3052558,10.1007/978-3-642-03417-6_53,CITES,2009
10.1145/3038912.3052558,10.1145/1148170.1148181,CITES,2006
10.1145/3038912.3052558,10.1145/312624.312681,CITES,1999
10.1145/3038912.3052558,10.3115/v1/D14-1150,CITES,2014
10.1145/3038912.3052558,10.1145/2600428.2600734,CITES,2014
10.1145/3038912.3052558,10.1145/2911451.2914725,CITES,2016
10.1145/3038912.3052558,10.1145/2600428.2609628,CITES,2014
10.1145/3038912.3052558,10.1145/2970398.2970441,CITES,2016
10.1145/3038912.3052558,10.1145/2983323.2983769,CITES,2016
10.1145/3038912.3052558,10.1145/2808194.2809473,CITES,2015
10.1145/3038912.3052558,10.1145/2505515.2505665,CITES,2013
10.1145/3038912.3052558,10.1145/775047.775067,CITES,2002
10.1145/3038912.3052558,10.1561/1500000016,CITES,2009
10.1145/3038912.3052558,10.1007/s10791-015-9267-x,CITES,2015
10.1145/3038912.3052558,10.1145/2911451.2911508,CITES,2016
10.1145/3038912.3052558,10.1145/2740908.2742839,CITES,2015
10.1145/3038912.3052558,10.1145/1401890.1402008,CITES,2008
10.1145/3038912.3052558,10.1145/2766462.2767752,CITES,2015
10.1145/3038912.3052558,10.1145/2835776.2855119,CITES,2016
10.1145/3038912.3052558,10.1145/1148170.1148204,CITES,2006
10.1145/3038912.3052558,10.1145/2806416.2806456,CITES,2015
10.1145/3038912.3052558,10.1145/2808194.2809446,CITES,2015
10.1145/3038912.3052558,10.1145/2970398.2970423,CITES,2016
10.1145/3038912.3052558,10.1145/1571941.1571954,CITES,2009
10.1145/3038912.3052558,10.1007/978-3-540-71703-4_106,CITES,
10.1109/TKDE.2018.2807452,10.1145/3038912.3052575,CITES,2017
10.1145/3038912.3052575,10.1016/S0378-8733(03)00009-1,CITES,2003
10.1145/3038912.3052575,10.1145/1935826.1935914,CITES,2011
10.1145/3038912.3052575,10.1145/2623330.2623733,CITES,2014
10.1145/3038912.3052575,10.1145/1961189.1961194,CITES,2011
10.1145/3038912.3052575,10.1145/2939672.2939754,CITES,2016
10.1145/3038912.3052575,10.1007/978-1-4419-8462-3_9,CITES,2011
10.1145/3038912.3052575,10.1007/s10994-009-5108-8,CITES,2009
10.1145/3038912.3052575,10.1137/1.9781611974348.44,CITES,2016
10.1145/3038912.3052575,10.1145/956863.956972,CITES,2003
10.1145/3038912.3052575,10.1145/1835804.1835837,CITES,2010
10.1145/3038912.3052575,10.1145/2187836.2187883,CITES,2012
10.1145/3038912.3052575,10.1016/j.physa.2010.11.027,CITES,2010
10.1145/3038912.3052575,10.1145/2623330.2623732,CITES,2014
10.1145/3038912.3052575,10.1609/aimag.v29i3.2157,CITES,2008
10.1145/3038912.3052575,10.1145/2124295.2124373,CITES,2012
10.1145/3038912.3052575,10.1145/2736277.2741093,CITES,2015
10.1145/3038912.3052575,10.1007/s10618-010-0181-y,CITES,2011
10.1145/3038912.3052575,10.1109/BigData.2016.7840670,CITES,2016
10.1145/3038912.3052575,10.1137/1.9781611974010.10,CITES,2015
10.1145/3038912.3052575,10.1145/3018661.3018723,CITES,2017
10.1145/3038912.3052575,10.1145/2623330.2623645,CITES,2014
10.1109/TKDE.2018.2807452,10.1145/3038912.3052601,CITES,2017
10.1145/3038912.3052601,10.14778/2536274.2536307,CITES,2013
10.1145/3038912.3052601,10.1109/CVPR.2006.44,CITES,
10.1145/3038912.3052601,10.1145/1645953.1646021,CITES,2009
10.1145/3038912.3052601,10.1145/2020408.2020579,CITES,2011
10.1145/3038912.3052601,10.1109/34.1000236,CITES,2002
10.1145/3038912.3052601,10.1109/ICDE.2015.7113425,CITES,2015
10.1145/3038912.3052601,10.1109/SocialCom-PASSAT.2012.19,CITES,2012
10.1145/3038912.3052601,10.1109/ICDM.2016.0111,CITES,2016
10.1145/3038912.3052601,10.1145/312624.312649,CITES,1999
10.1145/3038912.3052601,10.1145/2187836.2187940,CITES,2012
10.1145/3038912.3052601,10.1145/2872427.2883065,CITES,2016
10.1145/3038912.3052601,10.1371/journal.pone.0131469,CITES,2015
10.1145/3038912.3052601,10.1109/ICDE.2014.6816742,CITES,2014
10.1145/3038912.3052601,10.1145/2556195.2556218,CITES,2014
10.1145/3038912.3052601,10.1145/2820783.2820801,CITES,2015
10.1145/3038912.3052601,10.1007/s11280-011-0120-x,CITES,2011
10.1145/3038912.3052601,10.1145/1135777.1135857,CITES,2006
10.1145/3038912.3052601,10.1109/MDM.2013.27,CITES,2013
10.1145/3038912.3052601,10.1145/2623330.2623732,CITES,2014
10.1145/3038912.3052601,10.1145/1772690.1772777,CITES,2010
10.1145/3038912.3052601,10.1145/1718487.1718522,CITES,2010
10.1145/3038912.3052601,10.1145/2783258.2783307,CITES,2015
10.1145/3038912.3052601,10.1145/2736277.2741093,CITES,2015
10.1145/3038912.3052601,10.1145/1316948.1316967,CITES,2007
10.1145/3038912.3052601,10.1145/1963405.1963443,CITES,2011
10.1145/3038912.3052601,10.1145/2487575.2487576,CITES,2013
10.1145/3038912.3052601,10.1145/3018661.3018680,CITES,2017
10.1145/3038912.3052601,10.14778/2732939.2732949,CITES,2014
10.1145/3038912.3052601,10.1145/2939672.2939793,CITES,2016
10.1145/3038912.3052601,10.1145/2911451.2911519,CITES,2016
10.1145/3038912.3052601,10.1145/2505821.2505825,CITES,2013
10.1145/3038912.3052601,10.1145/2629592,CITES,2014
10.1109/TKDE.2018.2807452,10.1109/TKDE.2016.2632716,CITES,2017
10.1109/TKDE.2016.2632716,10.1103/PhysRevE.74.036104,CITES,2006
10.1109/TKDE.2016.2632716,10.1103/PhysRevE.69.026113,CITES,2003
10.1109/TKDE.2016.2632716,10.1145/1217299.1217301,CITES,2006
10.1109/TKDE.2016.2632716,10.1103/PhysRevE.78.046110,CITES,2008
10.1109/TKDE.2016.2632716,10.1088/1367-2630/11/3/033015,CITES,2009
10.1109/TKDE.2016.2632716,10.1093/acprof:oso/9780199206650.001.0001,CITES,2010
10.1109/TKDE.2016.2632716,10.1126/science.298.5594.824,CITES,2002
10.1109/TKDE.2016.2632716,10.1109/TKDE.2015.2496345,CITES,2016
10.1109/TKDE.2016.2632716,10.1007/s00265-003-0651-y,CITES,2003
10.1109/TKDE.2016.2632716,10.1103/PhysRevE.80.056117,CITES,2009
10.1109/TKDE.2016.2632716,10.1103/PhysRevE.84.066122,CITES,2011
10.1109/TKDE.2016.2632716,10.1145/304181.304187,CITES,1999
10.1109/TKDE.2016.2632716,10.1016/j.physa.2014.01.043,CITES,2014
10.1109/TKDE.2016.2632716,10.1073/pnas.0407994102,CITES,2005
10.1109/TKDE.2016.2632716,10.1038/nphys489,CITES,2007
10.1109/TKDE.2016.2632716,10.1137/100804139,CITES,2011
10.1109/TKDE.2016.2632716,10.1038/35075138,CITES,2001
10.1109/TKDE.2016.2632716,10.1016/j.physa.2013.05.039,CITES,2013
10.1109/TKDE.2016.2632716,10.1086/jar.33.4.3629752,CITES,1977
10.1109/TKDE.2016.2632716,10.1088/1742-5468/2006/11/P11010,CITES,2006
10.1109/TKDE.2016.2632716,10.1088/1367-2630/16/6/063007,CITES,2014
10.1109/TKDE.2016.2632716,10.1073/pnas.0610537104,CITES,2007
10.1109/TKDE.2016.2632716,10.1088/1742-5468/2004/10/P10012,CITES,2004
10.1109/TKDE.2016.2632716,10.1016/j.physrep.2009.11.002,CITES,2010
10.1109/TKDE.2016.2632716,10.1073/pnas.0605965104,CITES,2007
10.1109/TKDE.2016.2632716,10.1016/j.physrep.2013.08.002,CITES,2013
10.1109/TKDE.2016.2632716,10.1073/pnas.122653799,CITES,2002
10.1109/TKDE.2016.2632716,10.1073/pnas.122653799,CITES,2002
10.1109/TKDE.2016.2632716,10.1142/S0219525903001067,CITES,2003
10.1109/TKDE.2016.2632716,10.1088/1742-5468/2008/10/P10008,CITES,2008
10.1109/TKDE.2016.2632716,10.1109/TKDE.2010.271,CITES,2012
10.1109/TKDE.2016.2632716,10.1103/PhysRevE.64.046119,CITES,2001
10.1109/TKDE.2016.2632716,10.1103/PhysRevE.70.066111,CITES,2004
10.1109/TKDE.2016.2632716,10.1109/34.400568,CITES,1995
10.1109/TKDE.2016.2632716,10.1038/30918,CITES,1998
10.1109/TKDE.2016.2632716,10.1109/34.1000236,CITES,2002
10.1109/TKDE.2016.2632716,10.1103/PhysRevE.80.016109,CITES,2009
10.1109/TKDE.2016.2632716,10.1073/pnas.0400054101,CITES,2004
10.1109/TKDE.2016.2632716,10.1073/pnas.0611034104,CITES,2007
10.1109/TKDE.2016.2632716,10.1038/nature03607,CITES,2005
10.1109/TKDE.2016.2632716,10.1038/srep00151,CITES,2011
10.1109/TKDE.2016.2632716,10.1209/0295-5075/106/38001,CITES,2014
10.1109/TKDE.2016.2632716,10.1137/S0097539702419650,CITES,2005
10.1109/TKDE.2018.2807452,10.1109/TKDE.2016.2638425,CITES,2017
10.1109/TKDE.2016.2638425,10.1073/pnas.1031596100,CITES,2003
10.1109/TKDE.2016.2638425,10.1137/S1064827502419154,CITES,2004
10.1109/TKDE.2016.2638425,10.3115/v1/P15-1016,CITES,2015
10.1109/TKDE.2016.2638425,10.18653/v1/D15-1038,CITES,2015
10.1109/TKDE.2016.2638425,10.18653/v1/D15-1191,CITES,2015
10.1109/TKDE.2016.2638425,10.18653/v1/D15-1082,CITES,2015
10.1109/TKDE.2016.2638425,10.1126/science.290.5500.2319,CITES,2000
10.1109/TKDE.2016.2638425,10.3115/v1/N15-1118,CITES,2015
10.1109/TKDE.2016.2638425,10.18653/v1/D15-1031,CITES,2015
10.1109/TKDE.2016.2638425,10.1145/1376616.1376746,CITES,2008
10.1109/TKDE.2016.2638425,10.1145/219717.219748,CITES,1995
10.1109/TKDE.2016.2638425,10.3115/v1/P15-1009,CITES,2015
10.1109/TKDE.2016.2638425,10.1145/1401890.1401969,CITES,2008
10.1109/TKDE.2016.2638425,10.1145/2187836.2187874,CITES,2012
10.1109/TKDE.2016.2638425,10.1109/GlobalSIP.2014.7032187,CITES,2014
10.1109/TKDE.2016.2638425,10.1007/BF02289464,CITES,1966
10.1109/TKDE.2016.2638425,10.1137/07070111X,CITES,2009
10.1109/TKDE.2016.2638425,10.1137/S0895479898346995,CITES,2000
10.1109/TKDE.2016.2638425,10.1007/978-3-642-04930-9_14,CITES,2009
10.1109/TKDE.2016.2638425,10.1109/ICDM.2008.57,CITES,2008
10.1109/TKDE.2016.2638425,10.1007/s10994-013-5363-6,CITES,2014
10.1109/TKDE.2016.2638425,10.3115/v1/D14-1165,CITES,2014
10.1109/TKDE.2016.2638425,10.1126/science.290.5500.2323,CITES,2000
10.1109/TKDE.2016.2638425,10.3233/SW-140134,CITES,2015
10.1109/TKDE.2016.2638425,10.3115/1118735.1118744,CITES,2002
10.1109/TKDE.2016.2638425,10.1162/COLI_a_00164,CITES,2014
10.1109/TKDE.2016.2638425,10.1007/978-3-662-44848-9_11,CITES,2014
10.1109/TKDE.2016.2638425,10.1016/0024-3795(77)90069-6,CITES,1977
10.1109/TKDE.2016.2638425,10.1007/978-3-642-30284-8_16,CITES,2012
10.1109/TKDE.2016.2638425,10.1109/JPROC.2015.2483592,CITES,2016
10.1109/TKDE.2016.2638425,10.1145/1102351.1102484,CITES,2005
10.1109/TKDE.2016.2638425,10.3115/v1/D14-1118,CITES,2014
10.1109/TKDE.2016.2638425,10.1145/1935826.1935877,CITES,2011
10.1109/TKDE.2018.2807452,10.1609/aaai.v31i1.10839,CITES,2017
10.1109/TKDE.2018.2807452,10.1609/aaai.v31i1.10814,CITES,2017
10.1109/TKDE.2018.2807452,10.1609/aaai.v31i1.10878,CITES,2017
10.1109/TKDE.2018.2807452,10.1609/aaai.v31i1.10999,CITES,2017
10.1109/TKDE.2018.2807452,10.1609/aaai.v31i1.10951,CITES,2017
10.1109/TKDE.2018.2807452,10.1609/aaai.v31i1.11067,CITES,2017
10.1109/TKDE.2018.2807452,10.1609/aaai.v31i1.10486,CITES,2017
10.1109/TKDE.2018.2807452,10.1609/aaai.v31i1.10488,CITES,2017
10.1109/TKDE.2018.2807452,10.1109/ICDM.2016.0111,CITES,2016
10.1109/ICDM.2016.0111,10.1145/2736277.2741093,CITES,2015
10.1109/ICDM.2016.0111,10.1145/2783258.2783307,CITES,2015
10.1109/ICDM.2016.0111,10.1126/science.290.5500.2319,CITES,2000
10.1109/ICDM.2016.0111,10.2200/S00433ED1V01Y201207DMK005,CITES,2012
10.1109/ICDM.2016.0111,10.1109/TPAMI.2008.232,CITES,2009
10.1109/ICDM.2016.0111,10.1162/tacl_a_00134,CITES,2015
10.1109/ICDM.2016.0111,10.1007/0-306-47815-3_5,CITES,
10.1109/ICDM.2016.0111,10.1137/1.9781611974010.14,CITES,2015
10.1109/ICDM.2016.0111,10.1007/978-1-4419-8462-3_5,CITES,2011
10.1109/ICDM.2016.0111,10.1145/2783258.2783296,CITES,2015
10.1109/ICDM.2016.0111,10.1145/2623330.2623732,CITES,2014
10.1109/ICDM.2016.0111,10.1016/j.socnet.2009.02.002,CITES,2009
10.1109/ICDM.2016.0111,10.1145/2939672.2939754,CITES,2016
10.1109/ICDM.2016.0111,10.1002/asi.20591,CITES,2007
10.1109/ICDM.2016.0111,10.1145/1718487.1718498,CITES,2010
10.1109/ICDM.2016.0111,10.1145/2020408.2020603,CITES,2011
10.1109/ICDM.2016.0111,10.1145/1143844.1143874,CITES,2006
10.1109/ICDM.2016.0111,10.1145/2623330.2623644,CITES,2014
10.1109/TKDE.2018.2807452,10.1109/ICDM.2016.0072,CITES,2016
10.1109/ICDM.2016.0072,10.1145/2806416.2806512,CITES,2015
10.1109/ICDM.2016.0072,10.1201/9781420036121,CITES,2000
10.1109/ICDM.2016.0072,10.1126/science.290.5500.2319,CITES,2000
10.1109/ICDM.2016.0072,10.1126/science.290.5500.2323,CITES,2000
10.1109/ICDM.2016.0072,10.1007/s10618-010-0210-x,CITES,2011
10.1109/ICDM.2016.0072,10.1145/1645953.1646094,CITES,2009
10.1109/ICDM.2016.0072,10.1007/s11222-007-9033-z,CITES,2007
10.1109/ICDM.2016.0072,10.1103/PhysRevE.74.036104,CITES,2006
10.1109/ICDM.2016.0072,10.1109/SURV.2013.052213.00046,CITES,2014
10.1109/ICDM.2016.0072,10.1609/aimag.v29i3.2157,CITES,2008
10.1109/ICDM.2016.0072,10.1146/annurev.soc.27.1.415,CITES,2001
10.1109/ICDM.2016.0072,10.1016/j.physa.2010.11.027,CITES,2010
10.1109/ICDM.2016.0072,10.1145/1557019.1557109,CITES,2009
10.1109/ICDM.2016.0072,10.1145/2180861.2180866,CITES,2012
10.1109/ICDM.2016.0072,10.1145/2736277.2741093,CITES,2015
10.1109/ICDM.2016.0072,10.1145/2623330.2623732,CITES,2014
10.1109/TKDE.2018.2807452,10.1109/ICDM.2016.0090,CITES,2016
10.1109/ICDM.2016.0090,10.1609/aaai.v30i1.10086,CITES,2016
10.1109/ICDM.2016.0090,10.1145/2370216.2370422,CITES,2012
10.1109/ICDM.2016.0090,10.1002/asi.20591,CITES,2007
10.1109/ICDM.2016.0090,10.1145/1367798.1367810,CITES,2008
10.1109/ICDM.2016.0090,10.1145/1889681.1889684,CITES,2011
10.1109/ICDM.2016.0090,10.1007/s00265-009-0739-0,CITES,2009
10.1109/TKDE.2018.2807452,10.1109/CVPR.2017.576,CITES,2016
10.1109/CVPR.2017.576,10.1109/CVPR.2017.707,CITES,2017
10.1109/CVPR.2017.576,10.1109/MSP.2017.2693418,CITES,2016
10.1109/CVPR.2017.576,10.1007/978-3-319-46466-4_14,CITES,2016
10.1109/CVPR.2017.576,10.1145/2939672.2939754,CITES,2016
10.1109/CVPR.2017.576,10.1111/cgf.12844,CITES,2016
10.1109/CVPR.2017.576,10.1109/CVPR.2016.609,CITES,2016
10.1109/CVPR.2017.576,10.1109/CVPR.2016.171,CITES,2015
10.1109/CVPR.2017.576,10.1145/2806416.2806512,CITES,2015
10.1109/CVPR.2017.576,10.1109/JSTSP.2016.2555239,CITES,2015
10.1109/CVPR.2017.576,10.1111/cgf.12693,CITES,2015
10.1109/CVPR.2017.576,10.1109/EUSIPCO.2015.7362634,CITES,2015
10.1109/CVPR.2017.576,10.1109/ICCV.2015.114,CITES,2015
10.1109/CVPR.2017.576,10.1016/J.ACHA.2014.07.002,CITES,2015
10.1109/CVPR.2017.576,10.1109/ICCV.2015.322,CITES,2015
10.1109/CVPR.2017.576,10.1145/2736277.2741093,CITES,2015
10.1109/CVPR.2017.576,10.1109/ICCVW.2015.112,CITES,2015
10.1109/CVPR.2017.576,10.1007/978-3-319-16220-1_21,CITES,2014
10.1109/CVPR.2017.576,10.1109/CVPR.2014.532,CITES,2014
10.1109/CVPR.2017.576,10.1109/CVPR.2014.491,CITES,2014
10.1109/CVPR.2017.576,10.1109/CVPR.2015.7298801,CITES,2014
10.1109/CVPR.2017.576,10.1145/2623330.2623732,CITES,2014
10.1109/CVPR.2017.576,10.1007/978-3-030-03574-7_5,CITES,2013
10.1109/CVPR.2017.576,10.1016/J.ACHA.2015.02.005,CITES,2013
10.1109/CVPR.2017.576,10.1109/MSP.2012.2235192,CITES,2012
10.1109/CVPR.2017.576,10.1145/2390231.2390238,CITES,2012
10.1109/CVPR.2017.576,10.1109/CVPR.2012.6247671,CITES,2012
10.1109/CVPR.2017.576,10.1109/ICASSP.2012.6288639,CITES,2012
10.1109/CVPR.2017.576,10.1145/1964921.1964974,CITES,2011
10.1109/CVPR.2017.576,10.1007/978-3-642-15558-1_26,CITES,2010
10.1109/CVPR.2017.576,10.1016/J.ACHA.2010.04.005,CITES,2009
10.1109/CVPR.2017.576,10.1016/j.patcog.2008.05.007,CITES,2008
10.1109/CVPR.2017.576,10.1201/b17320-16,CITES,2008
10.1109/CVPR.2017.576,10.1145/1390156.1390303,CITES,2008
10.1109/CVPR.2017.576,10.1109/TPAMI.2007.1115,CITES,2007
10.1109/CVPR.2017.576,10.1109/IJCNN.2005.1555942,CITES,2005
10.1109/CVPR.2017.576,10.1145/1186822.1073207,CITES,2005
10.1109/CVPR.2017.576,10.1162/089976603321780317,CITES,2003
10.1109/CVPR.2017.576,10.1016/S0031-3203(01)00066-8,CITES,2002
10.1109/CVPR.2017.576,10.1109/83.661181,CITES,1998
10.1109/CVPR.2017.576,10.1109/CVPR.1997.609407,CITES,1997
10.1109/CVPR.2017.576,10.1007/978-0-387-73301-2,CITES,2009
10.1109/CVPR.2017.576,10.1109/TNN.2008.2005605,CITES,2009
10.1109/CVPR.2017.576,10.1016/j.acha.2006.04.004,CITES,2004
10.1109/CVPR.2017.576,10.1109/9780470544976.CH9,CITES,2001
10.1109/CVPR.2017.576,10.1109/5.726791,CITES,1998
10.1109/TKDE.2018.2807452,10.1109/MSP.2017.2693418,CITES,2016
10.1109/MSP.2017.2693418,10.1038/scientificamerican06061874-360a,CITES,2021
10.1109/MSP.2017.2693418,10.1016/j.neuroimage.2016.12.061,CITES,2017
10.1109/MSP.2017.2693418,10.1109/ICCV.2017.603,CITES,2017
10.1109/MSP.2017.2693418,10.1007/978-3-319-66182-7_54,CITES,2017
10.1109/MSP.2017.2693418,10.1109/CVPR.2017.697,CITES,2016
10.1109/MSP.2017.2693418,10.1109/CVPR.2017.576,CITES,2016
10.1109/MSP.2017.2693418,10.1111/cgf.12734,CITES,2016
10.1109/MSP.2017.2693418,10.1111/cgf.12844,CITES,2016
10.1109/MSP.2017.2693418,10.1109/CVPR.2016.609,CITES,2016
10.1109/MSP.2017.2693418,10.34385/PROC.29.A3L-E-2-1,CITES,2016
10.1109/MSP.2017.2693418,10.1098/rsta.2015.0203,CITES,2016
10.1109/MSP.2017.2693418,10.1109/cvpr.2016.90,CITES,2015
10.1109/MSP.2017.2693418,10.1109/TPAMI.2015.2408348,CITES,2015
10.1109/MSP.2017.2693418,10.1109/CVPR.2016.171,CITES,2015
10.1109/MSP.2017.2693418,10.1145/2806416.2806512,CITES,2015
10.1109/MSP.2017.2693418,10.1093/IMAIAI/IAW007,CITES,2015
10.1109/MSP.2017.2693418,10.1038/nbt.3300,CITES,2015
10.1109/MSP.2017.2693418,10.1111/cgf.12693,CITES,2015
10.1109/MSP.2017.2693418,10.1109/ICCV.2015.114,CITES,2015
10.1109/MSP.2017.2693418,10.1111/cgf.12558,CITES,2015
10.1109/MSP.2017.2693418,10.1109/ICCV.2015.316,CITES,2015
10.1109/MSP.2017.2693418,10.1162/NECO_a_00824,CITES,2015
10.1109/MSP.2017.2693418,10.1145/2736277.2741093,CITES,2015
10.1109/MSP.2017.2693418,10.1109/ICCVW.2015.112,CITES,2015
10.1109/MSP.2017.2693418,10.1109/TPAMI.2016.2567384,CITES,2014
10.1109/MSP.2017.2693418,10.1007/978-3-319-16220-1_21,CITES,2014
10.1109/MSP.2017.2693418,10.1109/CVPR.2014.532,CITES,2014
10.1109/MSP.2017.2693418,10.1109/CVPR.2015.7298801,CITES,2014
10.1109/MSP.2017.2693418,10.1561/2000000039,CITES,2014
10.1109/MSP.2017.2693418,10.1109/CVPR.2014.220,CITES,2014
10.1109/MSP.2017.2693418,10.1145/2623330.2623732,CITES,2014
10.1109/MSP.2017.2693418,10.1007/978-3-030-03574-7_5,CITES,2013
10.1109/MSP.2017.2693418,10.1109/TPAMI.2012.231,CITES,2013
10.1109/MSP.2017.2693418,10.1016/J.ACHA.2015.02.005,CITES,2013
10.1109/MSP.2017.2693418,10.1145/2461912.2461959,CITES,2013
10.1109/MSP.2017.2693418,10.1145/3065386,CITES,2012
10.1109/MSP.2017.2693418,10.1109/MSP.2012.2235192,CITES,2012
10.1109/MSP.2017.2693418,10.1109/3DIMPVT.2012.46,CITES,2012
10.1109/MSP.2017.2693418,10.1111/cgf.12064,CITES,2012
10.1109/MSP.2017.2693418,10.1109/ASRU.2011.6163930,CITES,2011
10.1109/MSP.2017.2693418,10.1109/IJCNN.2011.6033458,CITES,2011
10.1109/MSP.2017.2693418,10.1145/2020408.2020579,CITES,2011
10.1109/MSP.2017.2693418,10.1145/1964921.1964974,CITES,2011
10.1109/MSP.2017.2693418,10.1145/1935826.1935877,CITES,2011
10.1109/MSP.2017.2693418,10.1002/CPA.21413,CITES,2011
10.1109/MSP.2017.2693418,10.1007/978-3-642-15558-1_26,CITES,2010
10.1109/MSP.2017.2693418,10.1109/TPAMI.2009.167,CITES,2010
10.1109/MSP.2017.2693418,10.1109/ISCAS.2010.5537907,CITES,2010
10.1109/MSP.2017.2693418,10.1109/CVPR.2010.5539838,CITES,2010
10.1109/MSP.2017.2693418,10.1021/ci100050t,CITES,2010
10.1109/MSP.2017.2693418,10.1109/MC.2009.263,CITES,2009
10.1109/MSP.2017.2693418,10.1016/j.physrep.2009.11.002,CITES,2010
10.1109/MSP.2017.2693418,10.1201/b17320-16,CITES,2008
10.1109/MSP.2017.2693418,10.1145/2184319.2184343,CITES,2008
10.1109/MSP.2017.2693418,10.1007/s11222-007-9033-z,CITES,2007
10.1109/MSP.2017.2693418,10.1093/bioinformatics/btl563,CITES,2007
10.1109/MSP.2017.2693418,10.1109/CVPR.2006.100,CITES,2006
10.1109/MSP.2017.2693418,10.1073/pnas.0508601103,CITES,2006
10.1109/MSP.2017.2693418,10.1109/IJCNN.2005.1555942,CITES,2005
10.1109/MSP.2017.2693418,10.1117/12.616931,CITES,2005
10.1109/MSP.2017.2693418,10.1117/12.617822,CITES,2005
10.1109/MSP.2017.2693418,10.1162/089976603321780317,CITES,2003
10.1109/MSP.2017.2693418,10.1162/153244303322533223,CITES,2003
10.1109/MSP.2017.2693418,10.1126/SCIENCE.298.5594.824,CITES,2002
10.1109/MSP.2017.2693418,10.1126/SCIENCE.1069883,CITES,2002
10.1109/MSP.2017.2693418,10.1126/SCIENCE.290.5500.2323,CITES,2000
10.1109/MSP.2017.2693418,10.1016/S0042-6989(97)00169-7,CITES,1997
10.1109/MSP.2017.2693418,10.1017/cbo9780511623783,CITES,1997
10.1109/MSP.2017.2693418,10.1162/neco.1989.1.4.541,CITES,1989
10.1109/MSP.2017.2693418,10.1117/12.952724,CITES,1989
10.1109/MSP.2017.2693418,10.1073/PNAS.79.8.2554,CITES,1982
10.1109/MSP.2017.2693418,10.1021/C160017A018,CITES,1965
10.1109/MSP.2017.2693418,10.1007/BF02415442,CITES,1908
10.1109/MSP.2017.2693418,10.1142/S1793351X16500045,CITES,2016
10.1109/MSP.2017.2693418,10.1109/TPAMI.2013.148,CITES,2014
10.1109/MSP.2017.2693418,10.1145/1899404.1899405,CITES,2011
10.1109/MSP.2017.2693418,10.1109/TNN.2008.2005605,CITES,2009
10.1109/MSP.2017.2693418,10.1007/978-3-7643-8621-4_15,CITES,2008
10.1109/MSP.2017.2693418,10.1016/j.acha.2006.04.006,CITES,2006
10.1109/MSP.2017.2693418,10.1016/j.acha.2006.04.004,CITES,2004
10.1109/MSP.2017.2693418,10.1146/ANNUREV.NEURO.24.1.1193,CITES,2001
10.1109/MSP.2017.2693418,10.1016/b978-0-12-466606-1.x5000-4,CITES,1998
10.1109/MSP.2017.2693418,10.1080/10586458.1993.10504266,CITES,1993
10.1109/MSP.2017.2693418,10.2307/1969989,CITES,1956
10.1109/TKDE.2018.2807452,10.1145/3038912.3052643,CITES,2016
10.1145/3038912.3052643,10.1145/2939672.2939754,CITES,2016
10.1145/3038912.3052643,10.1145/2835776.2835817,CITES,2016
10.1145/3038912.3052643,10.1145/2808797.2809358,CITES,2015
10.1145/3038912.3052643,10.1145/2783258.2783417,CITES,2015
10.1145/3038912.3052643,10.1145/2783258.2783401,CITES,2015
10.1145/3038912.3052643,10.1109/ICDM.2015.79,CITES,2015
10.1145/3038912.3052643,10.1609/icwsm.v9i1.14598,CITES,2015
10.1145/3038912.3052643,10.1145/2736277.2741093,CITES,2015
10.1145/3038912.3052643,10.1609/aaai.v29i1.9164,CITES,2015
10.1145/3038912.3052643,10.3115/v1/P14-1017,CITES,2014
10.1145/3038912.3052643,10.1145/2623330.2623732,CITES,2014
10.1145/3038912.3052643,10.1609/icwsm.v8i1.14530,CITES,2014
10.1145/3038912.3052643,10.1145/2566486.2567997,CITES,2014
10.1145/3038912.3052643,10.1609/aaai.v28i1.8739,CITES,2014
10.1145/3038912.3052643,10.1145/2487575.2487639,CITES,2013
10.1145/3038912.3052643,10.1609/icwsm.v7i1.14392,CITES,2013
10.1145/3038912.3052643,10.1145/2488388.2488505,CITES,2013
10.1145/3038912.3052643,10.1145/2487788.2488017,CITES,2013
10.1145/3038912.3052643,10.1145/3065386,CITES,2012
10.1145/3038912.3052643,10.1145/2396761.2398634,CITES,2012
10.1145/3038912.3052643,10.1145/2187980.2188254,CITES,2012
10.1145/3038912.3052643,10.1073/pnas.1116502109,CITES,2012
10.1145/3038912.3052643,10.1145/2124295.2124320,CITES,2012
10.1145/3038912.3052643,10.5555/1953048.2078187,CITES,2011
10.1145/3038912.3052643,10.1145/1963192.1963301,CITES,2010
10.1145/3038912.3052643,10.1016/j.physrep.2009.11.002,CITES,2010
10.1145/3038912.3052643,10.1088/1742-5468/2008/10/P10008,CITES,2008
10.1145/3038912.3052643,10.1109/ICDM.2005.132,CITES,2005
10.1145/3038912.3052643,10.1162/neco.1997.9.8.1735,CITES,1997
10.1145/3038912.3052643,10.2307/2118364,CITES,1992
10.1145/3038912.3052643,10.1111/J.1540-6261.1992.TB04406.X,CITES,1992
10.1145/3038912.3052643,10.1017/CBO9780511761942,CITES,2010
10.1145/3038912.3052643,10.1007/978-3-540-45167-9_11,CITES,2003
10.1109/TKDE.2018.2807452,10.1609/aaai.v31i1.10677,CITES,2016
10.1609/aaai.v31i1.10677,10.1145/2872518.2889354,CITES,2016
10.1609/aaai.v31i1.10677,10.1609/aaai.v30i1.10329,CITES,2016
10.1609/aaai.v31i1.10677,10.1609/aaai.v30i1.10091,CITES,2015
10.1609/aaai.v31i1.10677,10.1609/aaai.v30i1.10314,CITES,2015
10.1609/aaai.v31i1.10677,10.18653/v1/D15-1034,CITES,2015
10.1609/aaai.v31i1.10677,10.1371/journal.pone.0128193,CITES,2015
10.1609/aaai.v31i1.10677,10.18653/v1/D15-1082,CITES,2015
10.1609/aaai.v31i1.10677,10.1109/JPROC.2015.2483592,CITES,2016
10.1609/aaai.v31i1.10677,10.1609/aaai.v29i1.9491,CITES,2015
10.1609/aaai.v31i1.10677,10.3115/v1/P15-1001,CITES,2014
10.1609/aaai.v31i1.10677,10.1145/2623330.2623623,CITES,2014
10.1609/aaai.v31i1.10677,10.1609/aaai.v28i1.8870,CITES,2014
10.1609/aaai.v31i1.10677,10.1145/2488388.2488425,CITES,2013
10.1609/aaai.v31i1.10677,10.1093/bioinformatics/bts591,CITES,2012
10.1609/aaai.v31i1.10677,10.1145/2187836.2187923,CITES,2012
10.1609/aaai.v31i1.10677,10.1609/aaai.v25i1.7917,CITES,2011
10.1609/aaai.v31i1.10677,10.1007/s10994-010-5205-8,CITES,2010
10.1609/aaai.v31i1.10677,10.1109/ICCV.2009.5459266,CITES,2009
10.1609/aaai.v31i1.10677,10.1103/PHYSREVE.76.046115,CITES,2007
10.1609/aaai.v31i1.10677,10.1016/S0378-8733(03)00009-1,CITES,2003
10.1609/aaai.v31i1.10677,10.1145/775047.775126,CITES,2002
10.1609/aaai.v31i1.10677,10.1145/511446.511513,CITES,2002
10.1609/aaai.v31i1.10677,10.3233/SW-140134,CITES,2015
10.1609/aaai.v31i1.10677,10.1016/J.ARTINT.2012.04.005,CITES,2013
10.1109/TKDE.2018.2807452,10.24963/ijcai.2017/209,CITES,2016
10.24963/ijcai.2017/209,10.18653/v1/N16-1054,CITES,2016
10.24963/ijcai.2017/209,10.1609/aaai.v30i1.10091,CITES,2015
10.24963/ijcai.2017/209,10.1609/aaai.v30i1.10314,CITES,2015
10.24963/ijcai.2017/209,10.18653/v1/D15-1031,CITES,2015
10.24963/ijcai.2017/209,10.1145/2783258.2783353,CITES,2015
10.24963/ijcai.2017/209,10.3115/v1/P15-1067,CITES,2015
10.24963/ijcai.2017/209,10.1609/aaai.v29i1.9491,CITES,2015
10.24963/ijcai.2017/209,10.1145/2694428.2694437,CITES,2014
10.24963/ijcai.2017/209,10.1145/2629489,CITES,2014
10.24963/ijcai.2017/209,10.1609/aaai.v28i1.8870,CITES,2014
10.24963/ijcai.2017/209,10.1007/978-3-662-44848-9_11,CITES,2014
10.24963/ijcai.2017/209,10.3115/v1/E14-1049,CITES,2014
10.24963/ijcai.2017/209,10.18653/v1/d13-1141,CITES,2013
10.24963/ijcai.2017/209,10.18653/v1/d13-1136,CITES,2013
10.24963/ijcai.2017/209,10.1007/s10994-013-5363-6,CITES,2014
10.24963/ijcai.2017/209,10.1145/2187980.2188242,CITES,2012
10.24963/ijcai.2017/209,10.14778/2078331.2078332,CITES,2011
10.24963/ijcai.2017/209,10.14778/2078324.2078329,CITES,2011
10.24963/ijcai.2017/209,10.1609/aaai.v25i1.7917,CITES,2011
10.24963/ijcai.2017/209,10.1145/1871437.1871577,CITES,2010
10.24963/ijcai.2017/209,10.4324/9780429202933,CITES,2009
10.24963/ijcai.2017/209,10.3115/1690219.1690289,CITES,2009
10.24963/ijcai.2017/209,10.1136/ebmh.11.4.102,CITES,2008
10.24963/ijcai.2017/209,10.1145/1390156.1390177,CITES,2008
10.24963/ijcai.2017/209,10.3115/1219840.1219893,CITES,2005
10.24963/ijcai.2017/209,10.3115/1218955.1219009,CITES,2004
10.24963/ijcai.2017/209,10.1016/S0893-6080(03)00138-2,CITES,2003
10.24963/ijcai.2017/209,10.1016/S0140-6736(95)92525-2,CITES,1995
10.24963/ijcai.2017/209,10.1515/9783112485828-009,CITES,1972
10.24963/ijcai.2017/209,10.3115/v1/N15-1104,CITES,2015
10.24963/ijcai.2017/209,10.3233/SW-140134,CITES,2015
10.24963/ijcai.2017/209,10.1007/978-3-642-35085-6_6,CITES,2013
10.24963/ijcai.2017/209,10.1007/978-3-642-45055-6_5,CITES,2008
10.1109/TKDE.2018.2807452,10.4236/IJCNS.2016.911041,CITES,2016
10.4236/IJCNS.2016.911041,10.1109/ACCESS.2016.2553681,CITES,2016
10.4236/IJCNS.2016.911041,10.1109/TVT.2015.2409815,CITES,2016
10.4236/IJCNS.2016.911041,10.1186/s41043-016-0045-1,CITES,2016
10.4236/IJCNS.2016.911041,10.1145/2806416.2806512,CITES,2015
10.4236/IJCNS.2016.911041,10.1007/978-3-319-19342-7,CITES,2015
10.4236/IJCNS.2016.911041,10.1109/ITSC.2015.141,CITES,2015
10.4236/IJCNS.2016.911041,10.1145/2783258.2783307,CITES,2015
10.4236/IJCNS.2016.911041,10.1145/2743025,CITES,2015
10.4236/IJCNS.2016.911041,10.1145/2736277.2741093,CITES,2015
10.4236/IJCNS.2016.911041,10.1145/2736277.2741627,CITES,2014
10.4236/IJCNS.2016.911041,10.1145/2661829.2661983,CITES,2014
10.4236/IJCNS.2016.911041,10.3115/v1/D14-1162,CITES,2014
10.4236/IJCNS.2016.911041,10.1109/BigData.2014.7004260,CITES,2014
10.4236/IJCNS.2016.911041,10.1007/s10115-014-0763-x,CITES,2014
10.4236/IJCNS.2016.911041,10.1007/978-3-319-06608-0_44,CITES,2014
10.4236/IJCNS.2016.911041,10.1145/2623330.2623732,CITES,2014
10.4236/IJCNS.2016.911041,10.1109/TPAMI.2013.50,CITES,2013
10.4236/IJCNS.2016.911041,10.1007/s10109-012-0166-z,CITES,2012
10.4236/IJCNS.2016.911041,10.1145/2030112.2030152,CITES,2011
10.4236/IJCNS.2016.911041,10.1145/2030112.2030126,CITES,2011
10.4236/IJCNS.2016.911041,10.1007/978-3-642-14715-9_3,CITES,2010
10.4236/IJCNS.2016.911041,10.1371/journal.pone.0015923,CITES,2010
10.1109/TKDE.2018.2807452,10.1145/2964284.2967257,CITES,2016
10.1145/2964284.2967257,10.1145/2814815.2816986,CITES,2015
10.1145/2964284.2967257,10.1109/43.310898,CITES,1994
10.1145/2964284.2967257,10.7551/mitpress/9780262033589.001.0001,CITES,2006
10.1145/2964284.2967257,10.1109/MMUL.2015.60,CITES,2015
10.1145/2964284.2967257,10.1145/1873951.1874196,CITES,2010
10.1145/2964284.2967257,10.1109/ICCV.2011.6126506,CITES,2011
10.1145/2964284.2967257,10.1145/2911996.2912020,CITES,2016
10.1145/2964284.2967257,10.1109/34.868688,CITES,2000
10.1145/2964284.2967257,10.1109/ICME.2016.7552968,CITES,2016
10.1145/2964284.2967257,10.1145/2812802,CITES,2016
10.1145/2964284.2967257,10.1145/2736277.2741634,CITES,2015
10.1145/2964284.2967257,10.1109/TPAMI.2011.177,CITES,2012
10.1145/2964284.2967257,10.1109/CVPR.2011.5995393,CITES,2011
10.1145/2964284.2967257,10.1371/journal.pone.0082146,CITES,2013
10.1109/TKDE.2018.2807452,10.1145/2968219.2968416,CITES,2016
10.1145/2968219.2968416,10.1109/TPAMI.2013.50,CITES,2013
10.1145/2968219.2968416,10.1145/1961189.1961199,CITES,2011
10.1145/2968219.2968416,10.1016/j.trc.2014.05.012,CITES,2014
10.1145/2968219.2968416,10.1007/978-3-319-19342-7,CITES,2015
10.1145/2968219.2968416,10.1145/2623330.2623732,CITES,2014
10.1145/2968219.2968416,10.1145/2750858.2807527,CITES,2015
10.1145/2968219.2968416,10.1109/ITSC.2015.141,CITES,2015
10.1145/2968219.2968416,10.1145/2346496.2346519,CITES,2012
10.1145/2968219.2968416,10.1145/2783258.2783307,CITES,2015
10.1145/2968219.2968416,10.1145/2736277.2741093,CITES,2015
10.1145/2968219.2968416,10.1007/s10115-014-0763-x,CITES,2014
10.1145/2968219.2968416,10.1109/TVT.2015.2500902,CITES,2016
10.1145/2968219.2968416,10.1145/1409635.1409677,CITES,2008
10.1109/TKDE.2018.2807452,10.1145/2939672.2939753,CITES,2016
10.1145/2939672.2939753,10.1162/089976603321780317,CITES,2003
10.1145/2939672.2939753,10.1561/2200000006,CITES,2009
10.1145/2939672.2939753,10.1109/TPAMI.2013.50,CITES,2013
10.1145/2939672.2939753,10.1145/2806416.2806512,CITES,2015
10.1145/2939672.2939753,10.1145/2783258.2783296,CITES,2015
10.1145/2939672.2939753,10.1109/MSP.2012.2205597,CITES,2012
10.1145/2939672.2939753,10.1162/neco.2006.18.7.1527,CITES,2006
10.1145/2939672.2939753,10.1145/1864708.1864736,CITES,2010
10.1145/2939672.2939753,10.1145/1217299.1217301,CITES,2006
10.1145/2939672.2939753,10.1109/TPAMI.2015.2456899,CITES,2016
10.1145/2939672.2939753,10.1145/2623330.2623732,CITES,2014
10.1145/2939672.2939753,10.1126/science.290.5500.2323,CITES,2000
10.1145/2939672.2939753,10.1016/j.ijar.2008.11.006,CITES,2009
10.1145/2939672.2939753,10.1145/1553374.1553494,CITES,2009
10.1145/2939672.2939753,10.1145/2736277.2741093,CITES,2015
10.1145/2939672.2939753,10.1145/1557019.1557109,CITES,2009
10.1145/2939672.2939753,10.1145/1645953.1646094,CITES,2009
10.1145/2939672.2939753,10.1126/science.290.5500.2319,CITES,2000
10.1145/2939672.2939753,10.1109/TPAMI.2015.2417578,CITES,2015
10.1109/TKDE.2018.2807452,10.1145/2939672.2939673,CITES,2016
10.1145/2939672.2939673,10.1016/j.knosys.2013.03.012,CITES,2013
10.1145/2939672.2939673,10.1109/MIS.2013.45,CITES,2013
10.1145/2939672.2939673,10.1145/2736277.2741667,CITES,2015
10.1145/2939672.2939673,10.1145/2043932.2043989,CITES,2011
10.1145/2939672.2939673,10.1145/2505515.2505665,CITES,2013
10.1145/2939672.2939673,10.1145/2623330.2623638,CITES,2014
10.1145/2939672.2939673,10.1145/2740908.2742141,CITES,2015
10.1145/2939672.2939673,10.1145/2168752.2168771,CITES,2012
10.1145/2939672.2939673,10.1007/978-3-642-33347-7_24,CITES,2012
10.1145/2939672.2939673,10.1145/2740908.2742019,CITES,2015
10.1145/2939672.2939673,10.1145/2020408.2020480,CITES,2011
10.1145/2939672.2939673,10.1145/2783258.2783273,CITES,2015
10.1145/2939672.2939673,10.1145/2556195.2556259,CITES,2014
10.1145/2939672.2939673,10.1145/2339530.2339611,CITES,2012
10.1109/TKDE.2018.2807452,10.1145/2939672.2939751,CITES,2016
10.1145/2939672.2939751,10.1145/2806416.2806512,CITES,2015
10.1145/2939672.2939751,10.1109/ICDM.2014.115,CITES,2014
10.1145/2939672.2939751,10.1609/icwsm.v4i1.14024,CITES,2010
10.1145/2939672.2939751,10.1111/j.1469-1809.1936.tb02137.x,CITES,1936
10.1145/2939672.2939751,10.1109/TPAMI.2005.55,CITES,2005
10.1145/2939672.2939751,10.1016/j.laa.2009.03.003,CITES,2009
10.1145/2939672.2939751,10.1007/s10588-008-9040-4,CITES,2009
10.1145/2939672.2939751,10.1145/775047.775126,CITES,2002
10.1145/2939672.2939751,10.1007/BF02289026,CITES,1953
10.1145/2939672.2939751,10.1145/1081870.1081893,CITES,2005
10.1145/2939672.2939751,10.1016/j.sigpro.2014.12.019,CITES,2015
10.1145/2939672.2939751,10.1137/0718026,CITES,1981
10.1145/2939672.2939751,10.3115/v1/D14-1162,CITES,2014
10.1145/2939672.2939751,10.1145/2623330.2623732,CITES,2014
10.1145/2939672.2939751,10.1126/science.290.5500.2323,CITES,2000
10.1145/2939672.2939751,10.1111/j.1467-9531.2006.00176.x,CITES,2006
10.1145/2939672.2939751,10.1145/1644893.1644932,CITES,2009
10.1145/2939672.2939751,10.1145/2487788.2487987,CITES,2013
10.1145/2939672.2939751,10.1145/2736277.2741093,CITES,2015
10.1145/2939672.2939751,10.1126/science.290.5500.2319,CITES,2000
10.1145/2939672.2939751,10.1080/01621459.1987.10478385,CITES,1987
10.1145/2939672.2939751,10.1145/1277741.1277825,CITES,2007
10.1109/TKDE.2018.2807452,10.18653/v1/P16-1095,CITES,2016
10.18653/v1/P16-1095,10.1145/2736277.2741093,CITES,2015
10.18653/v1/P16-1095,10.1016/j.socnet.2014.05.002,CITES,2014
10.18653/v1/P16-1095,10.1145/2623330.2623732,CITES,2014
10.18653/v1/P16-1095,10.1145/2487575.2487610,CITES,2013
10.18653/v1/P16-1095,10.1145/2020408.2020512,CITES,2011
10.18653/v1/P16-1095,10.1007/s10618-010-0210-x,CITES,2011
10.18653/v1/P16-1095,10.1109/ASONAM.2010.19,CITES,2010
10.18653/v1/P16-1095,10.1145/1645953.1646094,CITES,2009
10.18653/v1/P16-1095,10.1145/1557019.1557109,CITES,2009
10.18653/v1/P16-1095,10.1007/978-3-642-14929-0_1,CITES,2008
10.18653/v1/P16-1095,10.1145/1401890.1401925,CITES,2008
10.18653/v1/P16-1095,10.5555/1756006.1859891,CITES,2008
10.18653/v1/P16-1095,10.5555/1390681.1442794,CITES,2008
10.18653/v1/P16-1095,10.1109/FOCS.2006.44,CITES,2006
10.18653/v1/P16-1095,10.1145/1090193.1090201,CITES,2005
10.18653/v1/P16-1095,10.1016/S0378-8733(03)00009-1,CITES,2003
10.18653/v1/P16-1095,10.1198/016214502388618906,CITES,2002
10.18653/v1/P16-1095,10.1023/A:1009982220290,CITES,1999
10.18653/v1/P16-1095,10.1109/TPAMI.1984.4767596,CITES,1984
10.18653/v1/P16-1095,10.1086/jar.33.4.3629752,CITES,1977
10.18653/v1/P16-1095,10.1016/s1062-1458(04)00686-5,CITES,2021
10.18653/v1/P16-1095,10.5555/2503308.2503315,CITES,2012
10.18653/v1/P16-1095,10.1137/1.9781611972825.71,CITES,2012
10.18653/v1/P16-1095,10.7551/mitpress/7432.001.0001,CITES,2007
10.18653/v1/P16-1095,10.21236/ada452802,CITES,2003
10.1109/TKDE.2018.2807452,10.1109/IJCNN.2016.7727520,CITES,2016
10.1109/IJCNN.2016.7727520,10.1080/00223980.1946.9917275,CITES,1946
10.1109/IJCNN.2016.7727520,10.1145/1526709.1526806,CITES,2009
10.1109/IJCNN.2016.7727520,10.2307/2298123,CITES,1993
10.1109/IJCNN.2016.7727520,10.1007/s10618-010-0210-x,CITES,2011
10.1109/IJCNN.2016.7727520,10.1136/tobaccocontrol-2014-051830,CITES,2014
10.1109/IJCNN.2016.7727520,10.1016/j.drugalcdep.2014.12.030,CITES,2015
10.1109/IJCNN.2016.7727520,10.1145/2567948.2577346,CITES,2014
10.1109/IJCNN.2016.7727520,10.1145/2009916.2009946,CITES,2011
10.1109/IJCNN.2016.7727520,10.1145/2645710.2645765,CITES,2014
10.1109/IJCNN.2016.7727520,10.1145/1935826.1935882,CITES,2011
10.1109/IJCNN.2016.7727520,10.1145/2806416.2806514,CITES,2015
10.1109/IJCNN.2016.7727520,10.1145/2499380,CITES,2014
10.1109/IJCNN.2016.7727520,10.1109/IJCNN.2012.6252458,CITES,2012
10.1109/IJCNN.2016.7727520,10.7748/ns.29.15.32.s37,CITES,2014
10.1109/IJCNN.2016.7727520,10.1145/2623330.2623732,CITES,2014
10.1109/IJCNN.2016.7727520,10.1145/2740908.2743049,CITES,2015
10.1109/IJCNN.2016.7727520,10.1016/j.dss.2011.12.003,CITES,2012
10.1109/IJCNN.2016.7727520,10.3390/ijerph121114916,CITES,2015
10.1109/IJCNN.2016.7727520,10.1038/srep10060,CITES,2015
10.1109/IJCNN.2016.7727520,10.1016/j.dss.2009.02.013,CITES,2009
10.1109/IJCNN.2016.7727520,10.1109/MIS.2007.41,CITES,2007
10.1109/IJCNN.2016.7727520,10.1186/1471-2458-14-1028,CITES,2014
10.1109/IJCNN.2016.7727520,10.1002/aris.2008.1440420117,CITES,2008
10.1109/IJCNN.2016.7727520,10.1016/j.dss.2013.02.007,CITES,2013
10.1109/IJCNN.2016.7727520,10.1145/1961209.1961212,CITES,2011
10.1109/IJCNN.2016.7727520,10.1109/TPAMI.2013.50,CITES,2013
10.1109/IJCNN.2016.7727520,10.1145/1390156.1390177,CITES,2008
10.1109/IJCNN.2016.7727520,10.1109/TASL.2011.2134090,CITES,2012
10.1109/TKDE.2018.2807452,10.1145/2911451.2914740,CITES,2016
10.1145/2911451.2914740,10.1145/2124295.2124317,CITES,2012
10.1145/2911451.2914740,10.1109/ICDM.2008.16,CITES,2008
10.1145/2911451.2914740,10.1145/2623330.2623732,CITES,2014
10.1145/2911451.2914740,10.3115/v1/P15-1014,CITES,2015
10.1145/2911451.2914740,10.1145/2736277.2741093,CITES,2015
10.1145/2911451.2914740,10.1145/1963405.1963481,CITES,2011
10.1109/TKDE.2018.2807452,10.1145/2939672.2939754,CITES,2016
10.1145/2939672.2939754,10.1137/1.9781611974010.51,CITES,2015
10.1145/2939672.2939754,10.1145/2806416.2806512,CITES,2015
10.1145/2939672.2939754,10.1145/2736277.2741093,CITES,2015
10.1145/2939672.2939754,10.1109/ICDM.2014.22,CITES,2014
10.1145/2939672.2939754,10.1109/JPROC.2014.2364018,CITES,2014
10.1145/2939672.2939754,10.3115/v1/D14-1162,CITES,2014
10.1145/2939672.2939754,10.1609/aaai.v28i1.8916,CITES,2014
10.1145/2939672.2939754,10.1145/2623330.2623732,CITES,2014
10.1145/2939672.2939754,10.1038/nmeth.2340,CITES,2013
10.1145/2939672.2939754,10.1093/nar/gks1158,CITES,2012
10.1145/2939672.2939754,10.1145/2339530.2339723,CITES,2012
10.1145/2939672.2939754,10.1109/TPAMI.2013.50,CITES,2013
10.1145/2939672.2939754,10.1145/2020408.2020512,CITES,2011
10.1145/2939672.2939754,10.1093/bioinformatics/btr260,CITES,2011
10.1145/2939672.2939754,10.1038/NPRE.2011.5627.1,CITES,2011
10.1145/2939672.2939754,10.1007/s10618-010-0210-x,CITES,2011
10.1145/2939672.2939754,10.1145/1935826.1935914,CITES,2011
10.1145/2939672.2939754,10.1016/j.physrep.2009.11.002,CITES,2010
10.1145/2939672.2939754,10.1136/ebmh.11.4.102,CITES,2008
10.1145/2939672.2939754,10.1007/978-3-642-14929-0_1,CITES,2008
10.1145/2939672.2939754,10.1093/nar/gkm1001,CITES,2007
10.1145/2939672.2939754,10.4018/jdwm.2007070101,CITES,2007
10.1145/2939672.2939754,10.1016/S0378-8733(03)00009-1,CITES,2003
10.1145/2939672.2939754,10.1145/780542.780599,CITES,2003
10.1145/2939672.2939754,10.3115/1073445.1073478,CITES,2003
10.1145/2939672.2939754,10.1198/016214502388618906,CITES,2002
10.1145/2939672.2939754,10.7551/mitpress/1120.003.0080,CITES,2002
10.1145/2939672.2939754,10.1126/SCIENCE.290.5500.2323,CITES,2000
10.1145/2939672.2939754,10.1126/SCIENCE.290.5500.2319,CITES,2000
10.1145/2939672.2939754,10.1137/1.9781611973440.33,CITES,2014
10.1145/2939672.2939754,10.1017/CBO9781139207249.009,CITES,2012
10.1145/2939672.2939754,10.1109/TPAMI.2007.12,CITES,2007
10.1109/TKDE.2018.2807452,10.1007/s13735-016-0102-y,CITES,2016
10.1007/s13735-016-0102-y,10.1145/1935826.1935845,CITES,2011
10.1007/s13735-016-0102-y,10.1109/ICDM.2012.122,CITES,2012
10.1007/s13735-016-0102-y,10.1561/2200000006,CITES,2009
10.1007/s13735-016-0102-y,10.1145/2600428.2609616,CITES,2014
10.1007/s13735-016-0102-y,10.1609/aaai.v25i1.7917,CITES,2011
10.1007/s13735-016-0102-y,10.1609/icwsm.v4i1.14033,CITES,2010
10.1007/s13735-016-0102-y,10.1145/502512.502525,CITES,2001
10.1007/s13735-016-0102-y,10.1007/978-3-540-72348-6_9,CITES,
10.1007/s13735-016-0102-y,10.1023/A:1011122126881,CITES,2001
10.1007/s13735-016-0102-y,10.1145/1835804.1835933,CITES,2010
10.1007/s13735-016-0102-y,10.1145/1718487.1718518,CITES,2010
10.1007/s13735-016-0102-y,10.1145/1963192.1963217,CITES,2011
10.1007/s13735-016-0102-y,10.1145/511446.511513,CITES,2002
10.1007/s13735-016-0102-y,10.1145/956750.956769,CITES,2003
10.1007/s13735-016-0102-y,10.1145/1772690.1772751,CITES,2010
10.1007/s13735-016-0102-y,10.1145/2492517.2492614,CITES,2013
10.1007/s13735-016-0102-y,10.1109/TKDE.2013.106,CITES,2014
10.1007/s13735-016-0102-y,10.1145/1871437.1871467,CITES,2010
10.1007/s13735-016-0102-y,10.1145/2623330.2623732,CITES,2014
10.1007/s13735-016-0102-y,10.1016/S0893-6080(98)00116-6,CITES,1999
10.1007/s13735-016-0102-y,10.1145/775047.775057,CITES,2002
10.1007/s13735-016-0102-y,10.1016/j.chb.2015.01.005,CITES,2015
10.1007/s13735-016-0102-y,10.1145/1557019.1557108,CITES,2009
10.1007/s13735-016-0102-y,10.1145/1557019.1557109,CITES,2009
10.1007/s13735-016-0102-y,10.1145/2623330.2623728,CITES,2014
10.1007/s13735-016-0102-y,10.1145/1718487.1718520,CITES,2010
10.1007/s13735-016-0102-y,10.1109/TKDE.2015.2419659,CITES,2015
10.1109/TKDE.2018.2807452,10.1016/j.neucom.2015.07.128,CITES,2016
10.1016/j.neucom.2015.07.128,10.1109/CVPR.2010.5540120,CITES,2010
10.1016/j.neucom.2015.07.128,10.1109/TCYB.2014.2307862,CITES,2014
10.1016/j.neucom.2015.07.128,10.1109/TCYB.2013.2265601,CITES,2014
10.1016/j.neucom.2015.07.128,10.1109/TIP.2012.2207397,CITES,2012
10.1016/j.neucom.2015.07.128,10.1145/1878137.1878142,CITES,2010
10.1016/j.neucom.2015.07.128,10.1109/TIP.2012.2190083,CITES,2012
10.1016/j.neucom.2015.07.128,10.1037/h0071325,CITES,1933
10.1016/j.neucom.2015.07.128,10.1126/science.290.5500.2323,CITES,2000
10.1016/j.neucom.2015.07.128,10.7551/mitpress/1120.003.0080,CITES,2002
10.1016/j.neucom.2015.07.128,10.1109/JPROC.2012.2197809,CITES,2012
10.1016/j.neucom.2015.07.128,10.1016/j.neucom.2015.06.046,CITES,2016
10.1016/j.neucom.2015.07.128,10.1007/BF02289565,CITES,1964
10.1016/j.neucom.2015.07.128,10.1073/pnas.1031596100,CITES,2003
10.1016/j.neucom.2015.07.128,10.1109/ICCV.2005.167,CITES,2005
10.1016/j.neucom.2015.07.128,10.1016/j.neucom.2014.03.014,CITES,2014
10.1016/j.neucom.2015.07.128,10.1038/nn.3776,CITES,2014
10.1016/j.neucom.2015.07.128,10.1162/089976698300017467,CITES,1998
10.1016/j.neucom.2015.07.128,10.1145/1015330.1015417,CITES,2004
10.1016/j.neucom.2015.07.128,10.1145/1015330.1015345,CITES,2004
10.1016/j.neucom.2015.07.128,10.1016/j.compmedimag.2014.06.001,CITES,2015
10.1016/j.neucom.2015.07.128,10.1016/j.neucom.2013.11.045,CITES,2015
10.1016/j.neucom.2015.07.128,10.1109/TCSVT.2012.2202075,CITES,2012
10.1016/j.neucom.2015.07.128,10.1016/j.patcog.2012.07.018,CITES,2013
10.1016/j.neucom.2015.07.128,10.1016/j.ymeth.2014.10.016,CITES,2015
10.1016/j.neucom.2015.07.128,10.1109/TIP.2015.2405474,CITES,2015
10.1016/j.neucom.2015.07.128,10.1016/j.neucom.2004.08.006,CITES,2005
10.1016/j.neucom.2015.07.128,10.1109/TPAMI.2007.250598,CITES,2007
10.1016/j.neucom.2015.07.128,10.1016/j.patcog.2012.02.005,CITES,2012
10.1016/j.neucom.2015.07.128,10.1016/j.neucom.2014.11.012,CITES,2015
10.1016/j.neucom.2015.07.128,10.1109/TMM.2012.2199970,CITES,2013
10.1016/j.neucom.2015.07.128,10.1016/j.cviu.2014.04.001,CITES,2014
10.1016/j.neucom.2015.07.128,10.1109/TPAMI.2013.231,CITES,2014
10.1016/j.neucom.2015.07.128,10.1109/ICIP.2014.7025825,CITES,2014
10.1016/j.neucom.2015.07.128,10.1609/aaai.v28i1.9000,CITES,2014
10.1016/j.neucom.2015.07.128,10.1109/TIP.2006.881945,CITES,2006
10.1016/j.neucom.2015.07.128,10.1198/106186006X94072,CITES,2006
10.1016/j.neucom.2015.07.128,10.1109/TCYB.2014.2307067,CITES,2014
10.1016/j.neucom.2015.07.128,10.1145/2499926.2492690,CITES,2013
10.1016/j.neucom.2015.07.128,10.1109/TIP.2012.2231088,CITES,2013
10.1016/j.neucom.2015.07.128,10.1145/2578726.2578736,CITES,2014
10.1016/j.neucom.2015.07.128,10.1016/j.patcog.2014.09.002,CITES,2015
10.1109/TKDE.2018.2807452,10.1609/aaai.v31i1.10952,CITES,2016
10.1609/aaai.v31i1.10952,10.1609/aaai.v30i1.10329,CITES,2016
10.1609/aaai.v31i1.10952,10.1145/2806416.2806502,CITES,2015
10.1609/aaai.v31i1.10952,10.18653/v1/P16-1219,CITES,2016
10.1609/aaai.v31i1.10952,10.18653/v1/D15-1031,CITES,2015
10.1609/aaai.v31i1.10952,10.3115/v1/P15-1009,CITES,2015
10.1609/aaai.v31i1.10952,10.3115/v1/P15-1067,CITES,2015
10.1609/aaai.v31i1.10952,10.18653/v1/D15-1082,CITES,2015
10.1609/aaai.v31i1.10952,10.3115/v1/N15-1054,CITES,2015
10.1609/aaai.v31i1.10952,10.1609/aaai.v29i1.9491,CITES,2015
10.1609/aaai.v31i1.10952,10.3115/v1/D14-1167,CITES,2014
10.1609/aaai.v31i1.10952,10.1609/aaai.v28i1.8870,CITES,2014
10.1609/aaai.v31i1.10952,10.1145/2133806.2133826,CITES,2012
10.1609/aaai.v31i1.10952,10.1609/aaai.v25i1.7917,CITES,2011
10.1609/aaai.v31i1.10952,10.1145/1376616.1376746,CITES,2008
10.1609/aaai.v31i1.10952,10.1145/219717.219748,CITES,1995
10.1109/TKDE.2018.2807452,10.1145/2939672.2939822,CITES,2016
10.1145/2939672.2939822,10.1109/TKDE.2017.2721942,CITES,2017
10.1145/2939672.2939822,10.1145/2783258.2783362,CITES,2015
10.1145/2939672.2939822,10.1145/2783258.2783307,CITES,2015
10.1145/2939672.2939822,10.3115/v1/P15-2048,CITES,2015
10.1145/2939672.2939822,10.3115/v1/P15-1125,CITES,2015
10.1145/2939672.2939822,10.1145/2740908.2742737,CITES,2015
10.1145/2939672.2939822,10.1145/2736277.2741093,CITES,2015
10.1145/2939672.2939822,10.1109/TKDE.2014.2327028,CITES,2015
10.1145/2939672.2939822,10.1145/2623330.2623623,CITES,2014
10.1145/2939672.2939822,10.1145/2623330.2623677,CITES,2014
10.1145/2939672.2939822,10.3115/v1/P14-5010,CITES,2014
10.1145/2939672.2939822,10.3115/v1/E14-4040,CITES,2014
10.1145/2939672.2939822,10.1145/2623330.2623732,CITES,2014
10.1145/2939672.2939822,10.1007/s10115-013-0675-1,CITES,2013
10.1145/2939672.2939822,10.1609/aaai.v26i1.8122,CITES,2012
10.1145/2939672.2939822,10.5555/1953048.2021049,CITES,2011
10.1145/2939672.2939822,10.1136/ebmh.11.4.102,CITES,2008
10.1145/2939672.2939822,10.1145/1401890.1401958,CITES,2008
10.1145/2939672.2939822,10.1145/1273496.1273598,CITES,2007
10.1145/2939672.2939822,10.1023/A:1017501703105,CITES,2001
10.1145/2939672.2939822,10.1075/LI.30.1.03NAD,CITES,2007
10.1145/2939672.2939822,10.1007/978-94-017-6059-1_36,CITES,1954
10.1109/TKDE.2018.2807452,10.1609/aaai.v30i1.10179,CITES,2016
10.1109/TKDE.2018.2807452,10.1609/aaai.v30i1.9972,CITES,2016
10.1109/TKDE.2018.2807452,10.1609/aaai.v30i1.10089,CITES,2016
10.1109/TKDE.2018.2807452,10.1609/aaai.v30i1.10329,CITES,2016
10.1109/TKDE.2018.2807452,10.1109/TIP.2015.2507401,CITES,2016
10.1109/TIP.2015.2507401,10.1145/582415.582418,CITES,2002
10.1109/TIP.2015.2507401,10.1145/2647868.2656404,CITES,2014
10.1109/TIP.2015.2507401,10.1145/2647868.2654889,CITES,2014
10.1109/TIP.2015.2507401,10.1162/089976603321780317,CITES,2003
10.1109/TIP.2015.2507401,10.1145/2647868.2656402,CITES,2014
10.1109/TIP.2015.2507401,10.1109/TMM.2008.917359,CITES,2008
10.1109/TIP.2015.2507401,10.1109/TMM.2013.2291214,CITES,2014
10.1109/TIP.2015.2507401,10.1145/2623330.2623732,CITES,2014
10.1109/TIP.2015.2507401,10.1109/TCYB.2014.2356136,CITES,2015
10.1109/TIP.2015.2507401,10.1109/TCSVT.2009.2017400,CITES,2009
10.1109/TIP.2015.2507401,10.1109/TIP.2012.2207397,CITES,2012
10.1109/TIP.2015.2507401,10.1145/1101149.1101236,CITES,2005
10.1109/TIP.2015.2507401,10.1162/0899766042321814,CITES,2004
10.1109/TIP.2015.2507401,10.1109/CVPR.2012.6247923,CITES,2012
10.1109/TIP.2015.2507401,10.1145/2484028.2484039,CITES,2013
10.1109/TIP.2015.2507401,10.1145/2502081.2502097,CITES,2013
10.1109/TIP.2015.2507401,10.1145/1873951.1873987,CITES,2010
10.1109/TIP.2015.2507401,10.1002/asi.22742,CITES,2012
10.1109/TIP.2015.2507401,10.1109/TPAMI.2007.70791,CITES,2008
10.1109/TIP.2015.2507401,10.1145/2600428.2609568,CITES,2014
10.1109/TIP.2015.2507401,10.1145/2502081.2502283,CITES,2013
10.1109/TIP.2015.2507401,10.1109/TIP.2015.2403240,CITES,2015
10.1109/TIP.2015.2507401,10.1145/775047.775067,CITES,2002
10.1109/TIP.2015.2507401,10.1145/1277741.1277784,CITES,2007
10.1109/TIP.2015.2507401,10.1145/2502081.2508127,CITES,2013
10.1109/TIP.2015.2507401,10.1109/TPAMI.2008.121,CITES,2008
10.1109/TIP.2015.2507401,10.1145/2647868.2655001,CITES,2014
10.1109/TKDE.2018.2807452,10.1109/ICCV.2015.486,CITES,2015
10.1109/ICCV.2015.486,10.1145/2020408.2020480,CITES,2011
10.1109/ICCV.2015.486,10.1023/A:1011419012209,CITES,2001
10.1109/ICCV.2015.486,10.1109/ICDM.2008.22,CITES,2008
10.1109/ICCV.2015.486,10.1145/2647868.2654889,CITES,2014
10.1109/ICCV.2015.486,10.1109/MC.2009.263,CITES,2009
10.1109/ICCV.2015.486,10.1023/B:VISI.0000029664.99615.94,CITES,2004
10.1109/ICCV.2015.486,10.1155/2009/421425,CITES,2009
10.1109/ICCV.2015.486,10.1007/978-3-642-17551-0_9,CITES,2011
10.1109/ICCV.2015.486,10.1561/2200000006,CITES,2009
10.1109/ICCV.2015.486,10.1109/CVPR.2005.177,CITES,2005
10.1109/ICCV.2015.486,10.1145/1557019.1557109,CITES,2009
10.1109/ICCV.2015.486,10.1103/PhysRevE.70.066111,CITES,2004
10.1109/ICCV.2015.486,10.1145/245108.245124,CITES,1997
10.1109/ICCV.2015.486,10.1145/963770.963776,CITES,2004
10.1109/ICCV.2015.486,10.1109/TKDE.2005.99,CITES,2005
10.1109/ICCV.2015.486,10.1007/978-3-540-72079-9_10,CITES,
10.1109/ICCV.2015.486,10.1073/pnas.0601602103,CITES,2006
10.1109/ICCV.2015.486,10.1016/S0893-6080(98)00116-6,CITES,1999
10.1109/ICCV.2015.486,10.1145/2623330.2623732,CITES,2014
10.1109/ICCV.2015.486,10.1145/2645710.2645751,CITES,2014
10.1109/TKDE.2018.2807452,10.1609/aaai.v30i1.10091,CITES,2015
10.1609/aaai.v30i1.10091,10.1109/WI-IAT.2015.125,CITES,2015
10.1609/aaai.v30i1.10091,10.1609/aaai.v29i1.9491,CITES,2015
10.1609/aaai.v30i1.10091,10.1109/ASONAM.2014.6921655,CITES,2014
10.1609/aaai.v30i1.10091,10.1609/aaai.v28i1.9085,CITES,2014
10.1609/aaai.v30i1.10091,10.1609/aaai.v28i1.8870,CITES,2014
10.1609/aaai.v30i1.10091,10.1609/aaai.v28i1.9082,CITES,2014
10.1609/aaai.v30i1.10091,10.1007/s10994-013-5363-6,CITES,2014
10.1609/aaai.v30i1.10091,10.1145/2213836.2213891,CITES,2012
10.1609/aaai.v30i1.10091,10.1145/2187836.2187874,CITES,2012
10.1609/aaai.v30i1.10091,10.1609/aaai.v25i1.7917,CITES,2011
10.1609/aaai.v30i1.10091,10.1145/1390156.1390302,CITES,2008
10.1609/aaai.v30i1.10091,10.1145/1376616.1376746,CITES,2008
10.1609/aaai.v30i1.10091,10.5555/1577069.1577078,CITES,2005
10.1609/aaai.v30i1.10091,10.1145/219717.219748,CITES,1995
10.1609/aaai.v30i1.10091,10.1145/130385.130401,CITES,1992
10.1609/aaai.v30i1.10091,10.1007/978-1-4757-3264-1,CITES,2000
10.1109/TKDE.2018.2807452,10.1145/2806416.2806512,CITES,2015
10.1145/2806416.2806512,10.3758/BF03193020,CITES,2007
10.1145/2806416.2806512,10.3758/s13428-011-0183-8,CITES,2012
10.1145/2806416.2806512,10.1016/0165-1684(94)90029-9,CITES,1994
10.1145/2806416.2806512,10.1201/9780367801700,CITES,2000
10.1145/2806416.2806512,10.1007/BF02288367,CITES,1936
10.1145/2806416.2806512,10.1126/science.1127647,CITES,2006
10.1145/2806416.2806512,10.1016/0165-1684(91)90079-X,CITES,1991
10.1145/2806416.2806512,10.1109/TAC.1980.1102314,CITES,1980
10.1145/2806416.2806512,10.3758/BF03204766,CITES,1996
10.1145/2806416.2806512,10.1145/2623330.2623732,CITES,2014
10.1145/2806416.2806512,10.1126/science.290.5500.2323,CITES,2000
10.1145/2806416.2806512,10.1109/34.868688,CITES,2000
10.1145/2806416.2806512,10.1145/2736277.2741093,CITES,2015
10.1145/2806416.2806512,10.1145/1401890.1402008,CITES,2008
10.1145/2806416.2806512,10.1145/1557019.1557109,CITES,2009
10.1145/2806416.2806512,10.1126/science.290.5500.2319,CITES,2000
10.1109/TKDE.2018.2807452,10.1609/aaai.v30i1.10314,CITES,2015
10.1609/aaai.v30i1.10314,10.18653/v1/D15-1038,CITES,2015
10.1609/aaai.v30i1.10314,10.1109/JPROC.2015.2483592,CITES,2016
10.1609/aaai.v30i1.10314,10.14778/2777598.2777603,CITES,2015
10.1609/aaai.v30i1.10314,10.1609/aaai.v29i1.9491,CITES,2015
10.1609/aaai.v30i1.10314,10.1007/978-3-319-11915-1_8,CITES,2014
10.1609/aaai.v30i1.10314,10.1007/978-3-662-44923-3,CITES,2014
10.1609/aaai.v30i1.10314,10.1145/2623330.2623623,CITES,2014
10.1609/aaai.v30i1.10314,10.1609/aaai.v28i1.8870,CITES,2014
10.1609/aaai.v30i1.10314,10.1145/2187836.2187874,CITES,2012
10.1609/aaai.v30i1.10314,10.1609/aaai.v25i1.7917,CITES,2011
10.1609/aaai.v30i1.10314,10.5555/1953048.2021068,CITES,2011
10.1609/aaai.v30i1.10314,10.1145/1376616.1376746,CITES,2008
10.1609/aaai.v30i1.10314,10.1007/978-3-540-76298-0_52,CITES,2007
10.1609/aaai.v30i1.10314,10.1145/1273496.1273551,CITES,2007
10.1609/aaai.v30i1.10314,10.1145/1242572.1242667,CITES,2007
10.1609/aaai.v30i1.10314,10.1007/s10994-006-5833-1,CITES,2006
10.1609/aaai.v30i1.10314,10.1109/72.377968,CITES,1995
10.1609/aaai.v30i1.10314,10.1207/s15516709cog0702_3,CITES,1983
10.1609/aaai.v30i1.10314,10.1007/BF00270577,CITES,1973
10.1609/aaai.v30i1.10314,10.1147/RD.132.0156,CITES,1969
10.1609/aaai.v30i1.10314,10.7551/mitpress/7432.001.0001,CITES,2007
10.1609/aaai.v30i1.10314,10.1007/BF00319516,CITES,2004
10.1609/aaai.v30i1.10314,10.3886/icpsr05409,CITES,1999
10.1609/aaai.v30i1.10314,10.7551/mitpress/2102.003.0006,CITES,1991
10.1109/TKDE.2018.2807452,10.18653/v1/P16-1219,CITES,2016
10.18653/v1/P16-1219,10.1145/2806416.2806502,CITES,2015
10.18653/v1/P16-1219,10.3115/v1/P15-1009,CITES,2015
10.18653/v1/P16-1219,10.1613/jair.5013,CITES,2015
10.18653/v1/P16-1219,10.18653/v1/D15-1082,CITES,2015
10.18653/v1/P16-1219,10.1609/aaai.v29i1.9491,CITES,2015
10.18653/v1/P16-1219,10.1609/aaai.v28i1.8870,CITES,2014
10.18653/v1/P16-1219,10.1007/s10994-013-5363-6,CITES,2014
10.18653/v1/P16-1219,10.1145/2187836.2187874,CITES,2012
10.18653/v1/P16-1219,10.1609/aaai.v25i1.7917,CITES,2011
10.18653/v1/P16-1219,10.5555/1953048.2021039,CITES,2011
10.18653/v1/P16-1219,10.1136/ebmh.11.4.102,CITES,2008
10.18653/v1/P16-1219,10.1145/1390156.1390177,CITES,2008
10.18653/v1/P16-1219,10.1145/1376616.1376746,CITES,2008
10.18653/v1/P16-1219,10.1145/219717.219748,CITES,1995
10.18653/v1/P16-1219,10.1145/2806416,CITES,2015
10.1109/TKDE.2018.2807452,10.18653/v1/D15-1191,CITES,2015
10.18653/v1/D15-1191,10.3115/v1/P15-1009,CITES,2015
10.18653/v1/D15-1191,10.3115/v1/D14-1165,CITES,2014
10.18653/v1/D15-1191,10.1609/aaai.v28i1.8870,CITES,2014
10.18653/v1/D15-1191,10.1145/2623330.2623732,CITES,2014
10.18653/v1/D15-1191,10.1007/s10994-013-5363-6,CITES,2014
10.18653/v1/D15-1191,10.1609/aaai.v25i1.7917,CITES,2011
10.18653/v1/D15-1191,10.1609/aaai.v24i1.7519,CITES,2010
10.18653/v1/D15-1191,10.1145/1376616.1376746,CITES,2008
10.18653/v1/D15-1191,10.1145/219717.219748,CITES,1995
10.18653/v1/D15-1191,10.3115/v1/N15-1165,CITES,2015
10.18653/v1/D15-1191,10.3233/SW-140134,CITES,2015
10.1109/TKDE.2018.2807452,10.1145/2783258.2783296,CITES,2015
10.1145/2783258.2783296,10.25080/Majora-92bf1922-003,CITES,2010
10.1145/2783258.2783296,10.1145/1920261.1920265,CITES,2010
10.1145/2783258.2783296,10.1145/1646396.1646452,CITES,2009
10.1145/2783258.2783296,10.1145/1390156.1390177,CITES,2008
10.1145/2783258.2783296,10.1109/CVPR.2005.177,CITES,2005
10.1145/2783258.2783296,10.1007/s11263-009-0275-4,CITES,2010
10.1145/2783258.2783296,10.1145/2623330.2623675,CITES,2014
10.1145/2783258.2783296,10.1109/CVPR.2014.81,CITES,2014
10.1145/2783258.2783296,10.1007/978-0-387-84858-7,CITES,2009
10.1145/2783258.2783296,10.1126/science.1127647,CITES,2006
10.1145/2783258.2783296,10.1137/1.9781611973440.33,CITES,2014
10.1145/2783258.2783296,10.1109/CVPR.2013.463,CITES,2013
10.1145/2783258.2783296,10.1145/2623330.2623741,CITES,2014
10.1145/2783258.2783296,10.1145/2393347.2393438,CITES,2012
10.1145/2783258.2783296,10.1023/B:VISI.0000029664.99615.94,CITES,2004
10.1145/2783258.2783296,10.1145/2487575.2487668,CITES,2013
10.1145/2783258.2783296,10.1109/69.917563,CITES,2001
10.1145/2783258.2783296,10.1145/2623330.2623732,CITES,2014
10.1145/2783258.2783296,10.1145/1963405.1963449,CITES,2011
10.1145/2783258.2783296,10.1137/1.9781611972825.46,CITES,2012
10.1145/2783258.2783296,10.1016/j.jempfin.2005.08.001,CITES,2006
10.1145/2783258.2783296,10.1145/2623330.2623630,CITES,2014
10.1145/2783258.2783296,10.1609/aimag.v29i3.2157,CITES,2008
10.1145/2783258.2783296,10.1145/1553374.1553494,CITES,2009
10.1145/2783258.2783296,10.1145/1401890.1401969,CITES,2008
10.1145/2783258.2783296,10.1145/2339530.2339738,CITES,2012
10.1145/2783258.2783296,10.1145/2339530.2339673,CITES,2012
10.1145/2783258.2783296,10.1145/1557019.1557120,CITES,2009
10.1145/2783258.2783296,10.1145/2502081.2502284,CITES,2013
10.1145/2783258.2783296,10.1145/2623330.2623645,CITES,2014
10.1145/2783258.2783296,10.1145/1645953.1646025,CITES,2009
10.1145/2783258.2783296,10.1145/2623330.2623711,CITES,2014
10.1145/2783258.2783296,10.1145/1277741.1277825,CITES,2007
10.1109/TKDE.2018.2807452,10.1145/2783258.2783417,CITES,2015
10.1145/2783258.2783417,10.1109/ICDM.2005.132,CITES,2005
10.1145/2783258.2783417,10.1093/bioinformatics/bti1007,CITES,2005
10.1145/2783258.2783417,10.1021/jm00106a046,CITES,1991
10.1145/2783258.2783417,10.1145/1014052.1014072,CITES,2004
10.1145/2783258.2783417,10.7551/mitpress/4057.003.0016,CITES,2004
10.1145/2783258.2783417,10.1145/1081870.1081893,CITES,2005
10.1145/2783258.2783417,10.1007/978-3-540-45167-9_12,CITES,2003
10.1145/2783258.2783417,10.1093/bioinformatics/btg130,CITES,2003
10.1145/2783258.2783417,10.1016/j.neucom.2005.12.113,CITES,2006
10.1145/2783258.2783417,10.1007/s10115-007-0103-5,CITES,2008
10.1109/TKDE.2018.2807452,10.1145/2783258.2783341,CITES,2015
10.1145/2783258.2783341,10.1145/2591796.2591844,CITES,2014
10.1145/2783258.2783341,10.1007/s10994-008-5059-5,CITES,2008
10.1145/2783258.2783341,10.1109/ICDM.2005.132,CITES,2005
10.1145/2783258.2783341,10.1093/bioinformatics/bti1007,CITES,2005
10.1145/2783258.2783341,10.1093/acprof:oso/9780199535255.001.0001,CITES,2013
10.1145/2783258.2783341,10.1021/jm00106a046,CITES,1991
10.1145/2783258.2783341,10.1145/2529989,CITES,2014
10.1145/2783258.2783341,10.1002/(SICI)1098-2418(200003)16:2%3C195::AID-RSA5%3E3.0.CO;2-A,CITES,2000
10.1145/2783258.2783341,10.1145/1102351.1102380,CITES,2005
10.1145/2783258.2783341,10.1145/959242.959248,CITES,2003
10.1145/2783258.2783341,10.1007/978-3-540-45167-9_11,CITES,2003
10.1145/2783258.2783341,10.1007/BF02614315,CITES,1997
10.1145/2783258.2783341,10.1093/acprof:oso/9780198510581.001.0001,CITES,2004
10.1145/2783258.2783341,10.2298/BMAT0429015G,CITES,2004
10.1145/2783258.2783341,10.1093/bioinformatics/17.1.107,CITES,2001
10.1145/2783258.2783341,10.1145/2505515.2505565,CITES,2013
10.1145/2783258.2783341,10.1090/surv/089,CITES,2005
10.1145/2783258.2783341,10.1109/TIT.1979.1055985,CITES,1979
10.1145/2783258.2783341,10.1137/S0895480104429181,CITES,2005
10.1145/2783258.2783341,10.1016/S0167-8655(02)00024-7,CITES,2002
10.1145/2783258.2783341,10.1016/j.ipl.2004.05.007,CITES,2004
10.1145/2783258.2783341,10.7551/mitpress/4175.001.0001,CITES,2001
10.1145/2783258.2783341,10.1007/s10107-010-0420-4,CITES,2011
10.1145/2783258.2783341,10.1145/1553374.1553494,CITES,2009
10.1145/2783258.2783341,10.1007/s10115-007-0103-5,CITES,2008
10.1145/2783258.2783341,10.1145/1273496.1273621,CITES,2007
10.1145/2783258.2783341,10.1007/978-3-642-13672-6_37,CITES,2010
10.1109/TKDE.2018.2807452,10.1145/2783258.2783307,CITES,2015
10.1145/2783258.2783307,10.1145/2736277.2741093,CITES,2015
10.1145/2783258.2783307,10.1609/aaai.v29i1.9522,CITES,2015
10.1145/2783258.2783307,10.1145/2661829.2661935,CITES,2014
10.1145/2783258.2783307,10.3115/v1/D14-1194,CITES,2014
10.1145/2783258.2783307,10.3115/v1/D14-1181,CITES,2014
10.1145/2783258.2783307,10.3115/v1/P14-1062,CITES,2014
10.1145/2783258.2783307,10.1145/2623330.2623732,CITES,2014
10.1145/2783258.2783307,10.18653/v1/d13-1170,CITES,2013
10.1145/2783258.2783307,10.1145/2488388.2488391,CITES,2013
10.1145/2783258.2783307,10.1109/TPAMI.2013.50,CITES,2013
10.1145/2783258.2783307,10.5555/1953048.2078186,CITES,2011
10.1145/2783258.2783307,10.1007/978-1-4419-8462-3_5,CITES,2011
10.1145/2783258.2783307,10.1109/ICCV.2009.5459460,CITES,2009
10.1145/2783258.2783307,10.1145/1553374.1553513,CITES,2009
10.1145/2783258.2783307,10.1136/ebmh.11.4.102,CITES,2008
10.1145/2783258.2783307,10.3115/1219840.1219855,CITES,2005
10.1145/2783258.2783307,10.1145/956863.956972,CITES,2003
10.1145/2783258.2783307,10.7551/mitpress/1120.003.0080,CITES,2002
10.1145/2783258.2783307,10.1126/SCIENCE.290.5500.2319,CITES,2000
10.1145/2783258.2783307,10.1016/0306-4573(88)90021-0,CITES,1988
10.1145/2783258.2783307,10.21437/Interspeech.2010-343,CITES,2010
10.1109/TKDE.2018.2807452,10.3115/v1/P15-1009,CITES,2015
10.3115/v1/P15-1009,10.1609/aaai.v29i1.9491,CITES,2015
10.3115/v1/P15-1009,10.3115/v1/D14-1165,CITES,2014
10.3115/v1/P15-1009,10.3115/v1/D14-1118,CITES,2014
10.3115/v1/P15-1009,10.1609/aaai.v28i1.8870,CITES,2014
10.3115/v1/P15-1009,10.1162/COLI_a_00164,CITES,2014
10.3115/v1/P15-1009,10.18653/v1/d13-1167,CITES,2013
10.3115/v1/P15-1009,10.18653/v1/d13-1136,CITES,2013
10.3115/v1/P15-1009,10.1007/s10994-013-5363-6,CITES,2014
10.3115/v1/P15-1009,10.1145/2187836.2187874,CITES,2012
10.3115/v1/P15-1009,10.1609/aaai.v25i1.7917,CITES,2011
10.3115/v1/P15-1009,10.1145/1935826.1935877,CITES,2011
10.3115/v1/P15-1009,10.1609/aaai.v24i1.7519,CITES,2010
10.3115/v1/P15-1009,10.1109/ICDM.2008.57,CITES,2008
10.3115/v1/P15-1009,10.1145/1401890.1401969,CITES,2008
10.3115/v1/P15-1009,10.1145/1376616.1376746,CITES,2008
10.3115/v1/P15-1009,10.1145/1102351.1102484,CITES,2005
10.3115/v1/P15-1009,10.7551/mitpress/1120.003.0080,CITES,2002
10.3115/v1/P15-1009,10.1126/SCIENCE.290.5500.2323,CITES,2000
10.3115/v1/P15-1009,10.1126/SCIENCE.290.5500.2319,CITES,2000
10.3115/v1/P15-1009,10.1145/219717.219748,CITES,1995
10.3115/v1/P15-1009,10.3233/SW-140134,CITES,2015
10.1109/TKDE.2018.2807452,10.3115/v1/P15-1067,CITES,2015
10.3115/v1/P15-1067,10.1109/JPROC.2015.2483592,CITES,2016
10.3115/v1/P15-1067,10.1609/aaai.v29i1.9491,CITES,2015
10.3115/v1/P15-1067,10.1609/aaai.v28i1.8870,CITES,2014
10.3115/v1/P15-1067,10.1007/978-3-642-40991-2_18,CITES,2013
10.3115/v1/P15-1067,10.1007/978-3-642-40994-3_40,CITES,2013
10.3115/v1/P15-1067,10.18653/v1/d13-1136,CITES,2013
10.3115/v1/P15-1067,10.1007/s10994-013-5363-6,CITES,2014
10.3115/v1/P15-1067,10.1145/2187836.2187874,CITES,2012
10.3115/v1/P15-1067,10.1609/aaai.v25i1.7917,CITES,2011
10.3115/v1/P15-1067,10.1145/1376616.1376746,CITES,2008
10.3115/v1/P15-1067,10.1145/1242572.1242667,CITES,2007
10.3115/v1/P15-1067,10.1145/219717.219748,CITES,1995
10.1109/TKDE.2018.2807452,10.1109/TKDE.2014.2382599,CITES,2015
10.1109/TKDE.2014.2382599,10.1016/j.neucom.2012.05.031,CITES,2013
10.1109/TKDE.2014.2382599,10.1198/016214506000000735,CITES,2006
10.1109/TKDE.2014.2382599,10.1111/j.1467-9868.2005.00503.x,CITES,2005
10.1109/TKDE.2014.2382599,10.1214/009053604000000067,CITES,2004
10.1109/TKDE.2014.2382599,10.1109/TNNLS.2012.2212721,CITES,2012
10.1109/TKDE.2014.2382599,10.1111/j.2517-6161.1996.tb02080.x,CITES,1996
10.1109/TKDE.2014.2382599,10.1109/MCI.2014.2326099,CITES,2014
10.1109/TKDE.2014.2382599,10.1145/1273496.1273641,CITES,2007
10.1109/TKDE.2014.2382599,10.1145/1961189.1961199,CITES,2011
10.1109/TKDE.2014.2382599,10.1109/TPAMI.2005.159,CITES,2005
10.1109/TKDE.2014.2382599,10.1201/9781584888796,CITES,2007
10.1109/TKDE.2014.2382599,10.1109/TPAMI.2012.266,CITES,2013
10.1109/TKDE.2014.2382599,10.1016/S1088-467X(97)00008-5,CITES,1997
10.1109/TKDE.2014.2382599,10.1109/CEC.1999.782599,CITES,
10.1109/TKDE.2014.2382599,10.1126/science.290.5500.2323,CITES,2000
10.1109/TKDE.2014.2382599,10.1126/science.290.5500.2319,CITES,2000
10.1109/TKDE.2014.2382599,10.1198/jasa.2009.0121,CITES,2009
10.1109/TKDE.2014.2382599,10.1002/cpa.20042,CITES,2004
10.1109/TKDE.2014.2382599,10.1198/106186006X113430,CITES,2006
10.1109/TKDE.2018.2807452,10.1162/tacl_a_00134,CITES,2015
10.1162/tacl_a_00134,10.3115/v1/D14-1162,CITES,2014
10.1162/tacl_a_00134,10.1162/COLI_a_00237,CITES,2014
10.1162/tacl_a_00134,10.3115/v1/P14-2050,CITES,2014
10.1162/tacl_a_00134,10.3115/v1/W14-1618,CITES,2014
10.1162/tacl_a_00134,10.3115/v1/P14-1023,CITES,2014
10.1162/tacl_a_00134,10.3115/v1/W14-1619,CITES,2014
10.1162/tacl_a_00134,10.1613/jair.3640,CITES,2012
10.1162/tacl_a_00134,10.3758/s13428-011-0183-8,CITES,2012
10.1162/tacl_a_00134,10.1145/1963405.1963455,CITES,2011
10.1162/tacl_a_00134,10.1162/coli_a_00016,CITES,2010
10.1162/tacl_a_00134,10.1613/jair.2934,CITES,2010
10.1162/tacl_a_00134,10.3115/1620754.1620758,CITES,2009
10.1162/tacl_a_00134,10.4249/scholarpedia.4356,CITES,2008
10.1162/tacl_a_00134,10.1145/1390156.1390177,CITES,2008
10.1162/tacl_a_00134,10.3758/BF03193020,CITES,2007
10.1162/tacl_a_00134,10.1162/coli.2007.33.2.161,CITES,2007
10.1162/tacl_a_00134,10.1145/944012.944013,CITES,2003
10.1162/tacl_a_00134,10.1145/775047.775138,CITES,2002
10.1162/tacl_a_00134,10.3115/981623.981633,CITES,1989
10.1162/tacl_a_00134,10.1007/BF02288367,CITES,1936
10.1162/tacl_a_00134,10.3115/v1/d14-1,CITES,2014
10.1162/tacl_a_00134,10.1145/503104.503110,CITES,2002
10.1162/tacl_a_00134,10.1007/978-94-017-6059-1_36,CITES,1954
10.1109/TKDE.2018.2807452,10.1145/2736277.2741093,CITES,2015
10.1145/2736277.2741093,10.1145/2623330.2623756,CITES,2014
10.1145/2736277.2741093,10.1145/2567948.2576939,CITES,2014
10.1145/2736277.2741093,10.1145/2623330.2623732,CITES,2014
10.1145/2736277.2741093,10.1145/2556195.2556259,CITES,2014
10.1145/2736277.2741093,10.1145/2488388.2488393,CITES,2013
10.1145/2736277.2741093,10.1007/978-1-4419-8462-3_5,CITES,2011
10.1145/2736277.2741093,10.1145/1401890.1402008,CITES,2008
10.1145/2736277.2741093,10.1145/780542.780599,CITES,2003
10.1145/2736277.2741093,10.7551/mitpress/1120.003.0080,CITES,2002
10.1145/2736277.2741093,10.1126/SCIENCE.290.5500.2319,CITES,2000
10.1145/2736277.2741093,10.1126/SCIENCE.290.5500.2323,CITES,2000
10.1145/2736277.2741093,10.1086/225469,CITES,1973
10.1145/2736277.2741093,10.1007/978-3-642-39314-3_1,CITES,2013
10.1145/2736277.2741093,10.1109/TPAMI.2007.12,CITES,2007
10.1109/TKDE.2018.2807452,10.1609/aaai.v29i1.9491,CITES,2015
10.1109/TKDE.2018.2807452,10.1609/aaai.v29i1.9391,CITES,2015
10.1109/TKDE.2018.2807452,10.1109/ICDM.2014.119,CITES,2014
10.1109/ICDM.2014.119,10.1609/icwsm.v2i1.18621,CITES,2021
10.1109/ICDM.2014.119,10.1145/2623330.2623620,CITES,2014
10.1109/ICDM.2014.119,10.1609/aaai.v28i1.8964,CITES,2014
10.1109/ICDM.2014.119,10.1002/9781118873212.ch9,CITES,2014
10.1109/ICDM.2014.119,10.1109/TVCG.2013.212,CITES,2013
10.1109/ICDM.2014.119,10.1145/2254556.2254572,CITES,2012
10.1109/ICDM.2014.119,10.1609/icwsm.v6i1.14321,CITES,2012
10.1109/ICDM.2014.119,10.1145/2089094.2089099,CITES,2012
10.1109/ICDM.2014.119,10.1561/2200000005,CITES,2009
10.1109/ICDM.2014.119,10.1109/ICDM.2009.43,CITES,2009
10.1109/ICDM.2014.119,10.1145/1553374.1553460,CITES,2009
10.1109/ICDM.2014.119,10.1145/1553374.1553494,CITES,2009
10.1109/ICDM.2014.119,10.1609/icwsm.v3i1.13937,CITES,2009
10.1109/ICDM.2014.119,10.1145/1401890.1401937,CITES,2008
10.1109/ICDM.2014.119,10.1145/1367497.1367512,CITES,2008
10.1109/ICDM.2014.119,10.1145/1277741.1277825,CITES,2007
10.1109/ICDM.2014.119,10.5555/1390681.1442798,CITES,2007
10.1109/ICDM.2014.119,10.1162/neco.2007.19.9.2536,CITES,2004
10.1109/ICDM.2014.119,10.1006/jvlc.2002.0232,CITES,2002
10.1109/ICDM.2014.119,10.1007/3-540-45848-4_57,CITES,2001
10.1109/ICDM.2014.119,10.1126/SCIENCE.290.5500.2323,CITES,2000
10.1109/ICDM.2014.119,10.1126/SCIENCE.290.5500.2319,CITES,2000
10.1109/ICDM.2014.119,10.1023/A:1009953814988,CITES,2000
10.1109/ICDM.2014.119,10.1002/spe.4380211102,CITES,1991
10.1109/ICDM.2014.119,10.1007/BF01589116,CITES,1989
10.1109/ICDM.2014.119,10.1016/0020-0190(89)90102-6,CITES,1989
10.1109/ICDM.2014.119,10.1111/J.2517-6161.1977.TB01600.X,CITES,1977
10.1109/ICDM.2014.119,10.1007/BF02289565,CITES,1964
10.1109/ICDM.2014.119,10.5555/2567709.2567761,CITES,2013
10.1109/ICDM.2014.119,10.1007/978-0-387-39940-9_488,CITES,2009
10.1109/ICDM.2014.119,10.1016/S0065-2458(08)60404-0,CITES,1993
10.1109/ICDM.2014.119,10.2307/2008552,CITES,1983
10.1109/TKDE.2018.2807452,10.5555/2685048.2685096,CITES,2014
10.1109/TKDE.2018.2807452,10.3115/v1/W14-4012,CITES,2014
10.3115/v1/W14-4012,10.3115/v1/D14-1179,CITES,2014
10.3115/v1/W14-4012,10.18653/v1/d13-1176,CITES,2013
10.3115/v1/W14-4012,10.3115/1073445.1073462,CITES,2003
10.3115/v1/W14-4012,10.1162/neco.1997.9.8.1735,CITES,1997
10.1109/TKDE.2018.2807452,10.1609/aaai.v28i1.8954,CITES,2014
10.1109/TKDE.2018.2807452,10.1609/aaai.v28i1.8870,CITES,2014
10.1109/TKDE.2018.2807452,10.1609/aaai.v28i1.8916,CITES,2014
10.1109/TKDE.2018.2807452,10.1145/2588555.2610518,CITES,2014
10.1145/2588555.2610518,10.1177/1094342011403516,CITES,2011
10.1145/2588555.2610518,10.1109/IPDPS.2012.43,CITES,2012
10.1145/2588555.2610518,10.1145/2020408.2020426,CITES,2011
10.1145/2588555.2610518,10.1093/bioinformatics/18.suppl_1.S233,CITES,2002
10.1145/2588555.2610518,10.1109/MC.2009.263,CITES,2009
10.1145/2588555.2610518,10.1145/1772690.1772751,CITES,2010
10.1145/2588555.2610518,10.1145/2517349.2522739,CITES,2013
10.1145/2588555.2610518,10.1145/1863482.1863493,CITES,2010
10.1145/2588555.2610518,10.1145/1993498.1993501,CITES,2011
10.1145/2588555.2610518,10.1145/2484838.2484843,CITES,2013
10.1145/2588555.2610518,10.1109/ICDE.2013.6544832,CITES,2013
10.1145/2588555.2610518,10.14778/2556549.2556572,CITES,2013
10.1145/2588555.2610518,10.1145/1519065.1519089,CITES,2009
10.1145/2588555.2610518,10.1145/2484425.2484427,CITES,2013
10.1109/TKDE.2018.2807452,10.3115/v1/D14-1067,CITES,2014
10.3115/v1/D14-1067,10.1145/2623330.2623677,CITES,2014
10.3115/v1/D14-1067,10.3115/v1/P14-1133,CITES,2014
10.3115/v1/D14-1067,10.3115/v1/P14-1090,CITES,2014
10.3115/v1/D14-1067,10.1007/978-3-662-44848-9_11,CITES,2014
10.3115/v1/D14-1067,10.18653/v1/d13-1161,CITES,2013
10.3115/v1/D14-1067,10.18653/v1/d13-1160,CITES,2013
10.3115/v1/D14-1067,10.1145/2187836.2187923,CITES,2012
10.3115/v1/D14-1067,10.1016/j.ins.2011.07.047,CITES,2011
10.3115/v1/D14-1067,10.1007/s10994-010-5198-3,CITES,2010
10.3115/v1/D14-1067,10.1145/1376616.1376746,CITES,2008
10.1109/TKDE.2018.2807452,10.1109/TPAMI.2014.2316836,CITES,2014
10.1109/TPAMI.2014.2316836,10.1109/TIP.2009.2017143,CITES,2009
10.1109/TPAMI.2014.2316836,10.1126/science.290.5500.2319,CITES,2000
10.1109/TPAMI.2014.2316836,10.1137/S1064827502419154,CITES,2004
10.1109/TPAMI.2014.2316836,10.1007/11408031_38,CITES,2005
10.1109/TPAMI.2014.2316836,10.1109/TMI.2004.831793,CITES,2004
10.1109/TPAMI.2014.2316836,10.1109/34.491619,CITES,1996
10.1109/TPAMI.2014.2316836,10.1016/0031-3203(84)90056-6,CITES,1984
10.1109/TPAMI.2014.2316836,10.1111/j.2044-8317.1997.tb01145.x,CITES,1997
10.1109/TPAMI.2014.2316836,10.1007/BF02289565,CITES,1964
10.1109/TPAMI.2014.2316836,10.1109/TPAMI.2008.123,CITES,2008
10.1109/TPAMI.2014.2316836,10.1016/0022-2496(78)90025-1,CITES,1978
10.1109/TPAMI.2014.2316836,10.1109/TNET.2007.899021,CITES,2008
10.1109/TPAMI.2014.2316836,10.1109/ICIP.2005.1530502,CITES,2005
10.1109/TPAMI.2014.2316836,10.2307/1968835,CITES,1937
10.1109/TPAMI.2014.2316836,10.1007/BF02291665,CITES,1974
10.1109/TPAMI.2014.2316836,10.1016/0031-3203(93)90177-X,CITES,1993
10.1109/TPAMI.2014.2316836,10.1103/PhysRevE.82.036106,CITES,2010
10.1109/TPAMI.2014.2316836,10.1080/03610929108830679,CITES,1991
10.1109/TPAMI.2014.2316836,10.1162/089976603321780317,CITES,2003
10.1109/TPAMI.2014.2316836,10.1109/ICNN.1997.616230,CITES,
10.1109/TPAMI.2014.2316836,10.1137/0216045,CITES,1987
10.1109/TPAMI.2014.2316836,10.1016/j.patcog.2006.05.031,CITES,2007
10.1109/TPAMI.2014.2316836,10.1007/s11263-005-3222-z,CITES,2006
10.1109/TPAMI.2014.2316836,10.1523/JNEUROSCI.15-02-01463.1995,CITES,1995
10.1109/TPAMI.2014.2316836,10.1126/science.290.5500.2323,CITES,2000
10.1109/TKDE.2018.2807452,10.1145/2623330.2623732,CITES,2014
10.1145/2623330.2623732,10.1145/2487575.2487610,CITES,2013
10.1145/2623330.2623732,10.1145/3065386,CITES,2012
10.1145/2623330.2623732,10.1109/TPAMI.2013.50,CITES,2013
10.1145/2623330.2623732,10.1109/TASL.2011.2134090,CITES,2012
10.1145/2623330.2623732,10.1145/2020408.2020512,CITES,2011
10.1145/2623330.2623732,10.1007/s10618-010-0210-x,CITES,2011
10.1145/2623330.2623732,10.1109/ASONAM.2010.19,CITES,2010
10.1145/2623330.2623732,10.5555/1756006.1756025,CITES,2010
10.1145/2623330.2623732,10.1145/1645953.1646094,CITES,2009
10.1145/2623330.2623732,10.1145/1541880.1541882,CITES,2009
10.1145/2623330.2623732,10.1145/1557019.1557109,CITES,2009
10.1145/2623330.2623732,10.1007/s10994-008-5066-6,CITES,2008
10.1145/2623330.2623732,10.1201/b17320-16,CITES,2008
10.1145/2623330.2623732,10.1007/978-3-642-14929-0_1,CITES,2008
10.1145/2623330.2623732,10.1145/1401890.1401925,CITES,2008
10.1145/2623330.2623732,10.1145/1390156.1390177,CITES,2008
10.1145/2623330.2623732,10.5555/1756006.1859891,CITES,2008
10.1145/2623330.2623732,10.5555/1390681.1442794,CITES,2008
10.1145/2623330.2623732,10.1109/FOCS.2006.44,CITES,2006
10.1145/2623330.2623732,10.1073/PNAS.0601602103,CITES,2006
10.1145/2623330.2623732,10.1145/1090193.1090201,CITES,2005
10.1145/2623330.2623732,10.1145/956863.956972,CITES,2003
10.1145/2623330.2623732,10.1145/1007352.1007372,CITES,2003
10.1145/2623330.2623732,10.1016/0004-3702(91)90084-W,CITES,1991
10.1145/2623330.2623732,10.1109/TPAMI.1984.4767596,CITES,1984
10.1145/2623330.2623732,10.1109/TPAMI.1983.4767390,CITES,1983
10.1145/2623330.2623732,10.1086/jar.33.4.3629752,CITES,1977
10.1145/2623330.2623732,10.1007/978-0-387-31439-6_100248,CITES,2014
10.1145/2623330.2623732,10.1137/1.9781611972825.71,CITES,2012
10.1145/2623330.2623732,10.7551/mitpress/7432.001.0001,CITES,2007
10.1145/2623330.2623732,10.21236/ada452802,CITES,2003
10.1109/TKDE.2018.2807452,10.14778/2556549.2556554,CITES,2013
10.14778/2556549.2556554,10.1109/FOCS.2006.44,CITES,2006
10.14778/2556549.2556554,10.1137/050643799,CITES,2007
10.14778/2556549.2556554,10.1145/1989323.1989425,CITES,2011
10.14778/2556549.2556554,10.1145/1458082.1458122,CITES,2008
10.14778/2556549.2556554,10.1080/15427951.2012.625256,CITES,2012
10.14778/2556549.2556554,10.1145/1242572.1242650,CITES,2007
10.14778/2556549.2556554,10.1145/1015467.1015471,CITES,2004
10.14778/2556549.2556554,10.1080/15427951.2005.10129104,CITES,2005
10.14778/2556549.2556554,10.1145/2392622.2392623,CITES,2012
10.14778/2556549.2556554,10.1109/TPAMI.2006.253,CITES,2006
10.14778/2556549.2556554,10.1137/040609008,CITES,2006
10.14778/2556549.2556554,10.1080/15427951.2008.10129303,CITES,2008
10.14778/2556549.2556554,10.1145/775152.775191,CITES,2003
10.14778/2556549.2556554,10.1145/775152.775190,CITES,2003
10.14778/2556549.2556554,10.1007/978-3-642-13672-6_41,CITES,2010
10.14778/2556549.2556554,10.1145/1232722.1232727,CITES,2007
10.14778/2556549.2556554,10.1145/1081870.1081893,CITES,2005
10.14778/2556549.2556554,10.1145/1217299.1217301,CITES,2006
10.14778/2556549.2556554,10.1145/956863.956972,CITES,2003
10.14778/2556549.2556554,10.1109/ICDCS.2008.27,CITES,2008
10.14778/2556549.2556554,10.1145/1060745.1060829,CITES,2005
10.14778/2556549.2556554,10.1093/comjnl/7.4.308,CITES,1965
10.14778/2556549.2556554,10.1109/INFCOM.2002.1019258,CITES,
10.14778/2556549.2556554,10.1007/11744023_13,CITES,2006
10.14778/2556549.2556554,10.1145/304893.304983,CITES,1999
10.14778/2556549.2556554,10.1145/1150402.1150443,CITES,2006
10.14778/2556549.2556554,10.1145/1135777.1135823,CITES,2006
10.14778/2556549.2556554,10.1145/1644893.1644932,CITES,2009
10.14778/2556549.2556554,10.1145/1374376.1374456,CITES,2008
10.14778/2556549.2556554,10.1145/1519065.1519089,CITES,2009
10.14778/2556549.2556554,10.1145/1159913.1159945,CITES,2006
10.14778/2556549.2556554,10.1109/SP.2008.13,CITES,2008
10.14778/2556549.2556554,10.1145/2398776.2398795,CITES,2012
10.14778/2556549.2556554,10.4108/icst.collaboratecom.2011.247162,CITES,2011
10.1109/TKDE.2018.2807452,10.1145/2488388.2488393,CITES,2013
10.1145/2488388.2488393,10.1145/2124295.2124312,CITES,2012
10.1145/2488388.2488393,10.1145/2020408.2020433,CITES,2011
10.1145/2488388.2488393,10.1016/0047-259X(81)90099-3,CITES,1981
10.1145/2488388.2488393,10.1145/2124295.2124330,CITES,2012
10.1145/2488388.2488393,10.1145/1007912.1007931,CITES,2004
10.1145/2488388.2488393,10.1561/2200000016,CITES,2010
10.1145/2488388.2488393,10.1145/509907.509965,CITES,2002
10.1145/2488388.2488393,10.1145/2020408.2020426,CITES,2011
10.1145/2488388.2488393,10.1109/MC.2009.263,CITES,2009
10.1145/2488388.2488393,10.1145/1772690.1772760,CITES,2010
10.1145/2488388.2488393,10.1145/1807167.1807184,CITES,2010
10.1145/2488388.2488393,10.14778/1920841.1920931,CITES,2010
10.1145/2488388.2488393,10.1145/1963405.1963491,CITES,2011
10.1145/2488388.2488393,10.1145/1571941.1571979,CITES,2009
10.1145/2488388.2488393,10.1007/978-3-540-68880-8_32,CITES,2008
10.1109/TKDE.2018.2807452,10.1007/s10994-013-5363-6,CITES,2014
10.1007/s10994-013-5363-6,10.1145/2187836.2187874,CITES,2012
10.1007/s10994-013-5363-6,10.1609/aaai.v25i1.7917,CITES,2011
10.1007/s10994-013-5363-6,10.1007/s10994-013-5335-x,CITES,2011
10.1007/s10994-013-5363-6,10.5555/1953048.2078186,CITES,2011
10.1007/s10994-013-5363-6,10.1007/s10994-010-5198-3,CITES,2010
10.1007/s10994-013-5363-6,10.1007/978-3-642-04930-9_14,CITES,2009
10.1007/s10994-013-5363-6,10.3115/1699510.1699512,CITES,2009
10.1007/s10994-013-5363-6,10.3115/1690219.1690232,CITES,2009
10.1007/s10994-013-5363-6,10.3115/1690219.1690283,CITES,2009
10.1007/s10994-013-5363-6,10.1137/07070111X,CITES,2009
10.1007/s10994-013-5363-6,10.1613/JAIR.2395,CITES,2008
10.1007/s10994-013-5363-6,10.1145/1401890.1401969,CITES,2008
10.1007/s10994-013-5363-6,10.1145/1390156.1390177,CITES,2008
10.1007/s10994-013-5363-6,10.4249/scholarpedia.3881,CITES,2008
10.1007/s10994-013-5363-6,10.1145/1273496.1273551,CITES,2007
10.1007/s10994-013-5363-6,10.3115/1614164.1614177,CITES,2007
10.1007/s10994-013-5363-6,10.1109/ICDM.2006.65,CITES,2006
10.1007/s10994-013-5363-6,10.3115/1220175.1220276,CITES,2006
10.1007/s10994-013-5363-6,10.3115/1614025.1614031,CITES,2004
10.1007/s10994-013-5363-6,10.1145/956750.956759,CITES,2003
10.1007/s10994-013-5363-6,10.1002/cfg.255,CITES,2003
10.1007/s10994-013-5363-6,10.1007/3-540-45715-1_11,CITES,2002
10.1007/s10994-013-5363-6,10.1109/69.917563,CITES,2001
10.1007/s10994-013-5363-6,10.3115/980845.980860,CITES,1998
10.1007/s10994-013-5363-6,10.1037/0033-295X.104.2.211,CITES,1997
10.1007/s10994-013-5363-6,10.3758/BF03204766,CITES,1996
10.1007/s10994-013-5363-6,10.1016/0167-9473(94)90132-5,CITES,1994
10.1007/s10994-013-5363-6,10.1142/S0218001493000339,CITES,1993
10.1007/s10994-013-5363-6,10.1145/130385.130401,CITES,1992
10.1007/s10994-013-5363-6,10.1007/BF02289464,CITES,1966
10.1007/s10994-013-5363-6,10.1214/AOMS/1177729586,CITES,1951
10.1007/s10994-013-5363-6,10.3886/icpsr05409,CITES,1999
10.1007/s10994-013-5363-6,10.7551/mitpress/7287.003.0023,CITES,1998
10.1007/s10994-013-5363-6,10.7551/mitpress/2102.003.0006,CITES,1991
10.1109/TKDE.2018.2807452,10.1109/TPAMI.2013.50,CITES,2013
10.1109/TPAMI.2013.50,10.1145/3065386,CITES,2012
10.1109/TPAMI.2013.50,10.5555/2627435.2697059,CITES,2012
10.1109/TPAMI.2013.50,10.5555/2627435.2750359,CITES,2012
10.1109/TPAMI.2013.50,10.1007/978-3-642-35289-8,CITES,2012
10.1109/TPAMI.2013.50,10.21437/Interspeech.2011-169,CITES,2012
10.1109/TPAMI.2013.50,10.1007/978-3-642-35289-8_26,CITES,2012
10.1109/TPAMI.2013.50,10.1109/CVPR.2012.6248110,CITES,2012
10.1109/TPAMI.2013.50,10.1016/j.neuron.2012.01.010,CITES,2012
10.1109/TPAMI.2013.50,10.5555/2503308.2188395,CITES,2012
10.1109/TPAMI.2013.50,10.1109/TASL.2011.2134090,CITES,2012
10.1109/TPAMI.2013.50,10.1109/ASRU.2011.6163899,CITES,2011
10.1109/TPAMI.2013.50,10.1109/ICCV.2011.6126555,CITES,2011
10.1109/TPAMI.2013.50,10.1007/978-3-642-24412-4_3,CITES,2011
10.1109/TPAMI.2013.50,10.1214/12-STS394,CITES,2011
10.1109/TPAMI.2013.50,10.1007/978-3-642-23783-6_41,CITES,2011
10.1109/TPAMI.2013.50,10.1162/NECO_a_00158,CITES,2011
10.1109/TPAMI.2013.50,10.21437/Interspeech.2011-242,CITES,2011
10.1109/TPAMI.2013.50,10.1162/NECO_a_00142,CITES,2011
10.1109/TPAMI.2013.50,10.1109/CVPR.2011.5995496,CITES,2011
10.1109/TPAMI.2013.50,10.1109/CVPR.2011.5995710,CITES,2011
10.1109/TPAMI.2013.50,10.1109/CVPR.2011.5995732,CITES,2011
10.1109/TPAMI.2013.50,10.1007/978-3-642-21735-7_6,CITES,2011
10.1109/TPAMI.2013.50,10.1007/978-3-642-28551-6_27,CITES,2011
10.1109/TPAMI.2013.50,10.1109/TSP.2011.2107908,CITES,2011
10.1109/TPAMI.2013.50,10.1109/SSD.2011.5767396,CITES,2011
10.1109/TPAMI.2013.50,10.1007/s10994-013-5335-x,CITES,2011
10.1109/TPAMI.2013.50,10.5555/1953048.2078186,CITES,2011
10.1109/TPAMI.2013.50,10.1002/CPA.21413,CITES,2011
10.1109/TPAMI.2013.50,10.1109/CVPR.2011.5995635,CITES,2010
10.1109/TPAMI.2013.50,10.1111/j.1467-8640.2010.00366.x,CITES,2010
10.1109/TPAMI.2013.50,10.1007/s10994-010-5198-3,CITES,2010
10.1109/TPAMI.2013.50,10.1109/JSTSP.2010.2075990,CITES,2010
10.1109/TPAMI.2013.50,10.1007/978-3-642-15567-3_11,CITES,2010
10.1109/TPAMI.2013.50,10.21437/Interspeech.2010-487,CITES,2010
10.1109/TPAMI.2013.50,10.1109/IJCNN.2010.5596837,CITES,2010
10.1109/TPAMI.2013.50,10.1109/CVPR.2010.5539962,CITES,2010
10.1109/TPAMI.2013.50,10.1109/CVPR.2010.5539957,CITES,2010
10.1109/TPAMI.2013.50,10.1162/neco.2010.01-09-953,CITES,2010
10.1109/TPAMI.2013.50,10.1162/NECO_a_00052,CITES,2010
10.1109/TPAMI.2013.50,10.5555/1756006.1953039,CITES,2010
10.1109/TPAMI.2013.50,10.5555/1756006.1756025,CITES,2010
10.1109/TPAMI.2013.50,10.1162/neco.2009.10-08-881,CITES,2010
10.1109/TPAMI.2013.50,10.1109/ICCV.2009.5459469,CITES,2009
10.1109/TPAMI.2013.50,10.1016/j.ijar.2008.11.006,CITES,2009
10.1109/TPAMI.2013.50,10.1109/CVPR.2009.5206545,CITES,2009
10.1109/TPAMI.2013.50,10.1145/1553374.1553453,CITES,2009
10.1109/TPAMI.2013.50,10.1145/1553374.1553380,CITES,2009
10.1109/TPAMI.2013.50,10.1145/1553374.1553506,CITES,2009
10.1109/TPAMI.2013.50,10.1145/1553374.1553469,CITES,2009
10.1109/TPAMI.2013.50,10.1145/1553374.1553505,CITES,2009
10.1109/TPAMI.2013.50,10.5555/1577069.1577070,CITES,2009
10.1109/TPAMI.2013.50,10.1162/neco.2008.11-07-647,CITES,2009
10.1109/TPAMI.2013.50,10.5555/1953048.2078194,CITES,2009
10.1109/TPAMI.2013.50,10.1007/978-1-84882-491-1,CITES,2009
10.1109/TPAMI.2013.50,10.1109/TIP.2007.911819,CITES,2009
10.1109/TPAMI.2013.50,10.1162/neco.2008.10-06-384,CITES,2008
10.1109/TPAMI.2013.50,10.1145/1390156.1390303,CITES,2008
10.1109/TPAMI.2013.50,10.1145/1390156.1390290,CITES,2008
10.1109/TPAMI.2013.50,10.1145/1390156.1390224,CITES,2008
10.1109/TPAMI.2013.50,10.1145/1390156.1390177,CITES,2008
10.1109/TPAMI.2013.50,10.1145/1390156.1390294,CITES,2008
10.1109/TPAMI.2013.50,10.4249/scholarpedia.3881,CITES,2008
10.1109/TPAMI.2013.50,10.1145/1273496.1273592,CITES,2007
10.1109/TPAMI.2013.50,10.1145/1273496.1273596,CITES,2007
10.1109/TPAMI.2013.50,10.1109/TPAMI.2007.56,CITES,2007
10.1109/TPAMI.2013.50,10.1016/j.csda.2006.09.003,CITES,2007
10.1109/TPAMI.2013.50,10.7551/mitpress/7503.003.0024,CITES,2006
10.1109/TPAMI.2013.50,10.1207/s15516709cog0000_76,CITES,2006
10.1109/TPAMI.2013.50,10.1162/neco.2006.18.7.1527,CITES,2006
10.1109/TPAMI.2013.50,10.1109/CVPR.2006.68,CITES,2006
10.1109/TPAMI.2013.50,10.1613/jair.1872,CITES,2006
10.1109/TPAMI.2013.50,10.1007/978-3-540-39972-8_3,CITES,2005
10.1109/TPAMI.2013.50,10.1167/5.6.9,CITES,2005
10.1109/TPAMI.2013.50,10.1007/s11263-005-4939-z,CITES,2004
10.1109/TPAMI.2013.50,10.1109/ICDAR.2003.1227801,CITES,2003
10.1109/TPAMI.2013.50,10.1162/089976603321780317,CITES,2003
10.1109/TPAMI.2013.50,10.1073/pnas.1031596100,CITES,2003
10.1109/TPAMI.2013.50,10.1162/089976602760128018,CITES,2002
10.1109/TPAMI.2013.50,10.1162/089976602317318938,CITES,2002
10.1109/TPAMI.2013.50,10.1126/SCIENCE.290.5500.2323,CITES,2000
10.1109/TPAMI.2013.50,10.1126/SCIENCE.290.5500.2319,CITES,2000
10.1109/TPAMI.2013.50,10.1162/089976600300015312,CITES,2000
10.1109/TPAMI.2013.50,10.1038/14819,CITES,1999
10.1109/TPAMI.2013.50,10.1109/ICCV.1999.790410,CITES,1999
10.1109/TPAMI.2013.50,10.1080/17442509908834179,CITES,1999
10.1109/TPAMI.2013.50,10.1109/72.712151,CITES,1998
10.1109/TPAMI.2013.50,10.1162/089976698300017467,CITES,1998
10.1109/TPAMI.2013.50,10.1162/089976698300017746,CITES,1998
10.1109/TPAMI.2013.50,10.1016/S0042-6989(97)00169-7,CITES,1997
10.1109/TPAMI.2013.50,10.1016/S0042-6989(97)00121-1,CITES,1997
10.1109/TPAMI.2013.50,10.1038/381607A0,CITES,1996
10.1109/TPAMI.2013.50,10.1016/0165-1684(94)90029-9,CITES,1994
10.1109/TPAMI.2013.50,10.1109/72.279181,CITES,1994
10.1109/TPAMI.2013.50,10.1142/S0218001493000327,CITES,1993
10.1109/TPAMI.2013.50,10.1162/neco.1993.5.2.267,CITES,1993
10.1109/TPAMI.2013.50,10.1016/0004-3702(92)90065-6,CITES,1992
10.1109/TPAMI.2013.50,10.21236/ada259735,CITES,1992
10.1109/TPAMI.2013.50,10.1038/355161A0,CITES,1992
10.1109/TPAMI.2013.50,10.1016/0004-3702(90)90005-K,CITES,1990
10.1109/TPAMI.2013.50,10.1007/BF01272517,CITES,1990
10.1109/TPAMI.2013.50,10.1162/neco.1989.1.4.541,CITES,1989
10.1109/TPAMI.2013.50,10.1007/BF00332918,CITES,1988
10.1109/TPAMI.2013.50,10.1145/12130.12132,CITES,1986
10.1109/TPAMI.2013.50,10.1080/01621459.1981.10477729,CITES,1981
10.1109/TPAMI.2013.50,10.1007/BF00344251,CITES,1980
10.1109/TPAMI.2013.50,10.1111/J.2517-6161.1977.TB01600.X,CITES,1977
10.1109/TPAMI.2013.50,10.2307/2987782,CITES,1975
10.1109/TPAMI.2013.50,10.1113/jphysiol.1959.sp006308,CITES,1959
10.1109/TPAMI.2013.50,10.1080/14786440109462720,CITES,1901
10.1109/TPAMI.2013.50,10.1109/TASL.2012.2215599,CITES,2013
10.1109/TPAMI.2013.50,10.1007/978-3-642-35289-8_3,CITES,2012
10.1109/TPAMI.2013.50,10.1007/978-3-642-35289-8_32,CITES,2012
10.1109/TPAMI.2013.50,10.1109/TASL.2011.2109382,CITES,2012
10.1109/TPAMI.2013.50,10.1017/CBO9781139042918.020,CITES,2011
10.1109/TPAMI.2013.50,10.14288/1.0051929,CITES,2010
10.1109/TPAMI.2013.50,10.1561/2200000006,CITES,2009
10.1109/TPAMI.2013.50,10.1152/JN.00149.2003,CITES,2004
10.1109/TPAMI.2013.50,10.1007/3-540-49430-8,CITES,2002
10.1109/TPAMI.2013.50,10.1111/1467-9868.00196,CITES,1999
10.1109/TPAMI.2013.50,10.1109/5.726791,CITES,1998
10.1109/TPAMI.2013.50,10.1007/978-3-642-77281-8_26,CITES,1995
10.1109/TPAMI.2013.50,10.1007/978-3-642-82657-3_24,CITES,1986
10.1109/TPAMI.2013.50,10.1016/0031-3203(82)90024-3,CITES,1982
10.1109/TPAMI.2013.50,10.1037/H0071325,CITES,1933
10.1109/TKDE.2018.2807452,10.14778/2212351.2212354,CITES,2012
10.14778/2212351.2212354,10.1145/2038916.2038929,CITES,2011
10.14778/2212351.2212354,10.1145/1989493.1989505,CITES,2011
10.14778/2212351.2212354,10.1145/1963405.1963491,CITES,2011
10.14778/2212351.2212354,10.1109/SC.2010.34,CITES,2010
10.14778/2212351.2212354,10.14778/1920841.1920931,CITES,2010
10.14778/2212351.2212354,10.1609/aaai.v24i1.7519,CITES,2010
10.14778/2212351.2212354,10.1109/CVPR.2010.5540080,CITES,2010
10.14778/2212351.2212354,10.1145/1807167.1807184,CITES,2010
10.14778/2212351.2212354,10.1145/1807167.1807297,CITES,2010
10.14778/2212351.2212354,10.1109/ICDM.2009.14,CITES,2009
10.14778/2212351.2212354,10.1007/978-3-540-68880-8_32,CITES,2008
10.14778/2212351.2212354,10.1145/1322432.1322433,CITES,2008
10.14778/2212351.2212354,10.1109/ICDMW.2007.33,CITES,2007
10.14778/2212351.2212354,10.1007/978-94-011-5014-9_12,CITES,1998
10.14778/2212351.2212354,10.1145/369028.369103,CITES,1996
10.14778/2212351.2212354,10.1126/science.271.5245.56,CITES,1996
10.14778/2212351.2212354,10.1145/115953.115978,CITES,1991
10.14778/2212351.2212354,10.1145/800221.806729,CITES,1983
10.14778/2212351.2212354,10.1145/361147.361115,CITES,1974
10.14778/2212351.2212354,10.1145/1327452.1327492,CITES,2008
10.1109/TKDE.2018.2807452,10.3758/s13428-011-0183-8,CITES,2012
10.3758/s13428-011-0183-8,10.1007/s10579-009-9081-4,CITES,2009
10.3758/s13428-011-0183-8,10.1162/coli_a_00016,CITES,2010
10.3758/s13428-011-0183-8,10.1037/h0027577,CITES,1969
10.3758/s13428-011-0183-8,10.3758/BF03193020,CITES,2007
10.3758/s13428-011-0183-8,10.1037/0033-295X.114.2.211,CITES,2007
10.3758/s13428-011-0183-8,10.1017/S1351324910000057,CITES,2010
10.3758/s13428-011-0183-8,10.1037/0033-295X.114.1.1,CITES,2007
10.3758/s13428-011-0183-8,10.1037/0033-295X.104.2.211,CITES,1997
10.3758/s13428-011-0183-8,10.4249/scholarpedia.4356,CITES,2008
10.3758/s13428-011-0183-8,10.4324/9780203936399,CITES,2007
10.3758/s13428-011-0183-8,10.1007/978-1-4471-0281-6_27,CITES,2001
10.3758/s13428-011-0183-8,10.1017/S0257543400001061,CITES,1999
10.3758/s13428-011-0183-8,10.3758/BF03204766,CITES,1996
10.3758/s13428-011-0183-8,10.1126/science.1152876,CITES,2008
10.3758/s13428-011-0183-8,10.1162/coli.2007.33.2.161,CITES,2007
10.3758/s13428-011-0183-8,10.1108/eb046814,CITES,1980
10.3758/s13428-011-0183-8,10.3115/1073445.1073477,CITES,2003
10.3758/s13428-011-0183-8,10.1007/3-540-44795-4_42,CITES,2001
10.3758/s13428-011-0183-8,10.3115/1599081.1599195,CITES,2008
10.3758/s13428-011-0183-8,10.3758/s13428-010-0042-z,CITES,2011
10.1109/TKDE.2018.2807452,10.1609/aaai.v25i1.7917,CITES,2011
10.1109/TKDE.2018.2807452,10.5555/1953048.2078187,CITES,2011
10.1109/TKDE.2018.2807452,10.1609/aaai.v24i1.7696,CITES,2010
10.1109/TKDE.2018.2807452,10.1016/J.WEBSEM.2009.07.002,CITES,2009
10.1016/J.WEBSEM.2009.07.002,10.1109/MIC.2007.110,CITES,2007
10.1016/J.WEBSEM.2009.07.002,10.1103/RevModPhys.74.47,CITES,2002
10.1016/J.WEBSEM.2009.07.002,10.1016/j.websem.2008.06.001,CITES,2008
10.1109/TKDE.2018.2807452,10.1109/TKDE.2008.204,CITES,2009
10.1109/TKDE.2008.204,10.1016/0893-6080(89)90014-2,CITES,1989
10.1109/TKDE.2008.204,10.1162/089976603321780317,CITES,2003
10.1109/TKDE.2008.204,10.1162/089976698300017953,CITES,1998
10.1109/TKDE.2008.204,10.1007/978-3-540-45210-2_47,CITES,2003
10.1109/TKDE.2008.204,10.1109/CVPR.2004.1315043,CITES,
10.1109/TKDE.2008.204,10.1007/978-3-540-33037-0_14,CITES,2008
10.1109/TKDE.2008.204,10.7551/mitpress/7503.003.0050,CITES,2007
10.1109/TKDE.2008.204,10.1145/1273496.1273527,CITES,2007
10.1109/TKDE.2008.204,10.1073/pnas.1031596100,CITES,2003
10.1109/TKDE.2008.204,10.1007/BFb0086566,CITES,1977
10.1109/TKDE.2008.204,10.1007/s11222-005-4073-8,CITES,2005
10.1109/TKDE.2008.204,10.1145/1273496.1273530,CITES,2007
10.1109/TKDE.2008.204,10.1145/1273496.1273532,CITES,2007
10.1109/TKDE.2008.204,10.1109/ICCV.2005.18,CITES,2005
10.1109/TKDE.2008.204,10.1007/s00607-005-0122-6,CITES,2005
10.1109/TKDE.2008.204,10.1145/1015330.1015417,CITES,2004
10.1109/TKDE.2008.204,10.2307/2289936,CITES,1989
10.1109/TKDE.2008.204,10.7551/mitpress/7503.003.0075,CITES,2007
10.1109/TKDE.2008.204,10.1145/1015330.1015357,CITES,2004
10.1109/TKDE.2008.204,10.1007/978-1-4757-1904-8,CITES,1986
10.1109/TKDE.2008.204,10.1109/34.841759,CITES,2000
10.1109/TKDE.2008.204,10.1007/978-3-642-56927-2,CITES,2001
10.1109/TKDE.2008.204,10.1109/72.363467,CITES,1995
10.1109/TKDE.2008.204,10.1007/BF01601941,CITES,1979
10.1109/TKDE.2008.204,10.1007/BF01893414,CITES,1986
10.1109/TKDE.2008.204,10.1016/j.patcog.2003.09.005,CITES,2004
10.1109/TKDE.2008.204,10.1145/1273496.1273579,CITES,2007
10.1109/TKDE.2008.204,10.1007/978-1-4612-5773-8,CITES,1982
10.1109/TKDE.2008.204,10.1145/1273496.1273584,CITES,2007
10.1109/TKDE.2008.204,10.1126/science.290.5500.2323,CITES,2000
10.1109/TKDE.2008.204,10.1109/T-C.1969.222678,CITES,1969
10.1109/TKDE.2008.204,10.1162/089976698300017467,CITES,1998
10.1109/TKDE.2008.204,10.7551/mitpress/4175.001.0001,CITES,2001
10.1109/TKDE.2008.204,10.1002/SERIES1345,CITES,
10.1109/TKDE.2008.204,10.1145/1102351.1102450,CITES,2005
10.1109/TKDE.2008.204,10.1126/science.290.5500.2319,CITES,2000
10.1109/TKDE.2008.204,10.1007/BF01889678,CITES,1992
10.1109/TKDE.2008.204,10.1145/775047.775143,CITES,2002
10.1109/TKDE.2008.204,10.1137/1.9781611970128,CITES,1990
10.1109/TKDE.2008.204,10.1145/1143844.1143968,CITES,2006
10.1109/TKDE.2008.204,10.1109/CVPR.2004.1315272,CITES,
10.1109/TKDE.2008.204,10.1145/1015330.1015345,CITES,2004
10.1109/TKDE.2008.204,10.1007/11871842_85,CITES,2006
10.1109/TKDE.2008.204,10.1109/CVPR.2005.170,CITES,
10.1109/TKDE.2008.204,10.1145/1143844.1143978,CITES,2006
10.1109/TKDE.2008.204,10.1137/S0036141000373811,CITES,2001
10.1109/TKDE.2008.204,10.7551/mitpress/7503.003.0204,CITES,2007
10.1109/TKDE.2008.204,10.1137/S1064827502419154,CITES,2004
10.1109/TKDE.2018.2807452,10.1145/1553374.1553494,CITES,2009
10.1145/1553374.1553494,10.1145/1007352.1007355,CITES,2004
10.1145/1553374.1553494,10.1162/089976603321780317,CITES,2003
10.1145/1553374.1553494,10.1145/1390156.1390195,CITES,2008
10.1145/1553374.1553494,10.1002/(SICI)1097-0037(199901)33:1<1::AID-NET1>3.0.CO;2-M,CITES,1999
10.1145/1553374.1553494,10.1126/science.290.5500.2323,CITES,2000
10.1145/1553374.1553494,10.1214/aos/1024691080,CITES,1998
10.1145/1553374.1553494,10.1126/science.290.5500.2319,CITES,2000
10.1109/TKDE.2018.2807452,10.1145/1401890.1401971,CITES,2008
10.1145/1401890.1401971,10.1145/1143844.1143847,CITES,2006
10.1145/1401890.1401971,10.1016/j.patcog.2004.03.009,CITES,2004
10.1145/1401890.1401971,10.1109/TKDE.2007.190669,CITES,2008
10.1145/1401890.1401971,10.1137/S0895479895290954,CITES,1998
10.1145/1401890.1401971,10.1162/0899766042321814,CITES,2004
10.1145/1401890.1401971,10.1007/978-0-387-21606-5,CITES,2001
10.1145/1401890.1401971,10.1080/00401706.1970.10488634,CITES,1970
10.1145/1401890.1401971,10.1093/biomet/28.3-4.321,CITES,1936
10.1145/1401890.1401971,10.1109/CVPR.2006.90,CITES,
10.1145/1401890.1401971,10.1145/355984.355989,CITES,1982
10.1145/1401890.1401971,10.1109/TPAMI.2007.1055,CITES,2007
10.1145/1401890.1401971,10.1145/1281192.1281281,CITES,2007
10.1145/1401890.1401971,10.1145/1273496.1273633,CITES,2007
10.1145/1401890.1401971,10.1109/TKDE.2006.194,CITES,2006
10.1145/1401890.1401971,10.1109/TKDE.2006.162,CITES,2006
10.1145/1401890.1401971,10.1016/j.patcog.2006.12.019,CITES,2007
10.1145/1401890.1401971,10.7551/mitpress/7503.003.0205,CITES,2007
10.1145/1401890.1401971,10.1109/43.784130,CITES,1999
10.1109/TKDE.2018.2807452,10.5555/1756006.1859891,CITES,2008
10.5555/1756006.1859891,10.1137/08074489X,CITES,2008
10.5555/1756006.1859891,10.1145/1390156.1390219,CITES,2008
10.5555/1756006.1859891,10.7551/mitpress/7503.003.0186,CITES,2006
10.5555/1756006.1859891,10.1142/9789812772435_0002,CITES,2006
10.5555/1756006.1859891,10.1145/1150402.1150476,CITES,2006
10.5555/1756006.1859891,10.1038/nbt1196,CITES,2006
10.5555/1756006.1859891,10.1002/QSAR.200510135,CITES,2006
10.5555/1756006.1859891,10.1109/ICDM.2005.132,CITES,2005
10.5555/1756006.1859891,10.1186/1471-2105-6-265,CITES,2005
10.5555/1756006.1859891,10.1038/nature04209,CITES,2005
10.5555/1756006.1859891,10.1016/J.NEUNET.2005.07.009,CITES,2005
10.5555/1756006.1859891,10.1093/bioinformatics/bti398,CITES,2005
10.5555/1756006.1859891,10.1137/S089547980139786X,CITES,2005
10.5555/1756006.1859891,10.1145/1014052.1014072,CITES,2004
10.5555/1756006.1859891,10.1145/1015330.1015446,CITES,2004
10.5555/1756006.1859891,10.1073/PNAS.0402591101,CITES,2004
10.5555/1756006.1859891,10.1056/NEJMOA031046,CITES,2004
10.5555/1756006.1859891,10.1007/978-3-540-72816-0_20940,CITES,2004
10.5555/1756006.1859891,10.1007/978-3-540-45167-9_5,CITES,2003
10.5555/1756006.1859891,10.1038/nrd1156,CITES,2003
10.5555/1756006.1859891,10.1093/bioinformatics/btg130,CITES,2003
10.5555/1756006.1859891,10.1145/959242.959249,CITES,2003
10.5555/1756006.1859891,10.1093/bioinformatics/18.suppl_1.s268,CITES,2002
10.5555/1756006.1859891,10.1038/415530a,CITES,2002
10.5555/1756006.1859891,10.1016/S0377-0427(00)00393-9,CITES,2000
10.5555/1756006.1859891,10.1021/BI971485F,CITES,1997
10.5555/1756006.1859891,10.1145/146847.146929,CITES,1992
10.5555/1756006.1859891,10.1007/978-3-642-69959-7,CITES,1985
10.5555/1756006.1859891,10.1016/0304-3975(77)90056-1,CITES,1976
10.5555/1756006.1859891,10.1007/978-0-387-09766-4_2219,CITES,2011
10.5555/1756006.1859891,10.1093/bioinformatics/bti1007,CITES,2005
10.5555/1756006.1859891,10.7551/mitpress/4057.003.0010,CITES,2004
10.5555/1756006.1859891,10.1093/nar/gkh081,CITES,2004
10.5555/1756006.1859891,10.1007/978-3-540-45167-9_12,CITES,2003
10.5555/1756006.1859891,10.1007/978-3-540-45167-9_11,CITES,2003
10.5555/1756006.1859891,10.25596/jalc-2002-321,CITES,2002
10.5555/1756006.1859891,10.1109/5992.814658,CITES,2000
10.5555/1756006.1859891,10.1007/978-1-4612-1128-0,CITES,1984
10.5555/1756006.1859891,10.1007/978-3-663-09367-1,CITES,1979
10.5555/1756006.1859891,10.1038/175228a0,CITES,1955
10.1109/TKDE.2018.2807452,10.1145/1376616.1376746,CITES,2008
10.1145/1376616.1376746,10.1038/scientificamerican0501-34,CITES,2001
10.1109/TKDE.2018.2807452,10.1145/1291233.1291329,CITES,2007
10.1145/1291233.1291329,10.1109/83.136597,CITES,1992
10.1145/1291233.1291329,10.1109/TPAMI.1986.4767851,CITES,1986
10.1145/1291233.1291329,10.1137/S0895479897329825,CITES,2000
10.1145/1291233.1291329,10.1007/978-0-387-21606-5,CITES,2001
10.1145/1291233.1291329,10.1145/1027527.1027531,CITES,2004
10.1145/1291233.1291329,10.1145/1027527.1027530,CITES,2004
10.1145/1291233.1291329,10.1109/TPAMI.2005.55,CITES,2005
10.1145/1291233.1291329,10.1109/TPAMI.2005.30,CITES,2005
10.1145/1291233.1291329,10.1145/1101149.1101193,CITES,2005
10.1145/1291233.1291329,10.1109/CVPR.1992.223129,CITES,
10.1145/1291233.1291329,10.1145/355993.356000,CITES,1982
10.1145/1291233.1291329,10.1145/355984.355989,CITES,1982
10.1145/1291233.1291329,10.1017/S0305004100030401,CITES,1955
10.1145/1291233.1291329,10.1126/science.290.5500.2323,CITES,2000
10.1145/1291233.1291329,10.1109/76.718510,CITES,1998
10.1145/1291233.1291329,10.1109/34.895972,CITES,2000
10.1145/1291233.1291329,10.1137/1.9781611971408,CITES,1998
10.1145/1291233.1291329,10.1137/1.9780898718058,CITES,2001
10.1145/1291233.1291329,10.1117/12.205308,CITES,1995
10.1145/1291233.1291329,10.1126/science.290.5500.2319,CITES,2000
10.1145/1291233.1291329,10.1145/500141.500159,CITES,2001
10.1145/1291233.1291329,10.1145/1180639.1180710,CITES,2006
10.1109/TKDE.2018.2807452,10.1145/1242572.1242667,CITES,2007
10.1145/1242572.1242667,10.1145/336597.336644,CITES,2000
10.1145/1242572.1242667,10.3115/1220575.1220646,CITES,2005
10.1145/1242572.1242667,10.1109/ICDE.2005.125,CITES,
10.1145/1242572.1242667,10.1145/1014052.1014065,CITES,2004
10.1145/1242572.1242667,10.1145/988672.988687,CITES,2004
10.1145/1242572.1242667,10.7551/mitpress/7287.001.0001,CITES,1998
10.1145/1242572.1242667,10.1007/11871637_24,CITES,2006
10.1145/1242572.1242667,10.1145/1008992.1009039,CITES,2004
10.1145/1242572.1242667,10.1145/505168.505170,CITES,2001
10.1145/1242572.1242667,10.3115/1220175.1220190,CITES,2006
10.1145/1242572.1242667,10.1007/11428817_7,CITES,2005
10.1145/1242572.1242667,10.3115/1220175.1220276,CITES,2006
10.1145/1242572.1242667,10.1145/1150402.1150492,CITES,2006
10.1145/1242572.1242667,10.1007/978-3-540-34963-1_21,CITES,2006
10.1109/TKDE.2018.2807452,10.1007/s00211-007-0114-x,CITES,2006
10.1007/s00211-007-0114-x,10.1007/s00211-007-0061-6,CITES,2006
10.1007/s00211-007-0114-x,10.1109/SFCS.2005.39,CITES,2005
10.1007/s00211-007-0114-x,10.1109/SFCS.2003.1238217,CITES,2003
10.1007/s00211-007-0114-x,10.1145/509907.509932,CITES,2002
10.1007/s00211-007-0114-x,10.1147/rd.444.0605,CITES,2000
10.1007/s00211-007-0114-x,10.1142/S0129053300000084,CITES,2000
10.1007/s00211-007-0114-x,10.1088/0266-5611/13/2/022,CITES,1999
10.1007/s00211-007-0114-x,10.1145/290200.287637,CITES,1998
10.1007/s00211-007-0114-x,10.1137/S0895479896297744,CITES,1997
10.1007/s00211-007-0114-x,10.1137/1.9781611971446,CITES,1997
10.1007/s00211-007-0114-x,10.1007/S002110050264,CITES,1997
10.1007/s00211-007-0114-x,10.1007/978-3-662-03338-8,CITES,1997
10.1007/s00211-007-0114-x,10.1137/0917055,CITES,1996
10.1007/s00211-007-0114-x,10.1137/0916025,CITES,1995
10.1007/s00211-007-0114-x,10.1137/S0895479891223781,CITES,1994
10.1007/s00211-007-0114-x,10.1109/SPLC.1993.365575,CITES,1993
10.1007/s00211-007-0114-x,10.1016/0024-3795(93)90477-6,CITES,1993
10.1007/s00211-007-0114-x,10.2307/2153309,CITES,1993
10.1007/s00211-007-0114-x,10.1137/0614034,CITES,1993
10.1007/s00211-007-0114-x,10.1145/131766.131769,CITES,1992
10.1007/s00211-007-0114-x,10.1145/147135.1040001,CITES,1992
10.1007/s00211-007-0114-x,10.1002/nla.1680020208,CITES,1992
10.1007/s00211-007-0114-x,10.1016/B978-0-444-88071-0.50016-3,CITES,1991
10.1007/s00211-007-0114-x,10.1145/98267.98290,CITES,1990
10.1007/s00211-007-0114-x,10.1137/0910005,CITES,1989
10.1007/s00211-007-0114-x,10.1137/0609045,CITES,1988
10.1007/s00211-007-0114-x,10.1137/0908055,CITES,1987
10.1007/s00211-007-0114-x,10.1145/28395.28396,CITES,1987
10.1007/s00211-007-0114-x,10.1137/0908009,CITES,1985
10.1007/s00211-007-0114-x,10.1080/00207178008922881,CITES,1980
10.1007/s00211-007-0114-x,10.1137/0717034,CITES,1980
10.1007/s00211-007-0114-x,10.1007/BF01395989,CITES,1980
10.1007/s00211-007-0114-x,10.1137/0716016,CITES,1979
10.1007/s00211-007-0114-x,10.1137/1020096,CITES,1978
10.1007/s00211-007-0114-x,10.1007/BF02242355,CITES,1971
10.1007/s00211-007-0114-x,10.21236/ad0705509,CITES,1970
10.1007/s00211-007-0114-x,10.1007/BF02165411,CITES,1969
10.1007/s00211-007-0114-x,10.1016/0024-3795(69)90026-3,CITES,1969
10.1007/s00211-007-0114-x,10.1137/1.9780898719604,CITES,1999
10.1007/s00211-007-0114-x,10.1137/S0895479896297719,CITES,1998
10.1007/s00211-007-0114-x,10.1090/S0025-5718-1992-1106970-4,CITES,1992
10.1007/s00211-007-0114-x,10.1007/BF00971756,CITES,1989
10.1007/s00211-007-0114-x,10.1007/BF00970267,CITES,1988
10.1007/s00211-007-0114-x,10.1137/1.9780898719642,CITES,1987
10.1007/s00211-007-0114-x,10.1007/BF00969193,CITES,1986
10.1007/s00211-007-0114-x,10.1002/9780470316559,CITES,1982
10.1109/TKDE.2018.2807452,10.1109/ICDM.2005.132,CITES,2005
10.1109/ICDM.2005.132,10.1145/321105.321107,CITES,1962
10.1109/ICDM.2005.132,10.1287/mnsc.17.11.712,CITES,1971
10.1109/ICDM.2005.132,10.1287/mnsc.18.7.401,CITES,1972
10.1109/ICDM.2005.132,10.1145/1015330.1015446,CITES,2004
10.1109/ICDM.2005.132,10.1145/1014052.1014072,CITES,2004
10.1109/ICDM.2005.132,10.1093/bioinformatics/bti1007,CITES,2005
10.1109/ICDM.2005.132,10.1093/nar/28.1.235,CITES,2000
10.1109/ICDM.2005.132,10.1145/28869.28874,CITES,1987
10.1109/ICDM.2005.132,10.1145/367766.368168,CITES,1962
10.1109/ICDM.2005.132,10.1007/BF01386390,CITES,1959
10.1109/TKDE.2018.2807452,10.1145/1101149.1101193,CITES,2005
10.1145/1101149.1101193,10.1109/34.598228,CITES,1997
10.1145/1101149.1101193,10.1109/CVPR.2005.216,CITES,
10.1145/1101149.1101193,10.1109/CVPR.2005.138,CITES,
10.1145/1101149.1101193,10.1145/1027527.1027530,CITES,2004
10.1145/1101149.1101193,10.1145/1027527.1027532,CITES,2004
10.1145/1101149.1101193,10.1145/1027527.1027533,CITES,2004
10.1145/1101149.1101193,10.1145/1027527.1027729,CITES,2004
10.1145/1101149.1101193,10.1023/B:VISI.0000029664.99615.94,CITES,2004
10.1145/1101149.1101193,10.1007/s005300050121,CITES,1999
10.1145/1101149.1101193,10.1109/CVPR.2003.1211478,CITES,
10.1145/1101149.1101193,10.1007/978-3-540-24671-8_6,CITES,2004
10.1145/1101149.1101193,10.1145/244130.244148,CITES,1996
10.1145/1101149.1101193,10.1145/319463.319613,CITES,1999
10.1145/1101149.1101193,10.1126/science.290.5500.2323,CITES,2000
10.1145/1101149.1101193,10.1023/A:1026543900054,CITES,2000
10.1145/1101149.1101193,10.1109/CVPR.2000.855825,CITES,
10.1145/1101149.1101193,10.1109/ICIP.1997.638621,CITES,
10.1145/1101149.1101193,10.1126/science.290.5500.2319,CITES,2000
10.1145/1101149.1101193,10.1109/CVPR.2000.855824,CITES,
10.1145/1101149.1101193,10.1145/500141.500159,CITES,2001
10.1145/1101149.1101193,10.1109/34.955109,CITES,2001
10.1109/TKDE.2018.2807452,10.1145/1015330.1015345,CITES,2004
10.1109/TKDE.2018.2807452,10.1126/SCIENCE.295.5552.7A,CITES,2002
10.1126/SCIENCE.295.5552.7A,10.1126/science.290.5500.2319,CITES,2000
10.1126/SCIENCE.295.5552.7A,10.1109/34.35506,CITES,1989
10.1126/SCIENCE.295.5552.7A,10.1109/34.35505,CITES,1989
10.1126/SCIENCE.295.5552.7A,10.1006/nimg.1998.0396,CITES,1999
10.1126/SCIENCE.295.5552.7A,10.1109/38.7745,CITES,1988
10.1126/SCIENCE.295.5552.7A,10.1126/science.290.5500.2319,CITES,2000
10.1126/SCIENCE.295.5552.7A,10.1006/nimg.1998.0396,CITES,1999
10.1126/SCIENCE.295.5552.7A,10.1162/089892900562561,CITES,2000
10.1126/SCIENCE.295.5552.7A,10.1109/34.35505,CITES,1989
10.1126/SCIENCE.295.5552.7A,10.1126/science.290.5500.2323,CITES,2000
10.1109/TKDE.2018.2807452,10.1126/SCIENCE.290.5500.2323,CITES,2000
10.1126/SCIENCE.290.5500.2323,10.1007/BF02293745,CITES,1977
10.1126/SCIENCE.290.5500.2323,10.1002/aic.690370209,CITES,1991
10.1126/SCIENCE.290.5500.2323,10.1007/978-3-662-00784-6,CITES,1988
10.1126/SCIENCE.290.5500.2323,10.1162/089976698300017953,CITES,1998
10.1126/SCIENCE.290.5500.2323,10.1016/S0031-3203(99)00078-3,CITES,2000
10.1126/SCIENCE.290.5500.2323,10.1080/01621459.1989.10478797,CITES,1989
10.1126/SCIENCE.290.5500.2323,10.1016/0893-6080(94)90109-0,CITES,1994
10.1126/SCIENCE.290.5500.2323,10.1126/science.272.5270.1905,CITES,1996
10.1126/SCIENCE.290.5500.2323,10.1137/1.9780898719581,CITES,2000
10.1126/SCIENCE.290.5500.2323,10.1038/44565,CITES,1999
10.1126/SCIENCE.290.5500.2323,10.1137/1.9781611970265,CITES,1983
10.1126/SCIENCE.290.5500.2323,10.1162/neco.1997.9.7.1493,CITES,1997
10.1109/TKDE.2018.2807452,10.1162/neco.1997.9.8.1735,CITES,1997
10.1162/neco.1997.9.8.1735,10.1162/neco.1991.3.4.526,CITES,1991
10.1162/neco.1997.9.8.1735,10.1109/72.279181,CITES,1994
10.1162/neco.1997.9.8.1735,10.1162/neco.1989.1.3.372,CITES,1989
10.1162/neco.1997.9.8.1735,10.1016/0893-6080(89)90022-1,CITES,1989
10.1162/neco.1997.9.8.1735,10.1016/0893-6080(90)90044-L,CITES,1990
10.1162/neco.1997.9.8.1735,10.1109/72.548162,CITES,1996
10.1162/neco.1997.9.8.1735,10.1142/S0218001493000431,CITES,1993
10.1162/neco.1997.9.8.1735,10.1162/neco.1989.1.2.263,CITES,1989
10.1162/neco.1997.9.8.1735,10.1109/72.410363,CITES,1995
10.1162/neco.1997.9.8.1735,10.1103/PhysRevLett.59.2229,CITES,1987
10.1162/neco.1997.9.8.1735,10.1016/0885-064X(88)90021-0,CITES,1988
10.1162/neco.1997.9.8.1735,10.1109/72.279191,CITES,1994
10.1162/neco.1997.9.8.1735,10.1080/09540098908915650,CITES,1989
10.1162/neco.1997.9.8.1735,10.1162/neco.1992.4.2.243,CITES,1992
10.1162/neco.1997.9.8.1735,10.1162/neco.1992.4.2.234,CITES,1992
10.1162/neco.1997.9.8.1735,10.1142/S0129065789000037,CITES,1989
10.1162/neco.1997.9.8.1735,10.1162/neco.1992.4.3.406,CITES,1992
10.1162/neco.1997.9.8.1735,10.1016/0893-6080(88)90007-X,CITES,1988
10.1109/TKDE.2018.2807452,10.1080/03081088508817681,CITES,1985
10.1080/03081088508817681,10.1016/0024-3795(70)90037-6,CITES,1970
10.1080/03081088508817681,10.1016/S0021-9800(66)80008-X,CITES,1966
10.1080/03081088508817681,10.21236/AD0705364,CITES,1969
10.1080/03081088508817681,10.21136/CMJ.1973.101168,CITES,1973
10.1109/TKDE.2018.2807452,10.1007/BF02163027,CITES,1970
10.1007/BF02163027,10.1007/BF01436084,CITES,1965
10.1007/BF02163027,10.1090/S0002-9947-1960-0109825-2,CITES,1960
10.1007/BF02163027,10.1137/0113073,CITES,1965
10.1007/BF02163027,10.1093/comjnl/4.3.265,CITES,1961
10.1007/BF02163027,10.1137/0106005,CITES,1958
10.1007/BF02163027,10.1090/qam/88795,CITES,1955
10.1007/BF02163027,10.1007/BF02161841,CITES,1968
10.1109/TKDE.2018.2807452,10.1109/TKDE.2016.2606098,CITES,2017
10.1109/TKDE.2016.2606098,10.1137/S1064827502419154,CITES,2004
10.1109/TKDE.2016.2606098,10.1109/ICCV.2005.27,CITES,2005
10.1109/TKDE.2016.2606098,10.1007/BF02289451,CITES,1966
10.1109/TKDE.2016.2606098,10.1093/acprof:oso/9780198510581.001.0001,CITES,2004
10.1109/TKDE.2016.2606098,10.1109/TKDE.2007.190669,CITES,2008
10.1109/TKDE.2016.2606098,10.1142/S0218001407005983,CITES,2007
10.1109/TKDE.2016.2606098,10.1002/(SICI)1097-4571(199009)41:6<391::AID-ASI1>3.0.CO;2-9,CITES,1990
10.1109/TKDE.2016.2606098,10.1145/502512.502550,CITES,2001
10.1109/TKDE.2016.2606098,10.1145/1015330.1015408,CITES,2004
10.1109/TKDE.2016.2606098,10.1137/1.9781611972757.70,CITES,2005
10.1109/TKDE.2016.2606098,10.1109/TPAMI.2008.277,CITES,2010
10.1109/TKDE.2016.2606098,10.1145/1076034.1076148,CITES,2005
10.1109/TKDE.2016.2606098,10.1145/1557019.1557063,CITES,2009
10.1109/TKDE.2016.2606098,10.1016/S0167-8655(03)00089-8,CITES,2003
10.1109/TKDE.2016.2606098,10.1023/A:1007617005950,CITES,2001
10.1109/TKDE.2016.2606098,10.1109/ASPAA.2003.1285860,CITES,
10.1109/TKDE.2016.2606098,10.1186/1471-2105-7-1,CITES,2006
10.1109/TKDE.2016.2606098,10.1016/j.ipm.2004.11.005,CITES,2006
10.1109/TKDE.2016.2606098,10.1109/43.310898,CITES,1994
10.1109/TKDE.2016.2606098,10.2307/2347949,CITES,1983
10.1109/TKDE.2016.2606098,10.1007/BF01908075,CITES,1985
10.1109/TKDE.2016.2606098,10.1109/ICDM.2006.160,CITES,2006
10.1109/TKDE.2016.2606098,10.1016/j.patrec.2004.02.002,CITES,2004
10.1109/TKDE.2018.2807452,10.1016/j.patcog.2016.07.043,CITES,2017
10.1016/j.patcog.2016.07.043,10.1016/j.patcog.2012.01.009,CITES,2012
10.1016/j.patcog.2016.07.043,10.1016/j.patcog.2012.07.029,CITES,2013
10.1016/j.patcog.2016.07.043,10.1109/TPAMI.2005.145,CITES,2005
10.1016/j.patcog.2016.07.043,10.1109/TNN.2010.2091969,CITES,2011
10.1016/j.patcog.2016.07.043,10.1109/TNNLS.2013.2248093,CITES,2013
10.1016/j.patcog.2016.07.043,10.1016/j.patcog.2008.12.029,CITES,2009
10.1016/j.patcog.2016.07.043,10.1145/1376616.1376675,CITES,2008
10.1016/j.patcog.2016.07.043,10.1007/978-3-540-89689-0_9,CITES,2008
10.1016/j.patcog.2016.07.043,10.1016/S0031-3203(03)00084-0,CITES,2003
10.1016/j.patcog.2016.07.043,10.1007/978-3-540-72903-7_28,CITES,
10.1016/j.patcog.2016.07.043,10.1016/j.patrec.2009.08.003,CITES,2009
10.1016/j.patcog.2016.07.043,10.1109/TSMC.1981.4308619,CITES,1981
10.1016/j.patcog.2016.07.043,10.1016/j.patcog.2006.02.017,CITES,2006
10.1016/j.patcog.2016.07.043,10.1016/j.patrec.2004.10.026,CITES,2005
10.1016/j.patcog.2016.07.043,10.1016/0042-6989(94)00195-R,CITES,1995
10.1016/j.patcog.2016.07.043,10.1007/978-3-540-72903-7_27,CITES,
10.1016/j.patcog.2016.07.043,10.1145/1132952.1132954,CITES,2006
10.1016/j.patcog.2016.07.043,10.1023/B:DAMI.0000005258.31418.83,CITES,2004
10.1016/j.patcog.2016.07.043,10.1103/PhysRevE.69.026113,CITES,2003
10.1016/j.patcog.2016.07.043,10.1145/1376616.1376661,CITES,2008
10.1016/j.patcog.2016.07.043,10.1109/34.868688,CITES,2000
10.1016/j.patcog.2016.07.043,10.1007/s10994-008-5084-4,CITES,2009
10.1016/j.patcog.2016.07.043,10.1006/jpdc.1997.1404,CITES,1998
10.1016/j.patcog.2016.07.043,10.1109/34.954604,CITES,2001
10.1016/j.patcog.2016.07.043,10.1016/j.imavis.2008.04.004,CITES,2009
10.1016/j.patcog.2016.07.043,10.1093/bioinformatics/bti1007,CITES,2005
10.1016/j.patcog.2016.07.043,10.5244/C.2.23,CITES,1988
10.1016/j.patcog.2016.07.043,10.1016/j.patcog.2012.11.020,CITES,2013
10.1109/TKDE.2018.2807452,10.1109/TNN.2008.2005605,CITES,2009
10.1109/TNN.2008.2005605,10.7551/mitpress/5236.001.0001,CITES,1986
10.1109/TNN.2008.2005605,10.1007/0-387-32792-4_4,CITES,1981
10.1109/TNN.2008.2005605,10.1145/1150402.1150409,CITES,2006
10.1109/TNN.2008.2005605,10.1109/ICIP.2003.1246606,CITES,
10.1109/TNN.2008.2005605,10.1016/S0169-7552(98)00108-1,CITES,1998
10.1109/TNN.2008.2005605,10.1142/S0218001404003228,CITES,2004
10.1109/TNN.2008.2005605,10.3115/1218955.1218971,CITES,2004
10.1109/TNN.2008.2005605,10.1109/WI.2005.67,CITES,
10.1109/TNN.2008.2005605,10.1023/B:MACH.0000039777.23772.30,CITES,2004
10.1109/TNN.2008.2005605,10.1145/959242.959248,CITES,2003
10.1109/TNN.2008.2005605,10.1109/ICMLA.2004.1383538,CITES,
10.1109/TNN.2008.2005605,10.1093/oso/9780198538493.001.0001,CITES,1995
10.1109/TNN.2008.2005605,10.1109/ICNN.1993.298623,CITES,
10.1109/TNN.2008.2005605,10.1109/72.248452,CITES,1993
10.1109/TNN.2008.2005605,10.1007/3-540-44595-1_39,CITES,2000
10.1109/TNN.2008.2005605,10.1016/j.patrec.2005.03.009,CITES,2005
10.1109/TNN.2008.2005605,10.1109/72.572102,CITES,1997
10.1109/TNN.2008.2005605,10.1109/TNN.2006.875977,CITES,2006
10.1109/TNN.2008.2005605,10.1016/S0893-6080(97)00097-X,CITES,1998
10.1109/TNN.2008.2005605,10.1021/ci9903399,CITES,2001
10.1109/TNN.2008.2005605,10.1007/978-1-4471-0715-6_4,CITES,2001
10.1109/TNN.2008.2005605,10.1162/153244304773936054,CITES,2000
10.1109/TNN.2008.2005605,10.1109/TNN.2003.810735,CITES,2003
10.1109/TNN.2008.2005605,10.1145/775152.775203,CITES,2003
10.1109/TNN.2008.2005605,10.1145/324133.324140,CITES,1999
10.1109/TNN.2008.2005605,10.1109/72.963781,CITES,2001
10.1109/TNN.2008.2005605,10.1109/CNNA.2005.1543160,CITES,
10.1109/TNN.2008.2005605,10.1073/pnas.79.8.2554,CITES,1982
10.1109/TNN.2008.2005605,10.1145/775152.775191,CITES,2003
10.1109/TNN.2008.2005605,10.1109/TKDE.2003.1208999,CITES,2003
10.1109/TNN.2008.2005605,10.1145/511446.511512,CITES,2002
10.1109/TNN.2008.2005605,10.1007/11536314_27,CITES,2005
10.1109/TNN.2008.2005605,10.1145/1013367.1013486,CITES,2004
10.1109/TNN.2008.2005605,10.1103/PhysRevLett.59.2229,CITES,1987
10.1109/TNN.2008.2005605,10.1007/BFb0053994,CITES,1998
10.1109/TNN.2008.2005605,10.1007/978-3-642-97239-3,CITES,1990
10.1109/TNN.2008.2005605,10.1093/comjnl/7.2.155,CITES,1964
10.1109/TNN.2008.2005605,10.1016/j.neunet.2005.07.003,CITES,2005
10.1109/TNN.2008.2005605,10.1002/9781118033074,CITES,2001
10.1109/TNN.2008.2005605,10.1109/TNN.2008.2005141,CITES,2009
10.1109/TNN.2008.2005605,10.1145/1183463.1183466,CITES,2006
10.1109/TNN.2008.2005605,10.1007/978-3-642-88304-0,CITES,1977
10.1109/TNN.2008.2005605,10.1016/j.patrec.2005.03.010,CITES,2005
10.1109/TNN.2008.2005605,10.1007/978-3-540-73888-6_43,CITES,
10.1109/TNN.2008.2005605,10.1109/72.712151,CITES,1998
10.1109/TNN.2008.2005605,10.1016/S0169-7552(98)00110-X,CITES,1998
10.1109/TNN.2008.2005605,10.1021/jm00106a046,CITES,1991
10.1109/TNN.2008.2005605,10.1109/72.572108,CITES,1997
10.1109/TNN.2008.2005605,10.1007/978-3-540-39917-9_14,CITES,2003
10.1109/TNN.2008.2005605,10.1109/2945.910824,CITES,2001
10.1109/TNN.2008.2005605,10.1162/089120103321337430,CITES,2003
10.1109/TNN.2008.2005605,10.1145/774841.774844,CITES,2003
10.1109/TNN.2008.2005605,10.1007/3-540-45832-8_30,CITES,2002
10.1109/TNN.2008.2005605,10.1007/978-3-540-68856-3,CITES,2008
10.1109/TNN.2008.2005605,10.1007/3-540-61863-5_42,CITES,1996
10.1109/TNN.2008.2005605,10.1109/CNNA.1992.274345,CITES,
10.1109/TNN.2008.2005605,10.7551/mitpress/9780262033589.001.0001,CITES,2006
10.1109/TNN.2008.2005605,10.1109/31.7601,CITES,1988
10.1109/TNN.2008.2005605,10.1109/31.7600,CITES,1988
10.1109/TNN.2008.2005605,10.7551/mitpress/7432.001.0001,CITES,2007
10.1109/TKDE.2018.2807452,10.1109/TPAMI.2007.12,CITES,2007
10.1109/TKDE.2018.2807452,10.1016/S0377-2217(01)00143-6,CITES,2002
10.1016/S0377-2217(01)00143-6,10.1137/S1052623496304700,CITES,1998
10.1016/S0377-2217(01)00143-6,10.2140/pjm.1975.57.15,CITES,1975
10.1016/S0377-2217(01)00143-6,10.1137/S1052623495291951,CITES,1997
10.1016/S0377-2217(01)00143-6,10.1287/moor.23.4.769,CITES,1998
10.1016/S0377-2217(01)00143-6,10.1137/S1052623497328008,CITES,2000
10.1016/S0377-2217(01)00143-6,10.1287/moor.23.4.806,CITES,1998
10.1016/S0377-2217(01)00143-6,10.1137/1.9781611970777,CITES,1994
10.1016/S0377-2217(01)00143-6,10.1007/BFb0120698,CITES,1975
10.1016/S0377-2217(01)00143-6,10.1016/S0167-6377(97)00011-4,CITES,1997
10.1016/S0377-2217(01)00143-6,10.1006/eujc.1993.1035,CITES,1993
10.1016/S0377-2217(01)00143-6,10.1007/BF02523688,CITES,1997
10.1016/S0377-2217(01)00143-6,10.1007/BF02614315,CITES,1997
10.1016/S0377-2217(01)00143-6,10.1145/227683.227684,CITES,1995
10.1016/S0377-2217(01)00143-6,10.1007/978-3-642-97881-4,CITES,1988
10.1016/S0377-2217(01)00143-6,10.1137/S089547989631442X,CITES,2000
10.1016/S0377-2217(01)00143-6,10.1007/3-540-69346-7_32,CITES,1998
10.1016/S0377-2217(01)00143-6,10.1137/S1052623497328987,CITES,2000
10.1016/S0377-2217(01)00143-6,10.1137/0806020,CITES,1996
10.1016/S0377-2217(01)00143-6,10.1145/274787.274791,CITES,1998
10.1016/S0377-2217(01)00143-6,10.1007/PL00009496,CITES,2000
10.1016/S0377-2217(01)00143-6,10.1007/BF01585731,CITES,1990
10.1016/S0377-2217(01)00143-6,10.1137/S1052623494269035,CITES,1997
10.1016/S0377-2217(01)00143-6,10.1017/S0962492900002646,CITES,1996
10.1016/S0377-2217(01)00143-6,10.1137/0801013,CITES,1991
10.1016/S0377-2217(01)00143-6,10.1137/S1052623496308618,CITES,1998
10.1016/S0377-2217(01)00143-6,10.1137/1.9781611970791,CITES,1994
10.1016/S0377-2217(01)00143-6,10.1287/moor.22.1.1,CITES,1997
10.1016/S0377-2217(01)00143-6,10.1137/S1052623495290209,CITES,1998
10.1016/S0377-2217(01)00143-6,10.1007/PL00011388,CITES,2000
10.1016/S0377-2217(01)00143-6,10.1137/0802007,CITES,1992
10.1016/S0377-2217(01)00143-6,10.1287/moor.23.2.339,CITES,1998
10.1016/S0377-2217(01)00143-6,10.1016/0005-1098(82)90087-5,CITES,1982
10.1016/S0377-2217(01)00143-6,10.1023/A:1008203903341,CITES,1997
10.1016/S0377-2217(01)00143-6,10.1007/BF02614433,CITES,1997
10.1016/S0377-2217(01)00143-6,10.1080/10556789908805745,CITES,1999
10.1016/S0377-2217(01)00143-6,10.1137/1038003,CITES,1996
10.1016/S0377-2217(01)00143-6,10.1016/0024-3795(81)90143-9,CITES,1981
10.1016/S0377-2217(01)00143-6,10.1007/978-1-4615-4381-7,CITES,2000
10.1016/S0377-2217(01)00143-6,10.1137/S1052623495296115,CITES,1998
10.1145/3543873.3587570,10.1609/AAAI.V34I04.5747,CITES,2020
10.1609/AAAI.V34I04.5747,10.24963/ijcai.2019/564,CITES,2019
10.1609/AAAI.V34I04.5747,10.24963/ijcai.2019/563,CITES,2019
10.1609/AAAI.V34I04.5747,10.18653/v1/P19-1479,CITES,2019
10.18653/v1/P19-1479,10.1016/J.AIOPEN.2021.01.001,CITES,2018
10.18653/v1/P19-1479,10.1109/ICASSP.2019.8682945,CITES,2018
10.18653/v1/P19-1479,10.1145/3269206.3271806,CITES,2018
10.18653/v1/P19-1479,10.1609/aaai.v33i01.33017370,CITES,2018
10.18653/v1/P19-1479,10.18653/v1/D18-1112,CITES,2018
10.18653/v1/P19-1479,10.18653/v1/P18-1026,CITES,2018
10.18653/v1/P19-1479,10.1145/3219819.3219890,CITES,2018
10.18653/v1/P19-1479,10.1109/CVPR.2019.01175,CITES,2018
10.18653/v1/P19-1479,10.18653/v1/P18-2025,CITES,2018
10.18653/v1/P19-1479,10.18653/v1/P18-1150,CITES,2018
10.18653/v1/P19-1479,10.18653/v1/P18-1008,CITES,2018
10.18653/v1/P19-1479,10.1145/3178876.3186005,CITES,2018
10.18653/v1/P19-1479,10.1109/CVPR.2018.00717,CITES,2018
10.18653/v1/P19-1479,10.1631/FITEE.1700826,CITES,2018
10.18653/v1/P19-1479,10.1527/tjsai.F-H72,CITES,2017
10.18653/v1/P19-1479,10.18653/v1/P17-1099,CITES,2017
10.18653/v1/P19-1479,10.18653/v1/N16-1174,CITES,2016
10.18653/v1/P19-1479,10.1145/2858036.2858389,CITES,2016
10.18653/v1/P19-1479,10.18653/v1/P16-1154,CITES,2016
10.1609/AAAI.V34I04.5747,10.1109/ICCV.2019.00936,CITES,2019
10.1109/ICCV.2019.00936,10.1016/J.AIOPEN.2021.01.001,CITES,2018
10.1109/ICCV.2019.00936,10.1007/978-3-030-01234-2_25,CITES,2018
10.1109/ICCV.2019.00936,10.1007/978-3-030-01246-5_41,CITES,2018
10.1109/ICCV.2019.00936,10.1007/978-3-030-01246-5_21,CITES,2018
10.1109/ICCV.2019.00936,10.1145/3219819.3219890,CITES,2018
10.1109/ICCV.2019.00936,10.18653/v1/P18-1187,CITES,2018
10.1109/ICCV.2019.00936,10.1109/CVPR.2018.00133,CITES,2018
10.1109/ICCV.2019.00936,10.1109/CVPR.2018.00278,CITES,2018
10.1109/ICCV.2019.00936,10.1145/3326362,CITES,2018
10.1109/ICCV.2019.00936,10.1609/aaai.v32i1.12328,CITES,2018
10.1109/ICCV.2019.00936,10.1609/aaai.v32i1.11604,CITES,2018
10.1109/ICCV.2019.00936,10.17863/CAM.48429,CITES,2017
10.1109/ICCV.2019.00936,10.1109/ICCVW.2017.85,CITES,2017
10.1109/ICCV.2019.00936,10.1109/ICCV.2017.556,CITES,2017
10.1109/ICCV.2019.00936,10.1109/ICCVW.2017.90,CITES,2017
10.1109/ICCV.2019.00936,10.1109/3DV.2017.00067,CITES,2017
10.1109/ICCV.2019.00936,10.1093/bioinformatics/btx252,CITES,2017
10.1109/ICCV.2019.00936,10.18653/v1/D17-1209,CITES,2017
10.1109/ICCV.2019.00936,10.1109/CVPR.2017.11,CITES,2017
10.1109/ICCV.2019.00936,10.1162/tacl_a_00049,CITES,2017
10.1109/ICCV.2019.00936,10.1109/ICCV.2017.89,CITES,2017
10.1109/ICCV.2019.00936,10.18653/v1/D17-1159,CITES,2017
10.1109/ICCV.2019.00936,10.1109/WACV.2018.00163,CITES,2017
10.1109/ICCV.2019.00936,10.1109/CVPR.2017.261,CITES,2017
10.1109/ICCV.2019.00936,10.1109/CVPR.2017.330,CITES,2017
10.1109/ICCV.2019.00936,10.1109/CVPR.2017.660,CITES,2016
10.1109/ICCV.2019.00936,10.1109/CVPR.2017.16,CITES,2016
10.1109/ICCV.2019.00936,10.1109/CVPR.2017.701,CITES,2016
10.1109/ICCV.2019.00936,10.1609/aaai.v31i1.10851,CITES,2016
10.1109/ICCV.2019.00936,10.1109/CVPR.2017.243,CITES,2016
10.1109/ICCV.2019.00936,10.1007/978-3-319-46475-6_34,CITES,2016
10.1109/ICCV.2019.00936,10.1109/CVPR.2016.609,CITES,2016
10.1109/ICCV.2019.00936,10.1109/cvpr.2016.90,CITES,2015
10.1109/ICCV.2019.00936,10.1109/CVPR.2016.573,CITES,2015
10.1109/ICCV.2019.00936,10.1109/ICCV.2015.114,CITES,2015
10.1109/ICCV.2019.00936,10.1145/1557019.1557109,CITES,2009
10.1109/ICCV.2019.00936,10.1007/s10115-007-0103-5,CITES,2008
10.1109/ICCV.2019.00936,10.1109/78.157290,CITES,1992
10.1109/ICCV.2019.00936,10.1177/0284185170010S30209,CITES,1970
10.1109/ICCV.2019.00936,10.1109/TNNLS.2020.2978386,CITES,2019
10.1109/ICCV.2019.00936,10.1007/978-3-030-13073-2_10,CITES,2019
10.1109/ICCV.2019.00936,10.2312/3dor.20171047,CITES,2017
10.1109/ICCV.2019.00936,10.1007/978-3-642-75988-8_28,CITES,1989
10.1609/AAAI.V34I04.5747,10.1609/AAAI.V34I04.5984,CITES,2019
10.1609/AAAI.V34I04.5984,10.1109/TPAMI.2021.3081010,CITES,2019
10.1609/AAAI.V34I04.5984,10.1016/j.knosys.2019.06.024,CITES,2018
10.1609/AAAI.V34I04.5984,10.1145/3219819.3220024,CITES,2018
10.1609/AAAI.V34I04.5984,10.1609/aaai.v32i1.11257,CITES,2018
10.1609/AAAI.V34I04.5984,10.1145/3184558.3191526,CITES,2018
10.1609/AAAI.V34I04.5984,10.17863/CAM.48429,CITES,2017
10.1609/AAAI.V34I04.5984,10.24963/ijcai.2018/505,CITES,2017
10.1609/AAAI.V34I04.5984,10.1145/3132847.3132919,CITES,2017
10.1609/AAAI.V34I04.5984,10.1016/j.patcog.2019.107000,CITES,2017
10.1609/AAAI.V34I04.5984,10.1007/978-3-030-04167-0_33,CITES,2016
10.1609/AAAI.V34I04.5984,10.1145/2939672.2939751,CITES,2016
10.1609/AAAI.V34I04.5984,10.1145/2939672.2939754,CITES,2016
10.1609/AAAI.V34I04.5984,10.1145/2806416.2806512,CITES,2015
10.1609/AAAI.V34I04.5984,10.1145/2736277.2741093,CITES,2015
10.1609/AAAI.V34I04.5984,10.1145/2623330.2623732,CITES,2014
10.1609/AAAI.V34I04.5984,10.7551/mitpress/1120.003.0080,CITES,2002
10.1609/AAAI.V34I04.5984,10.1126/SCIENCE.290.5500.2323,CITES,2000
10.1609/AAAI.V34I04.5984,10.1016/J.IFACOL.2018.03.074,CITES,2018
10.1609/AAAI.V34I04.5747,10.1016/j.patcog.2020.107637,CITES,2019
10.1016/j.patcog.2020.107637,10.1016/s0924-6509(09)x7013-3,CITES,2021
10.1016/j.patcog.2020.107637,10.1016/j.patcog.2019.107040,CITES,2020
10.1016/j.patcog.2020.107637,10.1109/TIP.2019.2920526,CITES,2019
10.1016/j.patcog.2020.107637,10.24963/ijcai.2020/303,CITES,2019
10.1016/j.patcog.2020.107637,10.1016/J.AIOPEN.2021.01.001,CITES,2018
10.1016/j.patcog.2020.107637,10.1109/tkde.2020.2981333,CITES,2018
10.1016/j.patcog.2020.107637,10.1609/AAAI.V33I01.33013558,CITES,2018
10.1016/j.patcog.2020.107637,10.1145/3363574,CITES,2018
10.1016/j.patcog.2020.107637,10.1145/3219819.3219890,CITES,2018
10.1016/j.patcog.2020.107637,10.18653/v1/P18-1187,CITES,2018
10.1016/j.patcog.2020.107637,10.1145/3178876.3186116,CITES,2018
10.1016/j.patcog.2020.107637,10.1109/CVPR.2018.00717,CITES,2018
10.1016/j.patcog.2020.107637,10.1016/j.patcog.2017.05.009,CITES,2018
10.1016/j.patcog.2020.107637,10.17863/CAM.48429,CITES,2017
10.1016/j.patcog.2020.107637,10.1109/CVPR.2017.11,CITES,2017
10.1016/j.patcog.2020.107637,10.1007/978-3-319-93417-4_38,CITES,2017
10.1016/j.patcog.2020.107637,10.1109/CVPR.2017.576,CITES,2016
10.1016/j.patcog.2020.107637,10.1109/MSP.2017.2693418,CITES,2016
10.1016/j.patcog.2020.107637,10.1109/CVPR.2017.634,CITES,2016
10.1016/j.patcog.2020.107637,10.1609/aaai.v31i1.10851,CITES,2016
10.1016/j.patcog.2020.107637,10.1109/cvpr.2016.90,CITES,2015
10.1016/j.patcog.2020.107637,10.1016/j.patcog.2014.09.002,CITES,2015
10.1016/j.patcog.2020.107637,10.1109/ICCVW.2015.112,CITES,2015
10.1016/j.patcog.2020.107637,10.1145/2623330.2623732,CITES,2014
10.1016/j.patcog.2020.107637,10.1145/3065386,CITES,2012
10.1016/j.patcog.2020.107637,10.1109/TIP.2012.2190083,CITES,2012
10.1016/j.patcog.2020.107637,10.1007/978-3-642-23672-3_45,CITES,2011
10.1016/j.patcog.2020.107637,10.1016/j.cviu.2010.12.016,CITES,2011
10.1016/j.patcog.2020.107637,10.1109/CVPR.2010.5540012,CITES,2010
10.1016/j.patcog.2020.107637,10.1016/j.patcog.2008.12.029,CITES,2009
10.1016/j.patcog.2020.107637,10.1201/b17320-16,CITES,2008
10.1016/j.patcog.2020.107637,10.1145/1390156.1390303,CITES,2008
10.1016/j.patcog.2020.107637,10.7551/mitpress/7503.003.0205,CITES,2007
10.1016/j.patcog.2020.107637,10.1145/1143844.1143847,CITES,2006
10.1016/j.patcog.2020.107637,10.1080/0308108031000084374,CITES,2003
10.1016/j.patcog.2020.107637,10.1007/978-1-4899-7687-1_100268,CITES,2003
10.1016/j.patcog.2020.107637,10.1109/43.784130,CITES,1999
10.1016/j.patcog.2020.107637,10.1016/0012-365X(93)90322-K,CITES,1993
10.1016/j.patcog.2020.107637,10.1109/TPAMI.2012.60,CITES,2013
10.1016/j.patcog.2020.107637,10.1109/TNN.2008.2005605,CITES,2009
10.1609/AAAI.V34I04.5747,10.1109/TPAMI.2021.3054830,CITES,2019
10.1109/TPAMI.2021.3054830,10.1109/mci.2020.3039072,CITES,2020
10.1109/TPAMI.2021.3054830,10.1609/AAAI.V34I04.5803,CITES,2019
10.1109/TPAMI.2021.3054830,10.1109/SampTA45681.2019.9030932,CITES,2019
10.1109/TPAMI.2021.3054830,10.1109/TNNLS.2019.2927301,CITES,2018
10.1109/TPAMI.2021.3054830,10.1609/aaai.v32i1.11782,CITES,2018
10.1109/TPAMI.2021.3054830,10.1016/J.ACHA.2019.06.003,CITES,2018
10.1109/TPAMI.2021.3054830,10.1609/aaai.v32i1.11604,CITES,2018
10.1109/TPAMI.2021.3054830,10.1109/CVPR.2018.00097,CITES,2017
10.1109/TPAMI.2021.3054830,10.17863/CAM.48429,CITES,2017
10.1109/TPAMI.2021.3054830,10.1016/B978-0-12-813677-5.00011-0,CITES,2017
10.1109/TPAMI.2021.3054830,10.1109/TSP.2018.2879624,CITES,2017
10.1109/TPAMI.2021.3054830,10.1109/CVPR.2017.11,CITES,2017
10.1109/TPAMI.2021.3054830,10.1109/CVPR.2017.576,CITES,2016
10.1109/TPAMI.2021.3054830,10.1109/MSP.2017.2693418,CITES,2016
10.1109/TPAMI.2021.3054830,10.1609/aaai.v31i1.10851,CITES,2016
10.1109/TPAMI.2021.3054830,10.1109/TSP.2016.2614793,CITES,2016
10.1109/TPAMI.2021.3054830,10.1140/epjb/e2015-60657-4,CITES,2015
10.1109/TPAMI.2021.3054830,10.1109/LSP.2015.2448655,CITES,2015
10.1109/TPAMI.2021.3054830,10.1038/sdata.2014.22,CITES,2014
10.1109/TPAMI.2021.3054830,10.1145/2623330.2623732,CITES,2014
10.1109/TPAMI.2021.3054830,10.1109/TSP.2015.2512529,CITES,2013
10.1109/TPAMI.2021.3054830,10.1145/2492007.2492029,CITES,2013
10.1109/TPAMI.2021.3054830,10.1109/ICASSP.2013.6638704,CITES,2013
10.1109/TPAMI.2021.3054830,10.1145/3065386,CITES,2012
10.1109/TPAMI.2021.3054830,10.1109/DCOSS.2011.5982158,CITES,2011
10.1109/TPAMI.2021.3054830,10.5555/1953048.2078187,CITES,2011
10.1109/TPAMI.2021.3054830,10.1109/ICIP.2010.5651072,CITES,2010
10.1109/TPAMI.2021.3054830,10.1109/IJCNN.2010.5596796,CITES,2010
10.1109/TPAMI.2021.3054830,10.1016/J.COSREV.2009.03.005,CITES,2009
10.1109/TPAMI.2021.3054830,10.1109/TNN.2008.2010350,CITES,2009
10.1109/TPAMI.2021.3054830,10.1109/TPAMI.2007.1115,CITES,2007
10.1109/TPAMI.2021.3054830,10.1145/1014052.1014118,CITES,2004
10.1109/TPAMI.2021.3054830,10.1038/30918,CITES,1998
10.1109/TPAMI.2021.3054830,10.1109/TNN.2008.2005605,CITES,2009
10.1609/AAAI.V34I04.5747,10.1016/J.AIOPEN.2021.01.001,CITES,2018
10.1016/J.AIOPEN.2021.01.001,10.1145/3394486.3403140,CITES,2020
10.1016/J.AIOPEN.2021.01.001,10.1145/3394486.3403296,CITES,2020
10.1016/J.AIOPEN.2021.01.001,10.24963/ijcai.2020/619,CITES,2020
10.1016/J.AIOPEN.2021.01.001,10.1145/3394486.3403237,CITES,2020
10.1016/J.AIOPEN.2021.01.001,10.1145/3394486.3403168,CITES,2020
10.1016/J.AIOPEN.2021.01.001,10.1609/AAAI.V34I01.5455,CITES,2020
10.1016/J.AIOPEN.2021.01.001,10.1145/3366423.3380027,CITES,2020
10.1016/J.AIOPEN.2021.01.001,10.1145/3366423.3380297,CITES,2020
10.1016/J.AIOPEN.2021.01.001,10.1609/AAAI.V34I01.5477,CITES,2019
10.1016/J.AIOPEN.2021.01.001,10.1186/s40649-019-0069-y,CITES,2019
10.1016/J.AIOPEN.2021.01.001,10.1145/3357384.3358156,CITES,2019
10.1016/J.AIOPEN.2021.01.001,10.18653/v1/2020.acl-main.655,CITES,2019
10.1016/J.AIOPEN.2021.01.001,10.18653/v1/2020.acl-main.549,CITES,2019
10.1016/J.AIOPEN.2021.01.001,10.1609/AAAI.V34I04.5747,CITES,2020
10.1016/J.AIOPEN.2021.01.001,10.1145/3394486.3403132,CITES,2019
10.1016/J.AIOPEN.2021.01.001,10.1109/ICCV.2019.00662,CITES,2019
10.1016/J.AIOPEN.2021.01.001,10.1145/3292500.3330785,CITES,2019
10.1016/J.AIOPEN.2021.01.001,10.1145/3292500.3330961,CITES,2019
10.1016/J.AIOPEN.2021.01.001,10.1145/3292500.3330851,CITES,2019
10.1016/J.AIOPEN.2021.01.001,10.18653/v1/P19-1085,CITES,2019
10.1016/J.AIOPEN.2021.01.001,10.1609/AAAI.V33I01.3301922,CITES,2019
10.1016/J.AIOPEN.2021.01.001,10.24963/ijcai.2019/601,CITES,2019
10.1016/J.AIOPEN.2021.01.001,10.24963/ijcai.2019/551,CITES,2019
10.1016/J.AIOPEN.2021.01.001,10.1145/3292500.3330925,CITES,2019
10.1016/J.AIOPEN.2021.01.001,10.18653/v1/P19-1617,CITES,2019
10.1016/J.AIOPEN.2021.01.001,10.18653/v1/P19-1259,CITES,2019
10.1016/J.AIOPEN.2021.01.001,10.1109/TPAMI.2021.3081010,CITES,2019
10.1016/J.AIOPEN.2021.01.001,10.1145/3292500.3330956,CITES,2019
10.1016/J.AIOPEN.2021.01.001,10.18653/v1/P19-1260,CITES,2019
10.1016/J.AIOPEN.2021.01.001,10.18653/v1/P19-1304,CITES,2019
10.1016/J.AIOPEN.2021.01.001,10.1145/3292500.3330982,CITES,2019
10.1016/J.AIOPEN.2021.01.001,10.1109/ICCV.2019.00936,CITES,2019
10.1016/J.AIOPEN.2021.01.001,10.1145/3308558.3313442,CITES,2019
10.1016/J.AIOPEN.2021.01.001,10.1145/3308558.3313562,CITES,2019
10.1016/J.AIOPEN.2021.01.001,10.1145/3308558.3313508,CITES,2019
10.1016/J.AIOPEN.2021.01.001,10.1609/AAAI.V34I04.5984,CITES,2019
10.1016/J.AIOPEN.2021.01.001,10.14778/3352063.3352127,CITES,2019
10.1016/J.AIOPEN.2021.01.001,10.1145/3308558.3313488,CITES,2019
10.1016/J.AIOPEN.2021.01.001,10.1145/3314148.3314357,CITES,2019
10.1016/J.AIOPEN.2021.01.001,10.1145/3292500.3330958,CITES,2018
10.1016/J.AIOPEN.2021.01.001,10.1109/tkde.2020.2981333,CITES,2018
10.1016/J.AIOPEN.2021.01.001,10.1016/j.neunet.2018.08.010,CITES,2018
10.1016/J.AIOPEN.2021.01.001,10.1609/aaai.v33i01.33011544,CITES,2018
10.1016/J.AIOPEN.2021.01.001,10.1088/1742-5468/ab3456,CITES,2018
10.1016/J.AIOPEN.2021.01.001,10.1145/3269206.3269269,CITES,2018
10.1016/J.AIOPEN.2021.01.001,10.1609/aaai.v33i01.33014602,CITES,2018
10.1016/J.AIOPEN.2021.01.001,10.18653/v1/D18-1244,CITES,2018
10.1016/J.AIOPEN.2021.01.001,10.1609/AAAI.V33I01.33013558,CITES,2018
10.1016/J.AIOPEN.2021.01.001,10.18653/v1/D18-1156,CITES,2018
10.1016/J.AIOPEN.2021.01.001,10.1007/978-3-319-99978-4_16,CITES,2018
10.1016/J.AIOPEN.2021.01.001,10.1609/aaai.v33i01.33017370,CITES,2018
10.1016/J.AIOPEN.2021.01.001,10.18653/v1/N19-1240,CITES,2018
10.1016/J.AIOPEN.2021.01.001,10.18653/v1/D18-1246,CITES,2018
10.1016/J.AIOPEN.2021.01.001,10.1007/978-3-030-01240-3_25,CITES,2018
10.1016/J.AIOPEN.2021.01.001,10.1109/ICDM.2018.00113,CITES,2018
10.1016/J.AIOPEN.2021.01.001,10.1137/1.9781611975673.74,CITES,2018
10.1016/J.AIOPEN.2021.01.001,10.1109/ICPR.2018.8545310,CITES,2018
10.1016/J.AIOPEN.2021.01.001,10.1145/3363574,CITES,2018
10.1016/J.AIOPEN.2021.01.001,10.1145/3219819.3219947,CITES,2018
10.1016/J.AIOPEN.2021.01.001,10.1145/3219819.3220000,CITES,2018
10.1016/J.AIOPEN.2021.01.001,10.1145/3219819.3220068,CITES,2018
10.1016/J.AIOPEN.2021.01.001,10.24963/ijcai.2018/142,CITES,2018
10.1016/J.AIOPEN.2021.01.001,10.24963/ijcai.2018/296,CITES,2018
10.1016/J.AIOPEN.2021.01.001,10.18653/v1/P18-1026,CITES,2018
10.1016/J.AIOPEN.2021.01.001,10.1145/3219819.3219890,CITES,2018
10.1016/J.AIOPEN.2021.01.001,10.1109/DSW.2018.8439919,CITES,2018
10.1016/J.AIOPEN.2021.01.001,10.1109/CVPR.2019.01175,CITES,2018
10.1016/J.AIOPEN.2021.01.001,10.1145/3219819.3220078,CITES,2018
10.1016/J.AIOPEN.2021.01.001,10.18653/v1/P18-1150,CITES,2018
10.1016/J.AIOPEN.2021.01.001,10.18653/v1/P18-1030,CITES,2018
10.1016/J.AIOPEN.2021.01.001,10.1609/aaai.v32i1.11782,CITES,2018
10.1016/J.AIOPEN.2021.01.001,10.1609/aaai.v32i1.12039,CITES,2018
10.1016/J.AIOPEN.2021.01.001,10.18653/v1/N18-2078,CITES,2018
10.1016/J.AIOPEN.2021.01.001,10.18653/v1/P18-1187,CITES,2018
10.1016/J.AIOPEN.2021.01.001,10.1145/3178876.3186005,CITES,2018
10.1016/J.AIOPEN.2021.01.001,10.1145/3178876.3186106,CITES,2018
10.1016/J.AIOPEN.2021.01.001,10.1145/3178876.3186116,CITES,2018
10.1016/J.AIOPEN.2021.01.001,10.1109/CVPR.2018.00756,CITES,2018
10.1016/J.AIOPEN.2021.01.001,10.1109/CVPR.2018.00717,CITES,2018
10.1016/J.AIOPEN.2021.01.001,10.1007/978-3-030-01258-8_24,CITES,2018
10.1016/J.AIOPEN.2021.01.001,10.1109/TITS.2019.2950416,CITES,2018
10.1016/J.AIOPEN.2021.01.001,10.1093/bioinformatics/bty294,CITES,2018
10.1016/J.AIOPEN.2021.01.001,10.1145/3326362,CITES,2018
10.1016/J.AIOPEN.2021.01.001,10.1609/aaai.v32i1.12328,CITES,2018
10.1016/J.AIOPEN.2021.01.001,10.1609/aaai.v32i1.11604,CITES,2018
10.1016/J.AIOPEN.2021.01.001,10.1609/aaai.v32i1.11691,CITES,2018
10.1016/J.AIOPEN.2021.01.001,10.1109/TBDATA.2018.2850013,CITES,2017
10.1016/J.AIOPEN.2021.01.001,10.1109/CVPR.2018.00378,CITES,2017
10.1016/J.AIOPEN.2021.01.001,10.1109/CVPR.2018.00479,CITES,2017
10.1016/J.AIOPEN.2021.01.001,10.1109/TKDE.2018.2849727,CITES,2017
10.1016/J.AIOPEN.2021.01.001,10.1109/CVPR.2018.00813,CITES,2017
10.1016/J.AIOPEN.2021.01.001,10.1109/CVPR.2018.00170,CITES,2017
10.1016/J.AIOPEN.2021.01.001,10.24963/ijcai.2018/490,CITES,2017
10.1016/J.AIOPEN.2021.01.001,10.1145/3132847.3132967,CITES,2017
10.1016/J.AIOPEN.2021.01.001,10.17863/CAM.48429,CITES,2017
10.1016/J.AIOPEN.2021.01.001,10.1109/ICCV.2017.556,CITES,2017
10.1016/J.AIOPEN.2021.01.001,10.1109/TKDE.2018.2807452,CITES,2018
10.1016/J.AIOPEN.2021.01.001,10.24963/ijcai.2018/505,CITES,2017
10.1016/J.AIOPEN.2021.01.001,10.1093/bioinformatics/btx252,CITES,2017
10.1016/J.AIOPEN.2021.01.001,10.1609/aaai.v32i1.11573,CITES,2017
10.1016/J.AIOPEN.2021.01.001,10.1527/tjsai.F-H72,CITES,2017
10.1016/J.AIOPEN.2021.01.001,10.1016/j.knosys.2018.03.022,CITES,2017
10.1016/J.AIOPEN.2021.01.001,10.1016/j.patcog.2019.107000,CITES,2017
10.1016/J.AIOPEN.2021.01.001,10.18653/v1/D17-1209,CITES,2017
10.1016/J.AIOPEN.2021.01.001,10.1109/CVPR.2017.11,CITES,2017
10.1016/J.AIOPEN.2021.01.001,10.1162/tacl_a_00009,CITES,2017
10.1016/J.AIOPEN.2021.01.001,10.1162/tacl_a_00049,CITES,2017
10.1016/J.AIOPEN.2021.01.001,10.1007/978-3-319-93417-4_38,CITES,2017
10.1016/J.AIOPEN.2021.01.001,10.18653/v1/D17-1159,CITES,2017
10.1016/J.AIOPEN.2021.01.001,10.1609/icwsm.v11i1.14972,CITES,2017
10.1016/J.AIOPEN.2021.01.001,10.1109/CVPR.2017.234,CITES,2017
10.1016/J.AIOPEN.2021.01.001,10.1109/CVPR.2017.10,CITES,2016
10.1016/J.AIOPEN.2021.01.001,10.1109/CVPR.2017.16,CITES,2016
10.1016/J.AIOPEN.2021.01.001,10.1109/CVPR.2017.576,CITES,2016
10.1016/J.AIOPEN.2021.01.001,10.1109/MSP.2017.2693418,CITES,2016
10.1016/J.AIOPEN.2021.01.001,10.18653/v1/P17-1012,CITES,2016
10.1016/J.AIOPEN.2021.01.001,10.1038/ncomms13890,CITES,2016
10.1016/J.AIOPEN.2021.01.001,10.1109/CVPR.2017.344,CITES,2016
10.1016/J.AIOPEN.2021.01.001,10.1609/aaai.v31i1.10851,CITES,2016
10.1016/J.AIOPEN.2021.01.001,10.1109/CVPR.2017.243,CITES,2016
10.1016/J.AIOPEN.2021.01.001,10.1145/2939672.2939753,CITES,2016
10.1016/J.AIOPEN.2021.01.001,10.1145/2939672.2939754,CITES,2016
10.1016/J.AIOPEN.2021.01.001,10.1007/978-3-319-46448-0_8,CITES,2016
10.1016/J.AIOPEN.2021.01.001,10.1007/978-3-319-46493-0_38,CITES,2016
10.1016/J.AIOPEN.2021.01.001,10.1007/s10822-016-9938-8,CITES,2016
10.1016/J.AIOPEN.2021.01.001,10.1609/aaai.v30i1.10179,CITES,2016
10.1016/J.AIOPEN.2021.01.001,10.18653/v1/D16-1053,CITES,2016
10.1016/J.AIOPEN.2021.01.001,10.18653/v1/P16-1105,CITES,2016
10.1016/J.AIOPEN.2021.01.001,10.1109/cvpr.2016.90,CITES,2015
10.1016/J.AIOPEN.2021.01.001,10.1109/CVPR.2016.573,CITES,2015
10.1016/J.AIOPEN.2021.01.001,10.1145/2736277.2741093,CITES,2015
10.1016/J.AIOPEN.2021.01.001,10.3115/v1/P15-1150,CITES,2015
10.1016/J.AIOPEN.2021.01.001,10.1109/ICCVW.2015.112,CITES,2015
10.1016/J.AIOPEN.2021.01.001,10.1007/s11263-015-0816-y,CITES,2014
10.1016/J.AIOPEN.2021.01.001,10.3115/v1/D14-1179,CITES,2014
10.1016/J.AIOPEN.2021.01.001,10.1145/2623330.2623732,CITES,2014
10.1016/J.AIOPEN.2021.01.001,10.1145/3065386,CITES,2012
10.1016/J.AIOPEN.2021.01.001,10.1109/MSP.2012.2235192,CITES,2012
10.1016/J.AIOPEN.2021.01.001,10.14778/3402707.3402736,CITES,2011
10.1016/J.AIOPEN.2021.01.001,10.1109/IJCNN.2010.5596796,CITES,2010
10.1016/J.AIOPEN.2021.01.001,10.1016/J.ACHA.2010.04.005,CITES,2009
10.1016/J.AIOPEN.2021.01.001,10.1109/TNN.2008.2010350,CITES,2009
10.1016/J.AIOPEN.2021.01.001,10.1136/ebmh.11.4.102,CITES,2008
10.1016/J.AIOPEN.2021.01.001,10.1145/1401890.1402008,CITES,2008
10.1016/J.AIOPEN.2021.01.001,10.1109/TPAMI.2007.1115,CITES,2007
10.1016/J.AIOPEN.2021.01.001,10.1007/s10115-007-0103-5,CITES,2008
10.1016/J.AIOPEN.2021.01.001,10.1109/IJCNN.2005.1555942,CITES,2005
10.1016/J.AIOPEN.2021.01.001,10.1109/CVPR.2005.38,CITES,2005
10.1016/J.AIOPEN.2021.01.001,10.1109/TNN.2004.837783,CITES,2004
10.1016/J.AIOPEN.2021.01.001,10.1016/J.NEUNET.2004.06.009,CITES,2004
10.1016/J.AIOPEN.2021.01.001,10.1016/S0022-2836(03)00628-4,CITES,2003
10.1016/J.AIOPEN.2021.01.001,10.1093/bioinformatics/btg130,CITES,2003
10.1016/J.AIOPEN.2021.01.001,10.1002/9781118033074,CITES,2001
10.1016/J.AIOPEN.2021.01.001,10.1109/72.712151,CITES,1998
10.1016/J.AIOPEN.2021.01.001,10.1109/ICCV.1998.710815,CITES,1998
10.1016/J.AIOPEN.2021.01.001,10.1162/neco.1997.9.8.1735,CITES,1997
10.1016/J.AIOPEN.2021.01.001,10.1109/72.572108,CITES,1997
10.1016/J.AIOPEN.2021.01.001,10.1090/cbms/092,CITES,1996
10.1016/J.AIOPEN.2021.01.001,10.1021/JM00106A046,CITES,1991
10.1016/J.AIOPEN.2021.01.001,10.1109/TNNLS.2020.2978386,CITES,2019
10.1016/J.AIOPEN.2021.01.001,10.18653/v1/N19-1423,CITES,2019
10.1016/J.AIOPEN.2021.01.001,10.18653/v1/D18-1032,CITES,2018
10.1016/J.AIOPEN.2021.01.001,10.1142/S1793351X16500045,CITES,2016
10.1016/J.AIOPEN.2021.01.001,10.18653/v1/D15-1174,CITES,2015
10.1016/J.AIOPEN.2021.01.001,10.1109/TNN.2008.2005141,CITES,2009
10.1016/J.AIOPEN.2021.01.001,10.1109/TNN.2008.2005605,CITES,2009
10.1016/J.AIOPEN.2021.01.001,10.1093/bioinformatics/bti1007,CITES,2005
10.1016/J.AIOPEN.2021.01.001,10.1109/5.726791,CITES,1998
10.1016/J.AIOPEN.2021.01.001,10.1016/b978-0-12-466606-1.x5000-4,CITES,1998
10.1016/J.AIOPEN.2021.01.001,10.1109/TNN.1998.712192,CITES,1998
10.1609/AAAI.V34I04.5747,10.1609/aaai.v33i01.33014602,CITES,2018
10.1609/aaai.v33i01.33014602,10.24963/ijcai.2018/360,CITES,2018
10.1609/aaai.v33i01.33014602,10.1145/3219819.3219890,CITES,2018
10.1609/aaai.v33i01.33014602,10.1609/aaai.v32i1.11782,CITES,2018
10.1609/aaai.v33i01.33014602,10.1145/3326362,CITES,2018
10.1609/aaai.v33i01.33014602,10.1609/aaai.v32i1.11604,CITES,2018
10.1609/aaai.v33i01.33014602,10.1109/CVPR.2018.00097,CITES,2017
10.1609/aaai.v33i01.33014602,10.1109/ICDM.2017.42,CITES,2017
10.1609/aaai.v33i01.33014602,10.1017/9781139028868,CITES,2017
10.1609/aaai.v33i01.33014602,10.1039/c7sc02664a,CITES,2017
10.1609/aaai.v33i01.33014602,10.1609/aaai.v31i1.10839,CITES,2017
10.1609/aaai.v33i01.33014602,10.1007/978-3-319-35122-3_21,CITES,2016
10.1609/aaai.v33i01.33014602,10.1007/978-3-319-22177-9_26,CITES,2015
10.1609/aaai.v33i01.33014602,10.1145/2783258.2783341,CITES,2015
10.1609/aaai.v33i01.33014602,10.1145/2783258.2783417,CITES,2015
10.1609/aaai.v33i01.33014602,10.1007/978-3-662-48057-1_25,CITES,2015
10.1609/aaai.v33i01.33014602,10.1038/sdata.2014.22,CITES,2014
10.1609/aaai.v33i01.33014602,10.1021/ci300415d,CITES,2012
10.1609/aaai.v33i01.33014602,10.1017/jsl.2015.28,CITES,2012
10.1609/aaai.v33i01.33014602,10.1145/1961189.1961199,CITES,2011
10.1609/aaai.v33i01.33014602,10.5555/1953048.2078187,CITES,2011
10.1609/aaai.v33i01.33014602,10.5555/1756006.1859891,CITES,2008
10.1609/aaai.v33i01.33014602,10.1109/ICDM.2005.132,CITES,2005
10.1609/aaai.v33i01.33014602,10.1021/CI049613B,CITES,2005
10.1609/aaai.v33i01.33014602,10.1137/S003614450342480,CITES,2003
10.1609/aaai.v33i01.33014602,10.1126/SCIENCE.298.5594.824,CITES,2002
10.1609/aaai.v33i01.33014602,10.1007/BF01305232,CITES,1992
10.1609/aaai.v33i01.33014602,10.1109/SFCS.1989.63543,CITES,1989
10.1609/aaai.v33i01.33014602,10.1109/SFCS.1979.8,CITES,1979
10.1609/aaai.v33i01.33014602,10.1109/TNN.2008.2005141,CITES,2009
10.1609/aaai.v33i01.33014602,10.1109/TNN.2008.2005605,CITES,2009
10.1609/aaai.v33i01.33014602,10.1007/978-3-540-45167-9_11,CITES,2003
10.1609/AAAI.V34I04.5747,10.1609/aaai.v32i1.11604,CITES,2018
10.1609/aaai.v32i1.11604,10.1090/cbms/129/05,CITES,2019
10.1609/aaai.v32i1.11604,10.1007/978-3-319-55699-4_40,CITES,2016
10.1609/aaai.v32i1.11604,10.1109/MSP.2017.2693418,CITES,2016
10.1609/aaai.v32i1.11604,10.1126/science.aab3050,CITES,2015
10.1609/aaai.v32i1.11604,10.1145/2623330.2623732,CITES,2014
10.1609/aaai.v32i1.11604,10.1109/MSP.2012.2235192,CITES,2012
10.1609/aaai.v32i1.11604,10.1109/TSP.2013.2238935,CITES,2012
10.1609/aaai.v32i1.11604,10.1016/J.ACHA.2010.04.005,CITES,2009
10.1609/aaai.v32i1.11604,10.1007/978-3-642-04174-7_29,CITES,2009
10.1609/aaai.v32i1.11604,10.1007/978-3-031-01548-9,CITES,2009
10.1609/aaai.v32i1.11604,10.1201/b17320-16,CITES,2008
10.1609/aaai.v32i1.11604,10.1145/1390156.1390303,CITES,2008
10.1609/aaai.v32i1.11604,10.1007/s11222-007-9033-z,CITES,2007
10.1609/aaai.v32i1.11604,10.1145/1015330.1015429,CITES,2004
10.1609/aaai.v32i1.11604,10.1184/R1/6606860.V1,CITES,2001
10.1609/aaai.v32i1.11604,10.1145/218380.218473,CITES,1995
10.1609/aaai.v32i1.11604,10.1086/jar.33.4.3629752,CITES,1977
10.1609/AAAI.V34I04.5747,10.17863/CAM.48429,CITES,2017
10.17863/CAM.48429,10.1093/bioinformatics/btx252,CITES,2017
10.17863/CAM.48429,10.1109/CVPRW.2017.156,CITES,2016
10.17863/CAM.48429,10.1109/CVPR.2017.576,CITES,2016
10.17863/CAM.48429,10.18653/v1/P17-1012,CITES,2016
10.17863/CAM.48429,10.18653/v1/D16-1053,CITES,2016
10.17863/CAM.48429,10.1109/cvpr.2016.90,CITES,2015
10.17863/CAM.48429,10.3115/v1/D14-1179,CITES,2014
10.17863/CAM.48429,10.1145/2623330.2623732,CITES,2014
10.17863/CAM.48429,10.1201/b17320-16,CITES,2008
10.17863/CAM.48429,10.1145/1390156.1390303,CITES,2008
10.17863/CAM.48429,10.1109/IJCNN.2005.1555942,CITES,2005
10.17863/CAM.48429,10.1073/PNAS.0506580102,CITES,2005
10.17863/CAM.48429,10.1007/978-1-4899-7687-1_100268,CITES,2003
10.17863/CAM.48429,10.1126/SCIENCE.290.5500.2323,CITES,2000
10.17863/CAM.48429,10.1109/72.712151,CITES,1998
10.17863/CAM.48429,10.1162/neco.1997.9.8.1735,CITES,1997
10.17863/CAM.48429,10.1109/72.572108,CITES,1997
10.17863/CAM.48429,10.5555/2627435.2670313,CITES,2014
10.17863/CAM.48429,10.1109/TNN.2008.2005605,CITES,2009
10.1609/AAAI.V34I04.5747,10.1093/bioinformatics/btx252,CITES,2017
10.1093/bioinformatics/btx252,10.1093/bioinformatics/btw595,CITES,2017
10.1093/bioinformatics/btx252,10.1093/bioinformatics/btw532,CITES,2016
10.1093/bioinformatics/btx252,10.1038/srep35241,CITES,2016
10.1093/bioinformatics/btx252,10.1126/science.aaf1420,CITES,2016
10.1093/bioinformatics/btx252,10.1038/nphys3865,CITES,2016
10.1093/bioinformatics/btx252,10.1145/2939672.2939753,CITES,2016
10.1093/bioinformatics/btx252,10.1038/nrg.2016.87,CITES,2016
10.1093/bioinformatics/btx252,10.1145/2939672.2939754,CITES,2016
10.1093/bioinformatics/btx252,10.1016/j.cels.2016.02.003,CITES,2016
10.1093/bioinformatics/btx252,10.1137/1.9781611974010.51,CITES,2015
10.1093/bioinformatics/btx252,10.1093/nar/gkv1115,CITES,2015
10.1093/bioinformatics/btx252,10.3389/fgene.2015.00257,CITES,2015
10.1093/bioinformatics/btx252,10.1126/science.1262110,CITES,2015
10.1093/bioinformatics/btx252,10.1038/ng.3259,CITES,2015
10.1093/bioinformatics/btx252,10.1093/bioinformatics/btv196,CITES,2015
10.1093/bioinformatics/btx252,10.1145/2736277.2741093,CITES,2015
10.1093/bioinformatics/btx252,10.1126/science.1257601,CITES,2015
10.1093/bioinformatics/btx252,10.1093/nar/gku1204,CITES,2014
10.1093/bioinformatics/btx252,10.1016/j.cell.2014.10.050,CITES,2014
10.1093/bioinformatics/btx252,10.1093/nar/gku1068,CITES,2014
10.1093/bioinformatics/btx252,10.1186/1752-0509-8-S3-S3,CITES,2014
10.1093/bioinformatics/btx252,10.1093/bioinformatics/btu282,CITES,2014
10.1093/bioinformatics/btx252,10.1109/TCYB.2013.2272642,CITES,2014
10.1093/bioinformatics/btx252,10.1016/j.cell.2014.04.016,CITES,2014
10.1093/bioinformatics/btx252,10.1016/j.cell.2014.03.009,CITES,2014
10.1093/bioinformatics/btx252,10.1145/2623330.2623732,CITES,2014
10.1093/bioinformatics/btx252,10.1074/mcp.M113.035600,CITES,2014
10.1093/bioinformatics/btx252,10.1074/mcp.M113.035600,CITES,2014
10.1093/bioinformatics/btx252,10.1093/nar/gkt1115,CITES,2013
10.1093/bioinformatics/btx252,10.1038/ncomms7868,CITES,2013
10.1093/bioinformatics/btx252,10.1186/1471-2105-14-285,CITES,2013
10.1093/bioinformatics/btx252,10.1109/TPAMI.2014.2343973,CITES,2013
10.1093/bioinformatics/btx252,10.1093/nar/gkt533,CITES,2013
10.1093/bioinformatics/btx252,10.1093/bioinformatics/btt208,CITES,2013
10.1093/bioinformatics/btx252,10.1073/pnas.1318469111,CITES,2013
10.1093/bioinformatics/btx252,10.1093/bioinformatics/bts729,CITES,2013
10.1093/bioinformatics/btx252,10.1038/nmeth.2340,CITES,2013
10.1093/bioinformatics/btx252,10.1038/nbt.2463,CITES,2012
10.1093/bioinformatics/btx252,10.1371/journal.pcbi.1002690,CITES,2012
10.1093/bioinformatics/btx252,10.1371/journal.pcbi.1002694,CITES,2012
10.1093/bioinformatics/btx252,10.1109/TKDE.2011.38,CITES,2012
10.1093/bioinformatics/btx252,10.1093/bioinformatics/btr414,CITES,2011
10.1093/bioinformatics/btx252,10.1093/nar/gkn892,CITES,2008
10.1093/bioinformatics/btx252,10.1101/gr.077479.108,CITES,2008
10.1093/bioinformatics/btx252,10.1186/gb-2008-9-s1-s4,CITES,2008
10.1093/bioinformatics/btx252,10.1093/nar/gkp914,CITES,2007
10.1093/bioinformatics/btx252,10.1093/bioinformatics/btl301,CITES,2007
10.1093/bioinformatics/btx252,10.1126/SCIENCE.1067081,CITES,2002
10.1093/bioinformatics/btx252,10.7551/mitpress/1120.003.0080,CITES,2002
10.1093/bioinformatics/btx252,10.1126/SCIENCE.290.5500.2319,CITES,2000
10.1093/bioinformatics/btx252,10.1038/75556,CITES,2000
10.1093/bioinformatics/btx252,10.1137/1.9781611973440.33,CITES,2014
10.1609/AAAI.V34I04.5747,10.1109/CVPR.2018.00275,CITES,2017
10.1109/CVPR.2018.00275,10.1145/2980179.2980238,CITES,2016
10.1109/CVPR.2018.00275,10.1016/j.cag.2013.11.009,CITES,2014
10.1109/CVPR.2018.00275,10.1109/CVPR.2016.171,CITES,2015
10.1109/CVPR.2018.00275,10.1109/ICCV.2017.99,CITES,2017
10.1109/CVPR.2018.00275,10.1038/nature14539,CITES,2015
10.1109/CVPR.2018.00275,10.1109/ICCVW.2015.112,CITES,2015
10.1109/CVPR.2018.00275,10.1109/CVPR.2017.576,CITES,2016
10.1109/CVPR.2018.00275,10.1145/2185520.2185526,CITES,2012
10.1109/CVPR.2018.00275,10.1109/ICCV.2015.510,CITES,2015
10.1109/CVPR.2018.00275,10.1109/TPAMI.2007.1115,CITES,2007
10.1109/CVPR.2018.00275,10.1109/CVPR.2017.707,CITES,2017
10.1109/CVPR.2018.00275,10.1109/CVPR.2014.491,CITES,2014
10.1109/CVPR.2018.00275,10.1109/CVPR.2017.701,CITES,2016
10.1109/CVPR.2018.00275,10.1109/CVPR.2017.11,CITES,2017
10.1109/CVPR.2018.00275,10.1109/ICCV.2017.230,CITES,2017
10.1609/AAAI.V34I04.5747,10.1145/2766462.2767755,CITES,2015
10.1145/2766462.2767755,10.1007/978-3-319-10590-1_31,CITES,2014
10.1145/2766462.2767755,10.1145/2623330.2623338,CITES,2014
10.1145/2766462.2767755,10.1145/2600428.2609568,CITES,2014
10.1145/2766462.2767755,10.1145/2600428.2609569,CITES,2014
10.1145/2766462.2767755,10.1145/2600428.2609557,CITES,2014
10.1145/2766462.2767755,10.1145/2600428.2609586,CITES,2014
10.1145/2766462.2767755,10.1145/2600428.2609621,CITES,2014
10.1145/2766462.2767755,10.1145/2647868.2654889,CITES,2014
10.1145/2766462.2767755,10.1145/2623330.2623332,CITES,2014
10.1145/2766462.2767755,10.1109/ICCV.2013.437,CITES,2013
10.1145/2766462.2767755,10.1145/2461466.2461485,CITES,2013
10.1145/2766462.2767755,10.1109/TKDE.2011.228,CITES,2013
10.1145/2766462.2767755,10.1145/2393347.2393433,CITES,2012
10.1145/2766462.2767755,10.1145/2348283.2348345,CITES,2012
10.1145/2766462.2767755,10.1145/2348283.2348293,CITES,2012
10.1145/2766462.2767755,10.1145/2348283.2348294,CITES,2012
10.1145/2766462.2767755,10.1145/2185520.2185597,CITES,2012
10.1145/2766462.2767755,10.1109/CVPRW.2012.6239352,CITES,2012
10.1145/2766462.2767755,10.1145/2024156.2024188,CITES,2011
10.1145/2766462.2767755,10.1145/2009916.2009961,CITES,2011
10.1145/2766462.2767755,10.1145/1866158.1866206,CITES,2010
10.1145/2766462.2767755,10.1016/j.amc.2009.04.058,CITES,2009
10.1145/2766462.2767755,10.1145/1559755.1559758,CITES,2009
10.1145/2766462.2767755,10.1109/MC.2009.263,CITES,2009
10.1145/2766462.2767755,10.1145/1526709.1526802,CITES,2009
10.1145/2766462.2767755,10.1007/978-3-540-88690-7_24,CITES,2008
10.1145/2766462.2767755,10.1109/CVPR.2008.4587784,CITES,2008
10.1145/2766462.2767755,10.1109/TPAMI.2007.61,CITES,2007
10.1145/2766462.2767755,10.7551/mitpress/7503.003.0178,CITES,2006
10.1145/2766462.2767755,10.1145/1126004.1126005,CITES,2006
10.1145/2766462.2767755,10.1109/TKDE.2005.99,CITES,2005
10.1145/2766462.2767755,10.1109/34.895972,CITES,2000
10.1145/2766462.2767755,10.1007/978-0-387-85820-3_5,CITES,2011
10.1145/2766462.2767755,10.1109/MIC.2003.1167344,CITES,2003
10.1609/AAAI.V34I04.5747,10.1201/b17320-16,CITES,2008
10.1145/3543873.3587570,10.18653/v1/2020.acl-main.207,CITES,2020
10.18653/v1/2020.acl-main.207,10.18653/v1/D19-1410,CITES,2019
10.18653/v1/D19-1410,10.18653/v1/P19-1054,CITES,2019
10.18653/v1/D19-1410,10.18653/v1/N19-1063,CITES,2019
10.18653/v1/D19-1410,10.18653/v1/P18-2009,CITES,2018
10.18653/v1/D19-1410,10.18653/v1/W18-3022,CITES,2018
10.18653/v1/D19-1410,10.18653/v1/S17-2001,CITES,2017
10.18653/v1/D19-1410,10.18653/v1/D17-1070,CITES,2017
10.18653/v1/D19-1410,10.18653/v1/N18-1101,CITES,2017
10.18653/v1/D19-1410,10.1109/tbdata.2019.2921572,CITES,2017
10.18653/v1/D19-1410,10.18653/v1/w16-3636,CITES,2016
10.18653/v1/D19-1410,10.18653/v1/N16-1162,CITES,2016
10.18653/v1/D19-1410,10.18653/v1/D15-1075,CITES,2015
10.18653/v1/D19-1410,10.18653/v1/S15-2045,CITES,2015
10.18653/v1/D19-1410,10.1109/CVPR.2015.7298682,CITES,2015
10.18653/v1/D19-1410,10.3115/v1/D14-1162,CITES,2014
10.18653/v1/D19-1410,10.3115/v1/S14-2010,CITES,2014
10.18653/v1/D19-1410,10.18653/v1/d13-1170,CITES,2013
10.18653/v1/D19-1410,10.3115/1219840.1219855,CITES,2005
10.18653/v1/D19-1410,10.3115/1220355.1220406,CITES,2004
10.18653/v1/D19-1410,10.1145/1014052.1014073,CITES,2004
10.18653/v1/D19-1410,10.3115/1218955.1218990,CITES,2004
10.18653/v1/D19-1410,10.3115/1072228.1072378,CITES,2002
10.18653/v1/D19-1410,10.18653/v1/N19-1423,CITES,2019
10.18653/v1/D19-1410,10.18653/v1/S16-1081,CITES,2016
10.18653/v1/D19-1410,10.1007/s10579-005-7880-9,CITES,2005
10.18653/v1/2020.acl-main.207,10.1001/jamanetworkopen.2019.6700,CITES,2019
10.1001/jamanetworkopen.2019.6700,10.1007/s11096-019-00959-4,CITES,2020
10.1001/jamanetworkopen.2019.6700,10.3390/nu11122854,CITES,2019
10.1001/jamanetworkopen.2019.6700,10.1145/3177874,CITES,2018
10.1001/jamanetworkopen.2019.6700,10.1016/j.jhsa.2018.03.026,CITES,2018
10.1001/jamanetworkopen.2019.6700,10.18653/v1/N18-1140,CITES,2018
10.1001/jamanetworkopen.2019.6700,10.18653/v1/N18-1022,CITES,2018
10.1001/jamanetworkopen.2019.6700,10.1016/S0140-6736(17)32152-9,CITES,2017
10.1001/jamanetworkopen.2019.6700,10.2147/POR.S137701,CITES,2017
10.1001/jamanetworkopen.2019.6700,10.1111/head.13018,CITES,2017
10.1001/jamanetworkopen.2019.6700,10.1056/NEJMsr1601330,CITES,2017
10.1001/jamanetworkopen.2019.6700,10.1136/bmj.i5826,CITES,2016
10.1001/jamanetworkopen.2019.6700,10.1097/MD.0000000000004409,CITES,2016
10.1001/jamanetworkopen.2019.6700,10.1016/j.eururo.2016.02.062,CITES,2016
10.1001/jamanetworkopen.2019.6700,10.1186/s13063-015-1023-4,CITES,2015
10.1001/jamanetworkopen.2019.6700,10.1088/1478-3975/12/4/045008,CITES,2015
10.1001/jamanetworkopen.2019.6700,10.1016/j.idc.2014.05.001,CITES,2014
10.1001/jamanetworkopen.2019.6700,10.1016/j.jcf.2013.12.002,CITES,2014
10.1001/jamanetworkopen.2019.6700,10.1371/journal.pmed.1001566,CITES,2013
10.1001/jamanetworkopen.2019.6700,10.1056/NEJMp1307972,CITES,2013
10.1001/jamanetworkopen.2019.6700,10.1136/bmj.f2865,CITES,2013
10.1001/jamanetworkopen.2019.6700,10.1200/JCO.2012.45.4553,CITES,2013
10.1001/jamanetworkopen.2019.6700,10.1002/nur.21514,CITES,2013
10.1001/jamanetworkopen.2019.6700,10.1377/hlthaff.2011.0172,CITES,2011
10.1001/jamanetworkopen.2019.6700,10.1089/jwh.2010.2469,CITES,2011
10.1001/jamanetworkopen.2019.6700,10.1377/hlthaff.2010.0666,CITES,2010
10.1001/jamanetworkopen.2019.6700,10.1016/j.jvs.2009.01.012,CITES,2009
10.1001/jamanetworkopen.2019.6700,10.1097/COH.0b013e32832c06db,CITES,2009
10.1001/jamanetworkopen.2019.6700,10.1007/s00228-008-0494-6,CITES,2008
10.1001/jamanetworkopen.2019.6700,10.1245/s10434-007-9500-y,CITES,2007
10.1001/jamanetworkopen.2019.6700,10.1089/jwh.2006.15.1123,CITES,2006
10.1001/jamanetworkopen.2019.6700,10.1001/JAMA.291.22.2720,CITES,2004
10.1001/jamanetworkopen.2019.6700,10.2337/DIACARE.25.3.482,CITES,2002
10.1001/jamanetworkopen.2019.6700,10.1089/15246090152636514,CITES,2001
10.1001/jamanetworkopen.2019.6700,10.1097/00006254-200101000-00022,CITES,2000
10.1001/jamanetworkopen.2019.6700,10.1089/15246090050073576,CITES,2000
10.1001/jamanetworkopen.2019.6700,10.1056/NEJM199912303412706,CITES,1999
10.1001/jamanetworkopen.2019.6700,10.1097/00007611-199912000-00011,CITES,1999
10.1001/jamanetworkopen.2019.6700,10.1177/009127009803801103,CITES,1998
10.1001/jamanetworkopen.2019.6700,10.7326/0003-4819-122-4-199502150-00031,CITES,1995
10.18653/v1/2020.acl-main.207,10.18653/v1/P19-1442,CITES,2019
10.18653/v1/P19-1442,10.18653/v1/P19-1410,CITES,2019
10.18653/v1/P19-1442,10.18653/v1/N18-1202,CITES,2018
10.18653/v1/P19-1442,10.18653/v1/D17-1070,CITES,2017
10.18653/v1/P19-1442,10.18653/v1/N18-1101,CITES,2017
10.18653/v1/P19-1442,10.18653/v1/P17-1093,CITES,2017
10.18653/v1/P19-1442,10.5087/DAD.2017.104,CITES,2017
10.18653/v1/P19-1442,10.18653/v1/N16-1162,CITES,2016
10.18653/v1/P19-1442,10.18653/v1/D15-1075,CITES,2015
10.18653/v1/P19-1442,10.1109/ICCV.2015.11,CITES,2015
10.18653/v1/P19-1442,10.1162/tacl_a_00142,CITES,2015
10.18653/v1/P19-1442,10.1162/tacl_a_00166,CITES,2014
10.18653/v1/P19-1442,10.1109/ASRU.2013.6707742,CITES,2013
10.18653/v1/P19-1442,10.18653/v1/d13-1094,CITES,2013
10.18653/v1/P19-1442,10.3115/1699510.1699555,CITES,2009
10.18653/v1/P19-1442,10.1145/1390156.1390177,CITES,2008
10.18653/v1/P19-1442,10.3115/1073083.1073145,CITES,2002
10.18653/v1/P19-1442,10.1162/089120103322753347,CITES,2001
10.18653/v1/P19-1442,10.1515/text.1.1988.8.3.243,CITES,1988
10.18653/v1/P19-1442,10.1002/9781118788516.sem061,CITES,2020
10.18653/v1/P19-1442,10.18653/v1/N19-1423,CITES,2019
10.18653/v1/P19-1442,10.1207/s15516709cog0301_4,CITES,1979
10.18653/v1/2020.acl-main.207,10.18653/v1/P19-1512,CITES,2019
10.18653/v1/P19-1512,10.18653/v1/D18-1214,CITES,2018
10.18653/v1/P19-1512,10.18653/v1/D18-1209,CITES,2018
10.18653/v1/P19-1512,10.18653/v1/P18-1064,CITES,2018
10.18653/v1/P19-1512,10.18653/v1/P18-1216,CITES,2018
10.18653/v1/P19-1512,10.1561/2200000073,CITES,2018
10.18653/v1/P19-1512,10.1109/TBDATA.2018.2850013,CITES,2017
10.18653/v1/P19-1512,10.18653/v1/P17-1158,CITES,2017
10.18653/v1/P19-1512,10.1609/aaai.v31i1.10488,CITES,2017
10.18653/v1/P19-1512,10.1145/2939672.2939754,CITES,2016
10.18653/v1/P19-1512,10.18653/v1/N16-1174,CITES,2016
10.18653/v1/P19-1512,10.1109/cvpr.2016.90,CITES,2015
10.18653/v1/P19-1512,10.18653/v1/D15-1166,CITES,2015
10.18653/v1/P19-1512,10.3115/v1/P15-1025,CITES,2015
10.18653/v1/P19-1512,10.3115/v1/P15-1107,CITES,2015
10.18653/v1/P19-1512,10.1145/2736277.2741093,CITES,2015
10.18653/v1/P19-1512,10.1109/ICDM.2014.119,CITES,2014
10.18653/v1/P19-1512,10.1145/2623330.2623732,CITES,2014
10.18653/v1/P19-1512,10.1201/b16113-43,CITES,2013
10.18653/v1/P19-1512,10.1561/2200000036,CITES,2011
10.18653/v1/P19-1512,10.1145/1557019.1557109,CITES,2009
10.18653/v1/P19-1512,10.1007/978-3-540-71050-9,CITES,2008
10.18653/v1/P19-1512,10.3115/1654536.1654547,CITES,2007
10.18653/v1/P19-1512,10.5555/1390681.1442798,CITES,2007
10.18653/v1/P19-1512,10.1023/A:1009953814988,CITES,2000
10.18653/v1/P19-1512,10.21236/ad0769673,CITES,1973
10.18653/v1/2020.acl-main.207,10.1145/3308558.3313700,CITES,2019
10.1145/3308558.3313700,10.1007/978-3-319-97289-3_20,CITES,2018
10.1145/3308558.3313700,10.18653/v1/P18-4015,CITES,2018
10.1145/3308558.3313700,10.1007/978-3-319-95162-1_35,CITES,2018
10.1145/3308558.3313700,10.1126/science.aao0185,CITES,2018
10.1145/3308558.3313700,10.1109/ICTAS.2018.8368766,CITES,2018
10.1145/3308558.3313700,10.18653/v1/N18-1022,CITES,2018
10.1145/3308558.3313700,10.18653/v1/P18-1031,CITES,2018
10.1145/3308558.3313700,10.1145/3097983.3098016,CITES,2017
10.1145/3308558.3313700,10.1109/JCDL.2017.7991606,CITES,2017
10.1145/3308558.3313700,10.1162/tacl_a_00051,CITES,2016
10.1145/3308558.3313700,10.1007/978-3-319-23240-9_9,CITES,2015
10.1145/3308558.3313700,10.1007/s00799-015-0156-0,CITES,2015
10.1145/3308558.3313700,10.1145/2740908.2742839,CITES,2015
10.1145/3308558.3313700,10.1109/JCDL.2014.6970192,CITES,2014
10.1145/3308558.3313700,10.18637/JSS.V050.I10,CITES,2012
10.1145/3308558.3313700,10.1145/1998076.1998132,CITES,2011
10.1145/3308558.3313700,10.1145/1871437.1871517,CITES,2010
10.1145/3308558.3313700,10.1145/1639714.1639758,CITES,2009
10.1145/3308558.3313700,10.1145/996350.996402,CITES,2004
10.1145/3308558.3313700,10.1023/A:1021240730564,CITES,2002
10.1145/3308558.3313700,10.1145/313238.313270,CITES,1999
10.1145/3308558.3313700,10.18637/JSS.V001.I04,CITES,1997
10.1145/3308558.3313700,10.1002/asi.4630240406,CITES,1973
10.1145/3308558.3313700,10.1023/A:1007612920971,CITES,2004
10.18653/v1/2020.acl-main.207,10.1007/s11192-020-03561-y,CITES,2019
10.1007/s11192-020-03561-y,10.1016/J.JOI.2019.01.010,CITES,2019
10.1007/s11192-020-03561-y,10.1109/ACCESS.2018.2872730,CITES,2018
10.1007/s11192-020-03561-y,10.18653/v1/N18-1149,CITES,2018
10.1007/s11192-020-03561-y,10.1145/3183370,CITES,2018
10.1007/s11192-020-03561-y,10.1145/3077136.3080730,CITES,2017
10.1007/s11192-020-03561-y,10.1145/3072606,CITES,2017
10.1007/s11192-020-03561-y,10.1109/ACCESS.2015.2481320,CITES,2015
10.1007/s11192-020-03561-y,10.1007/s11192-015-1595-5,CITES,2015
10.1007/s11192-020-03561-y,10.1002/asi.23394,CITES,2015
10.1007/s11192-020-03561-y,10.1609/aaai.v29i1.9528,CITES,2015
10.1007/s11192-020-03561-y,10.1145/2600428.2609564,CITES,2014
10.1007/s11192-020-03561-y,10.1145/1935826.1935926,CITES,2011
10.1007/s11192-020-03561-y,10.1145/1772690.1772734,CITES,2010
10.1007/s11192-020-03561-y,10.1016/j.joi.2010.01.002,CITES,2009
10.1007/s11192-020-03561-y,10.1007/s10579-012-9211-2,CITES,2009
10.1007/s11192-020-03561-y,10.3115/1075096.1075167,CITES,2003
10.1007/s11192-020-03561-y,10.3115/1075096.1075117,CITES,2003
10.1007/s11192-020-03561-y,10.3115/1073083.1073135,CITES,2002
10.1007/s11192-020-03561-y,10.5555/972705.972707,CITES,1997
10.1007/s11192-020-03561-y,10.18653/v1/N19-1423,CITES,2019
10.1007/s11192-020-03561-y,10.18653/v1/n18-3,CITES,2018
10.1007/s11192-020-03561-y,10.1007/10579.1574-0218,CITES,1966
10.18653/v1/2020.acl-main.207,10.18653/v1/D19-1371,CITES,2019
10.18653/v1/D19-1371,10.18653/v1/W19-1909,CITES,2019
10.18653/v1/D19-1371,10.18653/v1/N19-1361,CITES,2019
10.18653/v1/D19-1371,10.18653/v1/W19-5034,CITES,2019
10.18653/v1/D19-1371,10.1093/bioinformatics/btz682,CITES,2019
10.18653/v1/D19-1371,10.1186/s12859-019-2813-6,CITES,2018
10.18653/v1/D19-1371,10.18653/v1/D18-1360,CITES,2018
10.18653/v1/D19-1371,10.1186/s12859-019-2604-0,CITES,2018
10.18653/v1/D19-1371,10.1162/tacl_a_00028,CITES,2018
10.18653/v1/D19-1371,10.18653/v1/P18-1019,CITES,2018
10.18653/v1/D19-1371,10.18653/v1/N18-3011,CITES,2018
10.18653/v1/D19-1371,10.18653/v1/W18-2501,CITES,2018
10.18653/v1/D19-1371,10.18653/v1/N18-1202,CITES,2018
10.18653/v1/D19-1371,10.18653/v1/P18-1031,CITES,2018
10.18653/v1/D19-1371,10.18653/v1/D17-1035,CITES,2017
10.18653/v1/D19-1371,10.1093/database/baw068,CITES,2016
10.18653/v1/D19-1371,10.1038/sdata.2016.35,CITES,2016
10.18653/v1/D19-1371,10.18653/v1/P16-1101,CITES,2016
10.18653/v1/D19-1371,10.1093/database/bav123,CITES,2016
10.18653/v1/D19-1371,10.1145/2740908.2742839,CITES,2015
10.18653/v1/D19-1371,10.1016/j.jbi.2013.12.006,CITES,2014
10.18653/v1/D19-1371,10.1186/1471-2105-12-S2-S5,CITES,2011
10.18653/v1/D19-1371,10.3115/1567594.1567610,CITES,2004
10.18653/v1/D19-1371,10.1093/bioinformatics/btg1023,CITES,2003
10.18653/v1/D19-1371,10.18653/v1/N19-1423,CITES,2019
10.18653/v1/2020.acl-main.207,10.1145/3289600.3291017,CITES,2018
10.1145/3289600.3291017,10.1145/3209978.3210050,CITES,2018
10.1145/3289600.3291017,10.1145/3209978.3209986,CITES,2018
10.1145/3289600.3291017,10.1145/3159652.3159732,CITES,2018
10.1145/3289600.3291017,10.1145/3097983.3098155,CITES,2017
10.1145/3289600.3291017,10.1111/biom.12615,CITES,2016
10.1145/3289600.3291017,10.1145/3018661.3018699,CITES,2016
10.1145/3289600.3291017,10.1145/2911451.2911537,CITES,2016
10.1145/3289600.3291017,10.1145/2766462.2767881,CITES,2015
10.1145/3289600.3291017,10.2200/S00654ED1V01Y201507ICR043,CITES,2015
10.1145/3289600.3291017,10.1017/cbo9781139025751,CITES,2015
10.1145/3289600.3291017,10.1145/2094072.2094078,CITES,2012
10.1145/3289600.3291017,10.1145/1772690.1772793,CITES,2010
10.1145/3289600.3291017,10.1145/1935826.1935878,CITES,2010
10.1145/3289600.3291017,10.1145/1526709.1526712,CITES,2009
10.1145/3289600.3291017,10.1145/1526709.1526711,CITES,2009
10.1145/3289600.3291017,10.1145/1390334.1390392,CITES,2008
10.1145/3289600.3291017,10.1145/1390156.1390223,CITES,2008
10.1145/3289600.3291017,10.1145/1341531.1341545,CITES,2008
10.1145/3289600.3291017,10.1145/1242572.1242643,CITES,2007
10.1145/3289600.3291017,10.1145/1229179.1229181,CITES,2007
10.1145/3289600.3291017,10.1145/1076034.1076063,CITES,2005
10.1145/3289600.3291017,10.1145/775047.775067,CITES,2002
10.1145/3289600.3291017,10.1093/BIOMET/70.1.41,CITES,1983
10.1145/3289600.3291017,10.1111/J.2517-6161.1977.TB01600.X,CITES,1977
10.1145/3289600.3291017,10.5555/2789272.2886805,CITES,2015
10.18653/v1/2020.acl-main.207,10.18653/v1/D18-1482,CITES,2018
10.18653/v1/D18-1482,10.18653/v1/P18-1218,CITES,2018
10.18653/v1/D18-1482,10.18653/v1/N18-1082,CITES,2018
10.18653/v1/D18-1482,10.18653/v1/P18-1030,CITES,2018
10.18653/v1/D18-1482,10.1007/978-3-319-46448-0_3,CITES,2016
10.18653/v1/D18-1482,10.1109/TCYB.2015.2457234,CITES,2016
10.18653/v1/D18-1482,10.1137/16M1082214,CITES,2016
10.18653/v1/D18-1482,10.1109/ICCV.2015.442,CITES,2015
10.18653/v1/D18-1482,10.18653/v1/D15-1280,CITES,2015
10.18653/v1/D18-1482,10.1609/aaai.v30i1.10362,CITES,2015
10.18653/v1/D18-1482,10.3115/v1/P15-1162,CITES,2015
10.18653/v1/D18-1482,10.1162/tacl_a_00143,CITES,2015
10.18653/v1/D18-1482,10.3115/v1/P15-1107,CITES,2015
10.18653/v1/D18-1482,10.18653/v1/S15-2045,CITES,2015
10.18653/v1/D18-1482,10.18653/v1/S15-2001,CITES,2015
10.18653/v1/D18-1482,10.3115/v1/W15-1512,CITES,2015
10.18653/v1/D18-1482,10.3115/v1/P15-1150,CITES,2015
10.18653/v1/D18-1482,10.1162/tacl_a_00106,CITES,2015
10.18653/v1/D18-1482,10.3115/v1/D14-1162,CITES,2014
10.18653/v1/D18-1482,10.3115/v1/D14-1181,CITES,2014
10.18653/v1/D18-1482,10.1137/140979381,CITES,2014
10.18653/v1/D18-1482,10.3115/v1/S14-2001,CITES,2014
10.18653/v1/D18-1482,10.3115/v1/S14-2010,CITES,2014
10.18653/v1/D18-1482,10.3115/v1/P14-1062,CITES,2014
10.18653/v1/D18-1482,10.1109/TCSVT.2013.2273652,CITES,2014
10.18653/v1/D18-1482,10.18653/v1/d13-1170,CITES,2013
10.18653/v1/D18-1482,10.1145/2133806.2133826,CITES,2012
10.18653/v1/D18-1482,10.4249/scholarpedia.4356,CITES,2008
10.18653/v1/D18-1482,10.5555/1390681.1442794,CITES,2008
10.18653/v1/D18-1482,10.1007/978-3-540-28649-3_27,CITES,2004
10.18653/v1/D18-1482,10.1162/153244303768966139,CITES,2003
10.18653/v1/D18-1482,10.1007/978-1-4471-2099-5_24,CITES,1994
10.18653/v1/D18-1482,10.1016/0306-4573(88)90021-0,CITES,1988
10.18653/v1/D18-1482,10.1145/362919.362945,CITES,1971
10.18653/v1/D18-1482,10.1002/SAPM1941201224,CITES,1941
10.18653/v1/2020.acl-main.207,10.1145/3269206.3271800,CITES,2018
10.1145/3269206.3271800,10.1145/3209978.3210039,CITES,2018
10.1145/3269206.3271800,10.1145/2009916.2010058,CITES,2011
10.1145/3269206.3271800,10.1145/322017.322021,CITES,1977
10.1145/3269206.3271800,10.1145/1277741.1277820,CITES,2007
10.1145/3269206.3271800,10.1145/2983323.2983815,CITES,2016
10.1145/3269206.3271800,10.1145/3097983.3098017,CITES,2017
10.1145/3269206.3271800,10.1145/3209978.3210137,CITES,2018
10.1145/3269206.3271800,10.1007/s10791-011-9162-z,CITES,2011
10.1145/3269206.3271800,10.1017/CBO9780511794308.002,CITES,2012
10.1145/3269206.3271800,10.1145/1327452.1327492,CITES,2008
10.1145/3269206.3271800,10.1145/2983323.2983814,CITES,2016
10.1145/3269206.3271800,10.1145/3077136.3080832,CITES,2017
10.1145/3269206.3271800,10.1145/3038912.3052611,CITES,2017
10.1145/3269206.3271800,10.1137/0152031,CITES,1992
10.1145/3269206.3271800,10.1145/2983323.2983769,CITES,2016
10.1145/3269206.3271800,10.1145/2505515.2505665,CITES,2013
10.1145/3269206.3271800,10.1145/582415.582418,CITES,2002
10.1145/3269206.3271800,10.1145/383952.383972,CITES,2001
10.1145/3269206.3271800,10.1145/3132847.3132856,CITES,2017
10.1145/3269206.3271800,10.1007/978-3-319-68155-9_16,CITES,2017
10.1145/3269206.3271800,10.1145/1645953.1646259,CITES,2009
10.1145/3269206.3271800,10.1145/1076034.1076115,CITES,2005
10.1145/3269206.3271800,10.1145/3038912.3052579,CITES,2017
10.1145/3269206.3271800,10.1109/TPAMI.2014.2321376,CITES,2014
10.1145/3269206.3271800,10.1561/0400000002,CITES,2005
10.1145/3269206.3271800,10.1145/3209978.3210123,CITES,2018
10.1145/3269206.3271800,10.1145/1146847.1146848,CITES,2006
10.1145/3269206.3271800,10.3115/v1/D14-1162,CITES,2014
10.1145/3269206.3271800,10.1145/290941.291008,CITES,1998
10.1145/3269206.3271800,10.1038/323533a0,CITES,1986
10.1145/3269206.3271800,10.1145/2567948.2577348,CITES,2014
10.1145/3269206.3271800,10.1111/j.2517-6161.1996.tb02080.x,CITES,1996
10.1145/3269206.3271800,10.1145/2983323.2983702,CITES,2016
10.1145/3269206.3271800,10.1145/3196826,CITES,2018
10.1145/3269206.3271800,10.1145/3077136.3080809,CITES,2017
10.1145/3269206.3271800,10.1145/243199.243202,CITES,1996
10.1145/3269206.3271800,10.1145/3077136.3080831,CITES,2017
10.1145/3269206.3271800,10.1145/3234944.3234968,CITES,2018
10.1145/3269206.3271800,10.1145/2983323.2983844,CITES,2016
10.1145/3269206.3271800,10.1145/3038912.3052648,CITES,2017
10.1145/3269206.3271800,10.1145/3209978.3210041,CITES,2018
10.1145/3269206.3271800,10.1145/3209978.3210200,CITES,2018
10.1145/3269206.3271800,10.1145/3159652.3159730,CITES,2018
10.1145/3269206.3271800,10.1145/502585.502654,CITES,2001
10.1145/3269206.3271800,10.1145/984321.984322,CITES,2004
10.18653/v1/2020.acl-main.207,10.18653/v1/D18-1209,CITES,2018
10.18653/v1/D18-1209,10.18653/v1/P18-1041,CITES,2018
10.18653/v1/D18-1209,10.18653/v1/P18-1190,CITES,2018
10.18653/v1/D18-1209,10.18653/v1/D18-1210,CITES,2017
10.18653/v1/D18-1209,10.1609/aaai.v32i1.11991,CITES,2017
10.18653/v1/D18-1209,10.18653/v1/P17-1158,CITES,2017
10.18653/v1/D18-1209,10.24963/ijcai.2017/579,CITES,2017
10.18653/v1/D18-1209,10.1609/aaai.v31i1.10488,CITES,2017
10.18653/v1/D18-1209,10.1145/2983323.2983869,CITES,2016
10.18653/v1/D18-1209,10.1145/2939672.2939753,CITES,2016
10.18653/v1/D18-1209,10.18653/V1/E17-2068,CITES,2016
10.18653/v1/D18-1209,10.1145/2939672.2939754,CITES,2016
10.18653/v1/D18-1209,10.18653/v1/D16-1244,CITES,2016
10.18653/v1/D18-1209,10.18653/v1/N16-1108,CITES,2016
10.18653/v1/D18-1209,10.1145/2806416.2806512,CITES,2015
10.18653/v1/D18-1209,10.1145/2736277.2741093,CITES,2015
10.18653/v1/D18-1209,10.1145/2623330.2623732,CITES,2014
10.18653/v1/D18-1209,10.1145/1557019.1557109,CITES,2009
10.18653/v1/D18-1209,10.5555/1390681.1442798,CITES,2007
10.18653/v1/D18-1209,10.1148/RADIOLOGY.143.1.7063747,CITES,1982
10.18653/v1/D18-1209,10.17877/DE290R-14262,CITES,1998
10.18653/v1/2020.acl-main.207,10.1007/978-3-319-97289-3_20,CITES,2018
10.1007/978-3-319-97289-3_20,10.1007/s00799-015-0156-0,CITES,2015
10.1007/978-3-319-97289-3_20,10.1207/s15516709cog0304_3,CITES,1979
10.1007/978-3-319-97289-3_20,10.1109/JCDL.2014.6970157,CITES,2014
10.1007/978-3-319-97289-3_20,10.1016/j.ipm.2017.03.006,CITES,2017
10.1007/978-3-319-97289-3_20,10.1109/TBDATA.2016.2641460,CITES,2017
10.1007/978-3-319-97289-3_20,10.1016/j.ipm.2016.12.006,CITES,2017
10.1007/978-3-319-97289-3_20,10.1371/journal.pone.0184516,CITES,2017
10.1007/978-3-319-97289-3_20,10.1109/NCCA.2015.27,CITES,2015
10.1007/978-3-319-97289-3_20,10.1109/TBDATA.2016.2555318,CITES,2016
10.1007/978-3-319-97289-3_20,10.1016/j.dss.2017.10.011,CITES,2018
10.1007/978-3-319-97289-3_20,10.1145/2740908.2742839,CITES,2015
10.1007/978-3-319-97289-3_20,10.1109/ICDM.2008.22,CITES,2008
10.1007/978-3-319-97289-3_20,10.1002/(SICI)1097-4571(198907)40:4<284::AID-ASI10>3.0.CO;2-Z,CITES,1989
10.1007/978-3-319-97289-3_20,10.1108/00220410810844150,CITES,2008
10.1007/978-3-319-97289-3_20,10.1145/587078.587096,CITES,2002
10.1007/978-3-319-97289-3_20,10.1186/s40537-014-0008-6,CITES,2015
10.1007/978-3-319-97289-3_20,10.1109/LSP.2012.2188026,CITES,2012
10.1007/978-3-319-97289-3_20,10.1145/1864708.1864721,CITES,2010
10.1007/978-3-319-97289-3_20,10.1145/2020408.2020480,CITES,2011
10.18653/v1/2020.acl-main.207,10.18653/v1/N18-3011,CITES,2018
10.18653/v1/N18-3011,10.1145/3197026.3197040,CITES,2018
10.18653/v1/N18-3011,10.18653/v1/N18-1022,CITES,2018
10.18653/v1/N18-3011,10.18653/v1/S17-2097,CITES,2017
10.18653/v1/N18-3011,10.5555/3200334.3200341,CITES,2017
10.18653/v1/N18-3011,10.18653/v1/P17-1089,CITES,2017
10.18653/v1/N18-3011,10.18653/v1/S17-2091,CITES,2017
10.18653/v1/N18-3011,10.1145/3038912.3052558,CITES,2017
10.18653/v1/N18-3011,10.18653/v1/P17-1161,CITES,2017
10.18653/v1/N18-3011,10.1093/jamia/ocw177,CITES,2017
10.18653/v1/N18-3011,10.1093/database/baw068,CITES,2016
10.18653/v1/N18-3011,10.18653/v1/N16-1030,CITES,2016
10.18653/v1/N18-3011,10.1007/978-3-319-25007-6_25,CITES,2015
10.18653/v1/N18-3011,10.1162/tacl_a_00141,CITES,2015
10.18653/v1/N18-3011,10.1186/1758-2946-7-S1-S1,CITES,2015
10.18653/v1/N18-3011,10.3115/v1/D14-1162,CITES,2014
10.18653/v1/N18-3011,10.1609/aimag.v36i3.2601,CITES,2014
10.18653/v1/N18-3011,10.1186/cc12608,CITES,2013
10.18653/v1/N18-3011,10.1038/476025a,CITES,2011
10.18653/v1/N18-3011,10.1186/1471-2105-12-223,CITES,2011
10.18653/v1/N18-3011,10.5555/1953048.2078186,CITES,2011
10.18653/v1/N18-3011,10.1145/1871437.1871689,CITES,2010
10.18653/v1/N18-3011,10.1162/neco.1997.9.8.1735,CITES,1997
10.18653/v1/N18-3011,10.18653/v1/P17-4018,CITES,2017
10.18653/v1/2020.acl-main.207,10.18653/v1/W18-2501,CITES,2018
10.18653/v1/W18-2501,10.18653/v1/N18-1202,CITES,2018
10.18653/v1/W18-2501,10.18653/v1/P18-1078,CITES,2017
10.18653/v1/W18-2501,10.18653/v1/D17-1160,CITES,2017
10.18653/v1/W18-2501,10.18653/v1/D17-1018,CITES,2017
10.18653/v1/W18-2501,10.18653/v1/P17-1044,CITES,2017
10.18653/v1/W18-2501,10.18653/v1/D17-2014,CITES,2017
10.18653/v1/W18-2501,10.18653/v1/P17-1076,CITES,2017
10.18653/v1/W18-2501,10.18653/v1/P17-1161,CITES,2017
10.18653/v1/W18-2501,10.18653/V1/P17-4012,CITES,2017
10.18653/v1/W18-2501,10.18653/v1/D16-1264,CITES,2016
10.18653/v1/W18-2501,10.18653/v1/D16-1244,CITES,2016
10.18653/v1/W18-2501,10.18653/v1/D16-1053,CITES,2016
10.18653/v1/W18-2501,10.18653/v1/D15-1075,CITES,2015
10.18653/v1/W18-2501,10.3115/v1/P15-1109,CITES,2015
10.18653/v1/W18-2501,10.1145/2647868.2654889,CITES,2014
10.18653/v1/W18-2501,10.3115/v1/D14-1179,CITES,2014
10.18653/v1/W18-2501,10.3115/v1/P14-5010,CITES,2014
10.18653/v1/W18-2501,10.5555/1953048.2078195,CITES,2011
10.18653/v1/W18-2501,10.1109/CVPR.2009.5206848,CITES,2009
10.18653/v1/W18-2501,10.1162/0891201053630264,CITES,2005
10.18653/v1/W18-2501,10.1162/neco.1997.9.8.1735,CITES,1997
10.18653/v1/W18-2501,10.25080/MAJORA-92BF1922-003,CITES,2010
10.18653/v1/2020.acl-main.207,10.18653/v1/N18-1022,CITES,2018
10.18653/v1/N18-1022,10.1145/3110025.3110150,CITES,2017
10.18653/v1/N18-1022,10.1145/3041021.3053062,CITES,2017
10.18653/v1/N18-1022,10.1145/2872518.2890518,CITES,2016
10.18653/v1/N18-1022,10.1109/ACCESS.2015.2481320,CITES,2015
10.18653/v1/N18-1022,10.1007/s00799-015-0156-0,CITES,2015
10.18653/v1/N18-1022,10.3115/v1/P15-1162,CITES,2015
10.18653/v1/N18-1022,10.1609/aaai.v29i1.9528,CITES,2015
10.18653/v1/N18-1022,10.3115/v1/D14-1150,CITES,2014
10.18653/v1/N18-1022,10.1145/2623330.2623630,CITES,2014
10.18653/v1/N18-1022,10.3115/v1/P14-5010,CITES,2014
10.18653/v1/N18-1022,10.1109/CVPR.2014.180,CITES,2014
10.18653/v1/N18-1022,10.1137/1.9781611972825.96,CITES,2012
10.18653/v1/N18-1022,10.1145/2396761.2398542,CITES,2012
10.18653/v1/N18-1022,10.1145/1935826.1935926,CITES,2011
10.18653/v1/N18-1022,10.1609/aaai.v24i1.7520,CITES,2010
10.18653/v1/N18-1022,10.1007/978-3-642-01307-2_55,CITES,2009
10.18653/v1/N18-1022,10.1145/1401890.1401957,CITES,2008
10.18653/v1/N18-1022,10.1145/1277741.1277868,CITES,2007
10.18653/v1/N18-1022,10.1145/587078.587096,CITES,2002
10.18653/v1/N18-1022,10.1142/S0218001493000339,CITES,1993
10.18653/v1/N18-1022,10.3115/v1/N15-1008,CITES,2015
10.18653/v1/N18-1022,10.1007/978-3-7908-2604-3_16,CITES,2010
10.18653/v1/2020.acl-main.207,10.18653/v1/N18-1202,CITES,2018
10.18653/v1/N18-1202,10.18653/v1/P18-1157,CITES,2017
10.18653/v1/N18-1202,10.18653/v1/P18-1078,CITES,2017
10.18653/v1/N18-1202,10.18653/v1/D17-1120,CITES,2017
10.18653/v1/N18-1202,10.18653/v1/D17-1018,CITES,2017
10.18653/v1/N18-1202,10.18653/v1/P17-1044,CITES,2017
10.18653/v1/N18-1202,10.18653/v1/P17-1018,CITES,2017
10.18653/v1/N18-1202,10.18653/v1/P17-1080,CITES,2017
10.18653/v1/N18-1202,10.18653/v1/P17-1161,CITES,2017
10.18653/v1/N18-1202,10.18653/V1/E17-1010,CITES,2017
10.18653/v1/N18-1202,10.18653/v1/D17-1206,CITES,2016
10.18653/v1/N18-1202,10.18653/v1/D16-1245,CITES,2016
10.18653/v1/N18-1202,10.18653/v1/P17-1152,CITES,2016
10.18653/v1/N18-1202,10.18653/v1/K16-1006,CITES,2016
10.18653/v1/N18-1202,10.18653/v1/P16-2038,CITES,2016
10.18653/v1/N18-1202,10.18653/v1/P16-1085,CITES,2016
10.18653/v1/N18-1202,10.18653/V1/E17-1002,CITES,2016
10.18653/v1/N18-1202,10.1162/tacl_a_00051,CITES,2016
10.18653/v1/N18-1202,10.18653/v1/D16-1157,CITES,2016
10.18653/v1/N18-1202,10.18653/v1/D16-1264,CITES,2016
10.18653/v1/N18-1202,10.18653/v1/N16-1114,CITES,2016
10.18653/v1/N18-1202,10.18653/v1/P16-1101,CITES,2016
10.18653/v1/N18-1202,10.18653/v1/N16-1030,CITES,2016
10.18653/v1/N18-1202,10.1162/tacl_a_00104,CITES,2015
10.18653/v1/N18-1202,10.1609/aaai.v30i1.10362,CITES,2015
10.18653/v1/N18-1202,10.18653/v1/D15-1075,CITES,2015
10.18653/v1/N18-1202,10.18653/v1/D15-1176,CITES,2015
10.18653/v1/N18-1202,10.3115/v1/P15-1109,CITES,2015
10.18653/v1/N18-1202,10.3115/v1/D14-1162,CITES,2014
10.18653/v1/N18-1202,10.3115/v1/D14-1113,CITES,2014
10.18653/v1/N18-1202,10.3115/v1/W14-4012,CITES,2014
10.18653/v1/N18-1202,10.21437/Interspeech.2014-564,CITES,2013
10.18653/v1/N18-1202,10.18653/v1/d13-1203,CITES,2013
10.18653/v1/N18-1202,10.18653/v1/d13-1170,CITES,2013
10.18653/v1/N18-1202,10.5555/1953048.2078186,CITES,2011
10.18653/v1/N18-1202,10.1162/0891201053630264,CITES,2005
10.18653/v1/N18-1202,10.3115/1119176.1119195,CITES,2003
10.18653/v1/N18-1202,10.1162/neco.1997.9.8.1735,CITES,1997
10.18653/v1/N18-1202,10.3115/1075812.1075866,CITES,1994
10.18653/v1/N18-1202,10.5555/2627435.2670313,CITES,2014
10.18653/v1/2020.acl-main.207,10.18653/v1/P18-1031,CITES,2018
10.18653/v1/P18-1031,10.1007/978-3-030-01216-8_12,CITES,2018
10.18653/v1/P18-1031,10.18653/v1/N18-1108,CITES,2018
10.18653/v1/P18-1031,10.18653/v1/N18-1202,CITES,2018
10.18653/v1/P18-1031,10.1609/aaai.v32i1.12006,CITES,2017
10.18653/v1/P18-1031,10.18653/v1/D17-1169,CITES,2017
10.18653/v1/P18-1031,10.18653/v1/P17-1052,CITES,2017
10.18653/v1/P18-1031,10.18653/v1/D17-1070,CITES,2017
10.18653/v1/P18-1031,10.18653/v1/P17-1190,CITES,2017
10.18653/v1/P18-1031,10.18653/v1/P17-1194,CITES,2017
10.18653/v1/P18-1031,10.18653/v1/P17-1161,CITES,2017
10.18653/v1/P18-1031,10.18653/v1/P17-2081,CITES,2017
10.18653/v1/P18-1031,10.1162/tacl_a_00115,CITES,2016
10.18653/v1/P18-1031,10.14489/vkit.2019.12.pp.010-017,CITES,2016
10.18653/v1/P18-1031,10.1109/CVPR.2017.243,CITES,2016
10.18653/v1/P18-1031,10.18653/v1/D16-1046,CITES,2016
10.18653/v1/P18-1031,10.1109/cvpr.2016.90,CITES,2015
10.18653/v1/P18-1031,10.18653/v1/P16-1009,CITES,2015
10.18653/v1/P18-1031,10.1109/WACV.2017.58,CITES,2015
10.18653/v1/P18-1031,10.18653/v1/S15-2079,CITES,2015
10.18653/v1/P18-1031,10.18653/v1/D15-1279,CITES,2015
10.18653/v1/P18-1031,10.1109/CVPR.2015.7298642,CITES,2014
10.18653/v1/P18-1031,10.1109/CVPR.2015.7298965,CITES,2014
10.18653/v1/P18-1031,10.1109/CVPRW.2014.131,CITES,2014
10.18653/v1/P18-1031,10.1109/TDSC.2012.75,CITES,2012
10.18653/v1/P18-1031,10.1016/j.dss.2010.08.006,CITES,2011
10.18653/v1/P18-1031,10.1109/TKDE.2009.191,CITES,2010
10.18653/v1/P18-1031,10.5555/1756006.1756025,CITES,2010
10.18653/v1/P18-1031,10.1145/1242572.1242759,CITES,2007
10.18653/v1/P18-1031,10.7551/mitpress/7503.003.0024,CITES,2006
10.18653/v1/P18-1031,10.1007/0-387-34239-7,CITES,2006
10.18653/v1/P18-1031,10.1613/jair.731,CITES,2000
10.18653/v1/P18-1031,10.1016/b978-1-55860-307-3.50012-5,CITES,1993
10.18653/v1/P18-1031,10.1002/asi.21233,CITES,2010
10.18653/v1/2020.acl-main.207,10.18653/v1/P17-1158,CITES,2017
10.18653/v1/P17-1158,10.1145/2983323.2983869,CITES,2016
10.18653/v1/P17-1158,10.1145/2939672.2939753,CITES,2016
10.18653/v1/P17-1158,10.1145/2939672.2939754,CITES,2016
10.18653/v1/P17-1158,10.1145/2806416.2806512,CITES,2015
10.18653/v1/P17-1158,10.1145/2736277.2741093,CITES,2015
10.18653/v1/P17-1158,10.3115/v1/P15-1150,CITES,2015
10.18653/v1/P17-1158,10.3115/v1/N15-1011,CITES,2014
10.18653/v1/P17-1158,10.3115/v1/D14-1181,CITES,2014
10.18653/v1/P17-1158,10.3115/v1/D14-1179,CITES,2014
10.18653/v1/P17-1158,10.3115/v1/P14-1062,CITES,2014
10.18653/v1/P17-1158,10.1145/2623330.2623732,CITES,2014
10.18653/v1/P17-1158,10.1145/1557019.1557109,CITES,2009
10.18653/v1/P17-1158,10.5555/1390681.1442794,CITES,2008
10.18653/v1/P17-1158,10.5555/1390681.1442798,CITES,2007
10.18653/v1/P17-1158,10.1145/1081870.1081893,CITES,2005
10.18653/v1/P17-1158,10.1023/A:1009953814988,CITES,2000
10.18653/v1/P17-1158,10.1109/78.650093,CITES,1997
10.18653/v1/P17-1158,10.1148/RADIOLOGY.143.1.7063747,CITES,1982
10.18653/v1/2020.acl-main.207,10.18653/v1/D17-1070,CITES,2017
10.18653/v1/D17-1070,10.18653/v1/N18-1038,CITES,2017
10.18653/v1/D17-1070,10.18653/v1/N18-1101,CITES,2017
10.18653/v1/D17-1070,10.1162/tacl_a_00051,CITES,2016
10.18653/v1/D17-1070,10.18653/v1/D16-1157,CITES,2016
10.18653/v1/D17-1070,10.18653/v1/D16-1046,CITES,2016
10.18653/v1/D17-1070,10.18653/v1/N16-1162,CITES,2016
10.18653/v1/D17-1070,10.1109/cvpr.2016.90,CITES,2015
10.18653/v1/D17-1070,10.1109/CVPR.2016.429,CITES,2015
10.18653/v1/D17-1070,10.18653/v1/D15-1075,CITES,2015
10.18653/v1/D17-1070,10.1109/ICCV.2015.11,CITES,2015
10.18653/v1/D17-1070,10.1007/s11263-016-0966-6,CITES,2015
10.18653/v1/D17-1070,10.1109/ICCV.2015.301,CITES,2015
10.18653/v1/D17-1070,10.3115/v1/P15-1150,CITES,2015
10.18653/v1/D17-1070,10.1109/CVPR.2015.7298932,CITES,2014
10.18653/v1/D17-1070,10.3115/v1/D14-1162,CITES,2014
10.18653/v1/D17-1070,10.3115/v1/W14-4012,CITES,2014
10.18653/v1/D17-1070,10.3115/v1/S14-2010,CITES,2014
10.18653/v1/D17-1070,10.3115/v1/S14-2055,CITES,2014
10.18653/v1/D17-1070,10.1109/CVPR.2014.220,CITES,2014
10.18653/v1/D17-1070,10.1007/978-3-319-10602-1_48,CITES,2014
10.18653/v1/D17-1070,10.1109/CVPRW.2014.131,CITES,2014
10.18653/v1/D17-1070,10.18653/v1/d13-1090,CITES,2013
10.18653/v1/D17-1070,10.1613/jair.3994,CITES,2013
10.18653/v1/D17-1070,10.5555/1953048.2078186,CITES,2011
10.18653/v1/D17-1070,10.1109/CVPR.2009.5206848,CITES,2009
10.18653/v1/D17-1070,10.1145/1390156.1390177,CITES,2008
10.18653/v1/D17-1070,10.1162/neco.1997.9.8.1735,CITES,1997
10.18653/v1/2020.acl-main.207,10.1109/IJCNN.2017.7966147,CITES,2017
10.1109/IJCNN.2017.7966147,10.1111/j.1551-6709.2010.01106.x,CITES,2010
10.1109/IJCNN.2017.7966147,10.1007/s10994-010-5198-3,CITES,2010
10.1109/IJCNN.2017.7966147,10.1007/978-1-4614-3223-4_4,CITES,2012
10.1109/IJCNN.2017.7966147,10.1007/s10791-010-9141-9,CITES,2011
10.1109/IJCNN.2017.7966147,10.1145/1143844.1143859,CITES,2006
10.1109/IJCNN.2017.7966147,10.3115/1613715.1613763,CITES,2008
10.1109/IJCNN.2017.7966147,10.1073/pnas.0307752101,CITES,2004
10.1109/IJCNN.2017.7966147,10.1007/3-540-45357-1_13,CITES,2001
10.1109/IJCNN.2017.7966147,10.1145/1150402.1150450,CITES,2006
10.1109/IJCNN.2017.7966147,10.1045/january2005-bollen,CITES,2005
10.18653/v1/2020.acl-main.207,10.18653/v1/N18-1101,CITES,2017
10.18653/v1/N18-1101,10.5040/9781838711054.ch-012,CITES,2020
10.18653/v1/N18-1101,10.18653/v1/W17-5301,CITES,2017
10.18653/v1/N18-1101,10.18653/v1/D17-1070,CITES,2017
10.18653/v1/N18-1101,10.1097/01.jam.0000053423.17052.69,CITES,2017
10.18653/v1/N18-1101,10.18653/v1/P17-1152,CITES,2016
10.18653/v1/N18-1101,10.18653/v1/W17-2612,CITES,2016
10.18653/v1/N18-1101,10.18653/V1/E17-1038,CITES,2016
10.18653/v1/N18-1101,10.18653/v1/D16-1244,CITES,2016
10.18653/v1/N18-1101,10.18653/v1/D16-1046,CITES,2016
10.18653/v1/N18-1101,10.18653/v1/P16-1139,CITES,2016
10.18653/v1/N18-1101,10.1007/s10579-015-9332-5,CITES,2016
10.18653/v1/N18-1101,10.18653/v1/N16-1170,CITES,2015
10.18653/v1/N18-1101,10.18653/v1/P16-2022,CITES,2015
10.18653/v1/N18-1101,10.18653/v1/D15-1075,CITES,2015
10.18653/v1/N18-1101,10.3115/v1/D14-1162,CITES,2014
10.18653/v1/N18-1101,10.3115/v1/S14-2001,CITES,2014
10.18653/v1/N18-1101,10.1162/tacl_a_00166,CITES,2014
10.18653/v1/N18-1101,10.1007/978-3-319-10590-1_53,CITES,2013
10.18653/v1/N18-1101,10.1145/3065386,CITES,2012
10.18653/v1/N18-1101,10.3115/1693756.1693772,CITES,2009
10.18653/v1/N18-1101,10.7551/mitpress/7503.003.0022,CITES,2006
10.18653/v1/N18-1101,10.3115/1610075.1610094,CITES,2006
10.18653/v1/N18-1101,10.2349/biij.2.3.e29,CITES,2006
10.18653/v1/N18-1101,10.1613/jair.1872,CITES,2006
10.18653/v1/N18-1101,10.3115/1220575.1220654,CITES,2005
10.18653/v1/N18-1101,10.3115/1075096.1075150,CITES,2003
10.18653/v1/N18-1101,10.3115/1119239.1119245,CITES,2003
10.18653/v1/N18-1101,10.1162/neco.1997.9.8.1735,CITES,1997
10.18653/v1/N18-1101,10.21236/ad0769673,CITES,1973
10.18653/v1/N18-1101,10.1017/CBO9781139236157,CITES,2016
10.18653/v1/N18-1101,10.5555/2627435.2670313,CITES,2014
10.18653/v1/N18-1101,10.4135/9781529714388.n635,CITES,1970
10.18653/v1/2020.acl-main.207,10.18653/v1/W16-1609,CITES,2016
10.18653/v1/W16-1609,10.1145/2838931.2838934,CITES,2015
10.18653/v1/W16-1609,10.18653/v1/P16-1158,CITES,2015
10.18653/v1/W16-1609,10.1109/IJCNN.2015.7280462,CITES,2015
10.18653/v1/W16-1609,10.1109/ICCV.2015.11,CITES,2015
10.18653/v1/W16-1609,10.18653/v1/S15-2027,CITES,2015
10.18653/v1/W16-1609,10.18653/v1/S15-2045,CITES,2015
10.18653/v1/W16-1609,10.3115/v1/D14-1162,CITES,2014
10.18653/v1/W16-1609,10.3115/v1/S14-2010,CITES,2014
10.18653/v1/W16-1609,10.3115/v1/P14-5010,CITES,2014
10.18653/v1/W16-1609,10.3115/v1/P14-1011,CITES,2014
10.18653/v1/W16-1609,10.3115/v1/N15-1099,CITES,2015
10.18653/v1/2020.acl-main.207,10.1162/tacl_a_00051,CITES,2016
10.1162/tacl_a_00051,10.3115/v1/N15-1140,CITES,2019
10.1162/tacl_a_00051,10.1002/0471684228.egp10519,CITES,2018
10.1162/tacl_a_00051,10.18653/v1/D16-1157,CITES,2016
10.1162/tacl_a_00051,10.1007/978-3-319-52920-2_21,CITES,2016
10.1162/tacl_a_00051,10.1007/978-3-319-75477-2_6,CITES,2016
10.1162/tacl_a_00051,10.18653/v1/P16-1100,CITES,2016
10.1162/tacl_a_00051,10.1145/2797137,CITES,2015
10.1162/tacl_a_00051,10.1145/2751557,CITES,2015
10.1162/tacl_a_00051,10.1093/ije/dyq191,CITES,2015
10.1162/tacl_a_00051,10.18653/v1/P16-1162,CITES,2015
10.1162/tacl_a_00051,10.1609/aaai.v30i1.10362,CITES,2015
10.1162/tacl_a_00051,10.18653/v1/D15-1176,CITES,2015
10.1162/tacl_a_00051,10.18653/v1/D15-1041,CITES,2015
10.1162/tacl_a_00051,10.3115/v1/P14-2111,CITES,2014
10.1162/tacl_a_00051,10.1109/SIU.2012.6204752,CITES,2012
10.1162/tacl_a_00051,10.1007/978-3-642-21043-3_26,CITES,2011
10.1162/tacl_a_00051,10.1162/coli_a_00016,CITES,2010
10.1162/tacl_a_00051,10.1109/ICASSP.2010.5494927,CITES,2010
10.1162/tacl_a_00051,10.1613/jair.2934,CITES,2010
10.1162/tacl_a_00051,10.3115/1699648.1699665,CITES,2009
10.1162/tacl_a_00051,10.4249/scholarpedia.4356,CITES,2008
10.1162/tacl_a_00051,10.1145/1390156.1390177,CITES,2008
10.1162/tacl_a_00051,10.3115/1641976.1641980,CITES,2006
10.1162/tacl_a_00051,10.3115/1614049.1614050,CITES,2006
10.1162/tacl_a_00051,10.1007/11562214_67,CITES,2005
10.1162/tacl_a_00051,10.3758/BF03204766,CITES,1996
10.1162/tacl_a_00051,10.1109/SUPERC.1992.236684,CITES,1992
10.1162/tacl_a_00051,10.1007/1-4020-0613-6_21189,CITES,1992
10.1162/tacl_a_00051,10.1016/0004-3702(92)90080-H,CITES,1992
10.1162/tacl_a_00051,10.1038/323533a0,CITES,1986
10.1162/tacl_a_00051,10.3115/v1/N15-1186,CITES,2015
10.1162/tacl_a_00051,10.1145/503104.503110,CITES,2002
10.1162/tacl_a_00051,10.1007/978-94-017-6059-1_36,CITES,1954
10.1162/tacl_a_00051,10.1037/H0065390,CITES,
10.18653/v1/2020.acl-main.207,10.1145/2911451.2914717,CITES,2016
10.1145/2911451.2914717,10.1080/00437956.1954.11659520,CITES,1954
10.1145/2911451.2914717,10.1145/2492517.2492536,CITES,2013
10.1145/2911451.2914717,10.1145/2736277.2741643,CITES,2015
10.18653/v1/2020.acl-main.207,10.1145/2740908.2742839,CITES,2015
10.1145/2740908.2742839,10.1007/978-3-540-30192-9_58,CITES,2004
10.1145/2740908.2742839,10.1145/2623330.2623623,CITES,2014
10.1145/2740908.2742839,10.1007/11871637_53,CITES,2006
10.1145/2740908.2742839,10.1145/281250.281253,CITES,1998
10.1145/2740908.2742839,10.1145/2623330.2623630,CITES,2014
10.1145/2740908.2742839,10.1145/1255175.1255243,CITES,2007
10.1145/2740908.2742839,10.1145/1277741.1277868,CITES,2007
10.18653/v1/2020.acl-main.207,10.5555/1953048.2078195,CITES,2011
10.5555/1953048.2078195,10.1016/j.patcog.2011.04.006,CITES,2011
10.5555/1953048.2078195,10.1145/1961189.1961199,CITES,2011
10.5555/1953048.2078195,10.1109/MCSE.2011.37,CITES,2011
10.5555/1953048.2078195,10.5555/1756006.1859911,CITES,2010
10.5555/1953048.2078195,10.18637/JSS.V033.I01,CITES,2010
10.5555/1953048.2078195,10.1007/s12021-008-9041-y,CITES,2009
10.5555/1953048.2078195,10.3389/neuro.11.008.2008,CITES,2008
10.5555/1953048.2078195,10.1137/080736417,CITES,2008
10.5555/1953048.2078195,10.5555/1390681.1442794,CITES,2008
10.5555/1953048.2078195,10.5555/1756006.1756030,CITES,2010
10.18653/v1/2020.acl-main.207,10.1186/1471-2105-11-492,CITES,2010
10.1186/1471-2105-11-492,10.1186/1471-2105-10-311,CITES,2009
10.1186/1471-2105-11-492,10.1186/1471-2105-10-183,CITES,2009
10.1186/1471-2105-11-492,10.1186/1471-2105-10-46,CITES,2009
10.1186/1471-2105-11-492,10.1007/s10791-008-9076-6,CITES,2009
10.1186/1471-2105-11-492,10.1186/gb-2008-9-s2-s9,CITES,2008
10.1186/1471-2105-11-492,10.1186/gb-2008-9-s2-s1,CITES,2008
10.1186/1471-2105-11-492,10.1142/9789812776136_0062,CITES,2007
10.1186/1471-2105-11-492,10.1093/bioinformatics/btm235,CITES,2007
10.1186/1471-2105-11-492,10.3115/1567619.1567640,CITES,2006
10.1186/1471-2105-11-492,10.1093/bioinformatics/bti47,CITES,2005
10.1186/1471-2105-11-492,10.1186/1471-2105-6-S1-S1,CITES,2005
10.1186/1471-2105-11-492,10.1093/bioinformatics/bth386,CITES,2004
10.1186/1471-2105-11-492,10.3115/1075096.1075150,CITES,2003
10.1186/1471-2105-11-492,10.3115/1075096.1075136,CITES,2003
10.1186/1471-2105-11-492,10.1186/1471-2105-4-20,CITES,2003
10.1186/1471-2105-11-492,10.3115/1118149.1118151,CITES,2002
10.1186/1471-2105-11-492,10.1136/jamia.2001.0080598,CITES,2001
10.1186/1471-2105-11-492,10.1006/JBIN.2001.1029,CITES,2001
10.1186/1471-2105-11-492,10.1002/cfg.91,CITES,2001
10.1186/1471-2105-11-492,10.1093/bioinformatics/17.suppl_1.s74,CITES,2001
10.1186/1471-2105-11-492,10.3115/100964.100988,CITES,1989
10.18653/v1/2020.acl-main.207,10.1186/1471-2105-10-46,CITES,2009
10.1186/1471-2105-10-46,10.1145/1390334.1390407,CITES,2008
10.1186/1471-2105-10-46,10.3115/1557690.1557767,CITES,2008
10.1186/1471-2105-10-46,10.1093/BIB/BBM045,CITES,2007
10.1186/1471-2105-10-46,10.1002/asi.20583,CITES,2007
10.1186/1471-2105-10-46,10.1007/978-3-540-77088-6_18,CITES,2007
10.1186/1471-2105-10-46,10.1142/9789812772435_0025,CITES,2006
10.1186/1471-2105-10-46,10.1142/9789812772435_0030,CITES,2006
10.1186/1471-2105-10-46,10.1142/9789812772435_0020,CITES,2006
10.1186/1471-2105-10-46,10.1145/1148170.1148306,CITES,2006
10.1186/1471-2105-10-46,10.1093/bioinformatics/btl235,CITES,2006
10.1186/1471-2105-10-46,10.1093/bioinformatics/btl261,CITES,2006
10.1186/1471-2105-10-46,10.3115/1567619.1567632,CITES,2006
10.1186/1471-2105-10-46,10.1016/j.ijmedinf.2005.06.007,CITES,2006
10.1186/1471-2105-10-46,10.1016/J.MOLCEL.2006.02.012,CITES,2006
10.1186/1471-2105-10-46,10.1007/978-3-540-34963-1_16,CITES,2005
10.1186/1471-2105-10-46,10.1093/BIOINFORMATICS/BTH291,CITES,2004
10.1186/1471-2105-10-46,10.1016/j.ipm.2004.05.001,CITES,2004
10.1186/1471-2105-10-46,10.1145/1008992.1009009,CITES,2004
10.1186/1471-2105-10-46,10.1145/1165389.945450,CITES,2003
10.1186/1471-2105-10-46,10.1145/860435.860445,CITES,2003
10.1186/1471-2105-10-46,10.1186/1471-2105-4-20,CITES,2003
10.1186/1471-2105-10-46,10.1109/MM.2003.1196112,CITES,2003
10.1186/1471-2105-10-46,10.1145/584792.584854,CITES,2002
10.1186/1471-2105-10-46,10.1016/S0306-4573(00)00015-7,CITES,2000
10.1186/1471-2105-10-46,10.1016/S0169-7552(98)00110-X,CITES,1998
10.1186/1471-2105-10-46,10.1145/258525.258561,CITES,1997
10.1186/1471-2105-10-46,10.5555/2856695.2856730,CITES,1997
10.1186/1471-2105-10-46,10.1007/978-1-4471-2099-5_31,CITES,1994
10.1186/1471-2105-10-46,10.1007/978-1-4471-2099-5_24,CITES,1994
10.1186/1471-2105-10-46,10.1007/978-1-4471-2099-5_32,CITES,1994
10.1186/1471-2105-10-46,10.1145/160688.160693,CITES,1993
10.1186/1471-2105-10-46,10.1145/160688.160695,CITES,1993
10.1186/1471-2105-10-46,10.1145/122860.122863,CITES,1991
10.1186/1471-2105-10-46,10.1145/361219.361220,CITES,1975
10.1186/1471-2105-10-46,10.1145/1327452.1327492,CITES,2008
10.1186/1471-2105-10-46,10.1145/800176.809957,CITES,1980
10.18653/v1/2020.acl-main.207,10.1093/BIOINFORMATICS/BTH291,CITES,2004
10.18653/v1/2020.acl-main.207,10.1109/TNNLS.2020.2978386,CITES,2019
10.1109/TNNLS.2020.2978386,10.1609/AAAI.V33I01.3301922,CITES,2019
10.1109/TNNLS.2020.2978386,10.24963/ijcai.2019/264,CITES,2019
10.1109/TNNLS.2020.2978386,10.1145/3292500.3330925,CITES,2019
10.1109/TNNLS.2020.2978386,10.24963/ijcai.2019/418,CITES,2019
10.1109/TNNLS.2020.2978386,10.1007/s41109-019-0195-3,CITES,2019
10.1109/TNNLS.2020.2978386,10.1145/3308558.3313562,CITES,2019
10.1109/TNNLS.2020.2978386,10.1109/TCYB.2019.2932096,CITES,2019
10.1109/TNNLS.2020.2978386,10.1109/tkde.2020.2981333,CITES,2018
10.1109/TNNLS.2020.2978386,10.1016/j.neunet.2018.08.010,CITES,2018
10.1109/TNNLS.2020.2978386,10.1109/SSCI.2018.8628758,CITES,2018
10.1109/TNNLS.2020.2978386,10.1109/ICDM.2018.8626170,CITES,2018
10.1109/TNNLS.2020.2978386,10.1088/1742-5468/ab3456,CITES,2018
10.1109/TNNLS.2020.2978386,10.1007/978-3-030-01246-5_40,CITES,2018
10.1109/TNNLS.2020.2978386,10.1007/978-3-030-01240-3_25,CITES,2018
10.1109/TNNLS.2020.2978386,10.1109/ICDM.2018.00113,CITES,2018
10.1109/TNNLS.2020.2978386,10.1137/1.9781611975673.74,CITES,2018
10.1109/TNNLS.2020.2978386,10.1007/978-3-030-01246-5_41,CITES,2018
10.1109/TNNLS.2020.2978386,10.1145/3363574,CITES,2018
10.1109/TNNLS.2020.2978386,10.1145/3219819.3220000,CITES,2018
10.1109/TNNLS.2020.2978386,10.1145/3219819.3219980,CITES,2018
10.1109/TNNLS.2020.2978386,10.1145/3219819.3219947,CITES,2018
10.1109/TNNLS.2020.2978386,10.1145/3219819.3220068,CITES,2018
10.1109/TNNLS.2020.2978386,10.1145/3219819.3220077,CITES,2018
10.1109/TNNLS.2020.2978386,10.24963/ijcai.2018/493,CITES,2018
10.1109/TNNLS.2020.2978386,10.18653/v1/P18-1071,CITES,2018
10.1109/TNNLS.2020.2978386,10.1007/978-3-030-01246-5_21,CITES,2018
10.1109/TNNLS.2020.2978386,10.18653/v1/P18-1026,CITES,2018
10.1109/TNNLS.2020.2978386,10.1145/3240508.3240621,CITES,2018
10.1109/TNNLS.2020.2978386,10.1145/3219819.3219890,CITES,2018
10.1109/TNNLS.2020.2978386,10.1145/3219819.3220078,CITES,2018
10.1109/TNNLS.2020.2978386,10.18653/v1/P18-1150,CITES,2018
10.1109/TNNLS.2020.2978386,10.1609/aaai.v32i1.11782,CITES,2018
10.1109/TNNLS.2020.2978386,10.1609/aaai.v32i1.12039,CITES,2018
10.1109/TNNLS.2020.2978386,10.18653/v1/N18-2078,CITES,2018
10.1109/TNNLS.2020.2978386,10.1145/3178876.3186116,CITES,2018
10.1109/TNNLS.2020.2978386,10.1109/CVPR.2018.00133,CITES,2018
10.1109/TNNLS.2020.2978386,10.1109/CVPR.2018.00756,CITES,2018
10.1109/TNNLS.2020.2978386,10.1609/aaai.v32i1.11836,CITES,2018
10.1109/TNNLS.2020.2978386,10.1109/TITS.2019.2950416,CITES,2018
10.1109/TNNLS.2020.2978386,10.24963/ijcai.2018/362,CITES,2018
10.1109/TNNLS.2020.2978386,10.1007/978-3-030-01418-6_41,CITES,2018
10.1109/TNNLS.2020.2978386,10.1609/aaai.v33i01.33014424,CITES,2018
10.1109/TNNLS.2020.2978386,10.1145/3326362,CITES,2018
10.1109/TNNLS.2020.2978386,10.1609/aaai.v32i1.12328,CITES,2018
10.1109/TNNLS.2020.2978386,10.1609/aaai.v32i1.11604,CITES,2018
10.1109/TNNLS.2020.2978386,10.1609/aaai.v32i1.11691,CITES,2018
10.1109/TNNLS.2020.2978386,10.1109/TBDATA.2018.2850013,CITES,2017
10.1109/TNNLS.2020.2978386,10.1109/CVPR.2018.00479,CITES,2017
10.1109/TNNLS.2020.2978386,10.1109/CVPR.2018.00097,CITES,2017
10.1109/TNNLS.2020.2978386,10.1109/TKDE.2018.2849727,CITES,2017
10.1109/TNNLS.2020.2978386,10.1609/aaai.v32i1.11872,CITES,2017
10.1109/TNNLS.2020.2978386,10.1145/3132847.3132967,CITES,2017
10.1109/TNNLS.2020.2978386,10.17863/CAM.48429,CITES,2017
10.1109/TNNLS.2020.2978386,10.1109/ICCV.2017.556,CITES,2017
10.1109/TNNLS.2020.2978386,10.1109/TKDE.2018.2807452,CITES,2018
10.1109/TNNLS.2020.2978386,10.24963/ijcai.2018/505,CITES,2017
10.1109/TNNLS.2020.2978386,10.1093/bioinformatics/btx252,CITES,2017
10.1109/TNNLS.2020.2978386,10.1109/TSP.2018.2879624,CITES,2017
10.1109/TNNLS.2020.2978386,10.1016/j.knosys.2018.03.022,CITES,2017
10.1109/TNNLS.2020.2978386,10.18653/v1/D17-1209,CITES,2017
10.1109/TNNLS.2020.2978386,10.1109/CVPR.2017.11,CITES,2017
10.1109/TNNLS.2020.2978386,10.1007/978-3-319-93417-4_38,CITES,2017
10.1109/TNNLS.2020.2978386,10.18653/v1/D17-1159,CITES,2017
10.1109/TNNLS.2020.2978386,10.1109/JSTSP.2017.2726981,CITES,2017
10.1109/TNNLS.2020.2978386,10.1109/TCYB.2016.2526058,CITES,2017
10.1109/TNNLS.2020.2978386,10.1016/j.neuroimage.2016.09.046,CITES,2017
10.1109/TNNLS.2020.2978386,10.1109/CVPR.2017.330,CITES,2017
10.1109/TNNLS.2020.2978386,10.1007/978-3-030-04167-0_33,CITES,2016
10.1109/TNNLS.2020.2978386,10.1109/CVPR.2017.697,CITES,2016
10.1109/TNNLS.2020.2978386,10.1109/CVPR.2017.576,CITES,2016
10.1109/TNNLS.2020.2978386,10.1109/MSP.2017.2693418,CITES,2016
10.1109/TNNLS.2020.2978386,10.1145/3097983.3098126,CITES,2016
10.1109/TNNLS.2020.2978386,10.1021/acscentsci.7b00572,CITES,2016
10.1109/TNNLS.2020.2978386,10.1038/ncomms13890,CITES,2016
10.1109/TNNLS.2020.2978386,10.1609/aaai.v31i1.10851,CITES,2016
10.1109/TNNLS.2020.2978386,10.1145/2939672.2939753,CITES,2016
10.1109/TNNLS.2020.2978386,10.1109/ICDE.2016.7498381,CITES,2016
10.1109/TNNLS.2020.2978386,10.1007/s10822-016-9938-8,CITES,2016
10.1109/TNNLS.2020.2978386,10.1109/TKDE.2015.2492567,CITES,2016
10.1109/TNNLS.2020.2978386,10.1609/aaai.v30i1.10179,CITES,2016
10.1109/TNNLS.2020.2978386,10.1109/cvpr.2016.90,CITES,2015
10.1109/TNNLS.2020.2978386,10.1109/CVPR.2016.573,CITES,2015
10.1109/TNNLS.2020.2978386,10.1109/TKDE.2015.2391115,CITES,2015
10.1109/TNNLS.2020.2978386,10.18653/v1/D15-1166,CITES,2015
10.1109/TNNLS.2020.2978386,10.1109/CVPR.2016.91,CITES,2015
10.1109/TNNLS.2020.2978386,10.1109/TPAMI.2016.2577031,CITES,2015
10.1109/TNNLS.2020.2978386,10.1145/2736277.2741093,CITES,2015
10.1109/TNNLS.2020.2978386,10.1109/TSP.2015.2469645,CITES,2015
10.1109/TNNLS.2020.2978386,10.1109/ICCVW.2015.112,CITES,2015
10.1109/TNNLS.2020.2978386,10.1038/sdata.2014.22,CITES,2014
10.1109/TNNLS.2020.2978386,10.1145/2611567,CITES,2014
10.1109/TNNLS.2020.2978386,10.3115/v1/D14-1179,CITES,2014
10.1109/TNNLS.2020.2978386,10.1145/2623330.2623732,CITES,2014
10.1109/TNNLS.2020.2978386,10.1109/MSP.2012.2235192,CITES,2012
10.1109/TNNLS.2020.2978386,10.1109/TSP.2013.2238935,CITES,2012
10.1109/TNNLS.2020.2978386,10.5555/1953048.2078187,CITES,2011
10.1109/TNNLS.2020.2978386,10.1109/IJCNN.2010.5596796,CITES,2010
10.1109/TNNLS.2020.2978386,10.1609/aaai.v24i1.7519,CITES,2010
10.1109/TNNLS.2020.2978386,10.5555/1756006.1953039,CITES,2010
10.1109/TNNLS.2020.2978386,10.1145/1557019.1557109,CITES,2009
10.1109/TNNLS.2020.2978386,10.1109/TNN.2008.2010350,CITES,2009
10.1109/TNNLS.2020.2978386,10.1201/b17320-16,CITES,2008
10.1109/TNNLS.2020.2978386,10.1145/1401890.1402008,CITES,2008
10.1109/TNNLS.2020.2978386,10.1145/1390156.1390294,CITES,2008
10.1109/TNNLS.2020.2978386,10.5555/1756006.1859891,CITES,2008
10.1109/TNNLS.2020.2978386,10.1109/TPAMI.2007.1115,CITES,2007
10.1109/TNNLS.2020.2978386,10.1007/s10115-007-0103-5,CITES,2008
10.1109/TNNLS.2020.2978386,10.1109/IJCNN.2005.1555942,CITES,2005
10.1109/TNNLS.2020.2978386,10.1162/0899766053491878,CITES,2005
10.1109/TNNLS.2020.2978386,10.1109/TNN.2004.837783,CITES,2004
10.1109/TNNLS.2020.2978386,10.1300/J145V08N01_02,CITES,2004
10.1109/TNNLS.2020.2978386,10.1016/S0022-2836(03)00628-4,CITES,2003
10.1109/TNNLS.2020.2978386,10.1093/bioinformatics/btg130,CITES,2003
10.1109/TNNLS.2020.2978386,10.1145/604045.604094,CITES,2003
10.1109/TNNLS.2020.2978386,10.1162/neco.1997.9.8.1735,CITES,1997
10.1109/TNNLS.2020.2978386,10.1109/72.572108,CITES,1997
10.1109/TNNLS.2020.2978386,10.1021/JM00106A046,CITES,1991
10.1109/TNNLS.2020.2978386,10.1016/0893-6080(89)90020-8,CITES,1989
10.1109/TNNLS.2020.2978386,10.1103/PHYSREVLETT.59.2229,CITES,1987
10.1109/TNNLS.2020.2978386,10.1007/978-94-024-1179-9_301106,CITES,2019
10.1109/TNNLS.2020.2978386,10.1109/TNN.2008.2005605,CITES,2009
10.1109/TNNLS.2020.2978386,10.1109/TNN.2008.2005141,CITES,2009
10.1109/TNNLS.2020.2978386,10.1093/bioinformatics/bti1007,CITES,2005
10.1109/TNNLS.2020.2978386,10.1109/5.726791,CITES,1998
10.18653/v1/2020.acl-main.207,10.18653/v1/N19-1423,CITES,2019
10.18653/v1/N19-1423,10.18653/v1/P18-1158,CITES,2018
10.18653/v1/N19-1423,10.18653/v1/D18-1217,CITES,2018
10.18653/v1/N19-1423,10.18653/v1/D18-1179,CITES,2018
10.18653/v1/N19-1423,10.18653/v1/D18-1009,CITES,2018
10.18653/v1/N19-1423,10.1609/aaai.v33i01.33013159,CITES,2018
10.18653/v1/N19-1423,10.1162/tacl_a_00290,CITES,2018
10.18653/v1/N19-1423,10.18653/v1/W18-5446,CITES,2018
10.18653/v1/N19-1423,10.18653/v1/N18-1202,CITES,2018
10.18653/v1/N19-1423,10.18653/v1/P18-1031,CITES,2018
10.18653/v1/N19-1423,10.18653/v1/P18-1078,CITES,2017
10.18653/v1/N19-1423,10.18653/v1/S17-2001,CITES,2017
10.18653/v1/N19-1423,10.24963/ijcai.2018/570,CITES,2017
10.18653/v1/N19-1423,10.18653/v1/D17-1070,CITES,2017
10.18653/v1/N19-1423,10.18653/v1/P17-1147,CITES,2017
10.18653/v1/N19-1423,10.18653/v1/N18-1101,CITES,2017
10.18653/v1/N19-1423,10.18653/v1/P17-1161,CITES,2017
10.18653/v1/N19-1423,10.18653/v1/K16-1006,CITES,2016
10.18653/v1/N19-1423,10.18653/v1/D16-1264,CITES,2016
10.18653/v1/N19-1423,10.18653/v1/D16-1244,CITES,2016
10.18653/v1/N19-1423,10.18653/v1/N16-1162,CITES,2016
10.18653/v1/N19-1423,10.18653/v1/D15-1075,CITES,2015
10.18653/v1/N19-1423,10.1109/ICCV.2015.11,CITES,2015
10.18653/v1/N19-1423,10.3115/v1/D14-1162,CITES,2014
10.18653/v1/N19-1423,10.21437/Interspeech.2014-564,CITES,2013
10.18653/v1/N19-1423,10.18653/v1/d13-1170,CITES,2013
10.18653/v1/N19-1423,10.3233/978-1-60750-049-0-551,CITES,2009
10.18653/v1/N19-1423,10.1109/CVPR.2009.5206848,CITES,2009
10.18653/v1/N19-1423,10.1145/1390156.1390177,CITES,2008
10.18653/v1/N19-1423,10.1145/1390156.1390294,CITES,2008
10.18653/v1/N19-1423,10.3115/1610075.1610094,CITES,2006
10.18653/v1/N19-1423,10.3115/1119176.1119195,CITES,2003
10.18653/v1/N19-1423,10.1177/107769905303000401,CITES,1953
10.18653/v1/2020.acl-main.207,10.5555/2627435.2697068,CITES,2014
10.18653/v1/2020.acl-main.207,10.1007/978-3-540-72079-9_9,CITES,2007
10.1007/978-3-540-72079-9_9,10.1109/TKDE.2005.99,CITES,2005
10.1007/978-3-540-72079-9_9,10.1145/312129.312230,CITES,1999
10.1007/978-3-540-72079-9_9,10.1257/aer.89.3.564,CITES,1999
10.1007/978-3-540-72079-9_9,10.1145/245108.245124,CITES,1997
10.1007/978-3-540-72079-9_9,10.1137/1037127,CITES,1995
10.1007/978-3-540-72079-9_9,10.1007/978-3-540-72079-9_12,CITES,
10.1007/978-3-540-72079-9_9,10.1145/564376.564419,CITES,2002
10.1007/978-3-540-72079-9_9,10.1145/642611.642713,CITES,2003
10.1007/978-3-540-72079-9_9,10.1145/1148170.1148267,CITES,2006
10.1007/978-3-540-72079-9_9,10.1145/138859.138867,CITES,1992
10.1007/978-3-540-72079-9_9,10.1023/A:1011419012209,CITES,2001
10.1007/978-3-540-72079-9_9,10.1007/11527886_40,CITES,2005
10.1007/978-3-540-72079-9_9,10.1145/963770.963772,CITES,2004
10.1007/978-3-540-72079-9_9,10.1145/312624.312682,CITES,1999
10.1007/978-3-540-72079-9_9,10.1145/358916.358995,CITES,2000
10.1007/978-3-540-72079-9_9,10.1145/142750.142751,CITES,1992
10.1007/978-3-540-72079-9_9,10.1145/963770.963774,CITES,2004
10.1007/978-3-540-72079-9_9,10.1007/BF02289588,CITES,1967
10.1007/978-3-540-72079-9_9,10.1145/502624.502627,CITES,2001
10.1007/978-3-540-72079-9_9,10.1145/245108.245126,CITES,1997
10.1007/978-3-540-72079-9_9,10.1145/988672.988726,CITES,2004
10.1007/978-3-540-72079-9_9,10.1007/11766155_2,CITES,2006
10.1007/978-3-540-72079-9_9,10.1109/MIC.2003.1167344,CITES,2003
10.1007/978-3-540-72079-9_9,10.1145/985692.985772,CITES,2004
10.1007/978-3-540-72079-9_9,10.1145/1008992.1009050,CITES,2004
10.1007/978-3-540-72079-9_9,10.1145/1010614.1010618,CITES,2004
10.1007/978-3-540-72079-9_9,10.1007/978-3-540-72079-9_3,CITES,
10.1007/978-3-540-72079-9_9,10.1007/0-306-48019-0_11,CITES,
10.1007/978-3-540-72079-9_9,10.1007/978-3-540-72079-9_10,CITES,
10.1007/978-3-540-72079-9_9,10.1109/4236.968832,CITES,2001
10.1007/978-3-540-72079-9_9,10.1145/192844.192905,CITES,1994
10.1007/978-3-540-72079-9_9,10.1145/371920.372071,CITES,2001
10.1007/978-3-540-72079-9_9,10.21236/ADA439541,CITES,2000
10.1007/978-3-540-72079-9_9,10.1145/584792.584803,CITES,2002
10.1007/978-3-540-72079-9_9,10.1007/978-3-540-72079-9_11,CITES,
10.1007/978-3-540-72079-9_9,10.1145/996350.996402,CITES,2004
10.1007/978-3-540-72079-9_9,10.1145/1060745.1060754,CITES,2005
10.18653/v1/2020.acl-main.207,10.1002/asi.20274,CITES,2006
10.1002/asi.20274,10.1007/BF02458483,CITES,1999
10.1002/asi.20274,10.1002/aris.1440370106,CITES,2003
10.1002/asi.20274,10.1002/asi.10066,CITES,2002
10.1002/asi.20274,10.1007/978-1-4471-0051-5,CITES,2003
10.1002/asi.20274,10.1002/asi.10075,CITES,2002
10.1002/asi.20274,10.1023/A:1005665709109,CITES,2000
10.1002/asi.20274,10.1023/A:1023619503005,CITES,2003
10.1002/asi.20274,10.1002/(SICI)1097-4571(198711)38:6<420::AID-ASI3>3.0.CO;2-S,CITES,1987
10.1002/asi.20274,10.1002/asi.5090140103,CITES,1963
10.1002/asi.20274,10.1126/science.1061603,CITES,2001
10.1002/asi.20274,10.1007/978-3-642-97610-0,CITES,1995
10.1002/asi.20274,10.1109/72.846729,CITES,2000
10.1002/asi.20274,10.1023/A:1014892106059,CITES,2002
10.1002/asi.20274,10.1108/00220410410548144,CITES,2004
10.1002/asi.20274,10.1023/B:SCIE.0000027678.31097.e0,CITES,2004
10.1002/asi.20274,10.1002/(SICI)1097-4571(198605)37:3<111::AID-ASI2>3.0.CO;2-D,CITES,1986
10.1002/asi.20274,10.1002/(SICI)1097-4571(199105)42:4<290::AID-ASI5>3.0.CO;2-9,CITES,1991
10.1002/asi.20274,10.1007/BF02459053,CITES,1998
10.1002/asi.20274,10.1002/asi.10326,CITES,2003
10.1002/asi.20274,10.1136/jamia.1998.0050448,CITES,1998
10.1002/asi.20274,10.1002/(SICI)1097-4571(199802)49:2<151::AID-ASI5>3.0.CO;2-V,CITES,1998
10.1002/asi.20274,10.1007/BF02017642,CITES,1995
10.1002/asi.20274,10.1002/asi.10153,CITES,2002
10.1002/asi.20274,10.1023/A:1010541418576,CITES,2001
10.1002/asi.20274,10.1007/BF02457414,CITES,1997
10.1002/asi.20274,10.1002/(SICI)1097-4571(1999)50:9<799::AID-ASI9>3.0.CO;2-G,CITES,1999
10.1002/asi.20274,10.1007/BF02018057,CITES,1985
10.1002/asi.20274,10.1007/BF02016288,CITES,1993
10.1002/asi.20274,10.1007/BF02020776,CITES,1995
10.1002/asi.20274,10.1023/A:1023667318934,CITES,2003
10.1002/asi.20274,10.1002/asi.10325,CITES,2003
10.1002/asi.20274,10.1002/(SICI)1097-4571(19980401)49:4<327::AID-ASI4>3.0.CO;2-4,CITES,1998
10.1145/3543873.3587570,10.1145/3487553.3524653,CITES,2022
10.1145/3487553.3524653,10.1162/qss_a_00014,CITES,2020
10.1162/qss_a_00014,10.1007/s11192-019-03121-z,CITES,2019
10.1162/qss_a_00014,10.1162/qss_a_00035,CITES,2019
10.1162/qss_a_00014,10.1016/J.JOI.2018.12.005,CITES,2019
10.1162/qss_a_00014,10.1016/j.joi.2018.09.001,CITES,2018
10.1162/qss_a_00014,10.1007/s11192-018-2812-9,CITES,2018
10.1162/qss_a_00014,10.1126/science.aao0185,CITES,2018
10.1162/qss_a_00014,10.1016/j.joi.2017.12.006,CITES,2018
10.1162/qss_a_00014,10.1016/j.joi.2018.03.004,CITES,2017
10.1162/qss_a_00014,10.1007/s11192-017-2296-z,CITES,2017
10.1162/qss_a_00014,10.1016/j.joi.2016.10.007,CITES,2017
10.1162/qss_a_00014,10.1371/journal.pone.0154404,CITES,2015
10.1162/qss_a_00014,10.1002/asi.23734,CITES,2015
10.1162/qss_a_00014,10.1016/J.JOI.2016.02.003,CITES,2015
10.1162/qss_a_00014,10.1007/s11192-014-1482-5,CITES,2015
10.1162/qss_a_00014,10.1002/asi.23408,CITES,2014
10.1162/qss_a_00014,10.1108/JD-10-2012-0136,CITES,2014
10.1162/qss_a_00014,10.1371/journal.pone.0049176,CITES,2012
10.1162/qss_a_00014,10.1371/journal.pone.0039464,CITES,2012
10.1162/qss_a_00014,10.1002/ASI.22748,CITES,2012
10.1162/qss_a_00014,10.1093/RESEVAL/RVS006,CITES,2011
10.1162/qss_a_00014,10.1007/s11192-011-0485-8,CITES,2011
10.1162/qss_a_00014,10.1002/asi.22629,CITES,2011
10.1162/qss_a_00014,10.1007/s11192-010-0188-6,CITES,2010
10.1162/qss_a_00014,10.1016/j.ipm.2009.06.003,CITES,2009
10.1162/qss_a_00014,10.1002/ASI.V60:9,CITES,2009
10.1162/qss_a_00014,10.1002/ASI.V60:2,CITES,2009
10.1162/qss_a_00014,10.1007/s11192-007-1975-6,CITES,2009
10.1162/qss_a_00014,10.1002/ASI.V59:14,CITES,2008
10.1162/qss_a_00014,10.1108/00242530710722087,CITES,2007
10.1162/qss_a_00014,10.1002/ARIS.1440360102,CITES,2005
10.1162/qss_a_00014,10.1002/asi.10153,CITES,2002
10.1162/qss_a_00014,10.1023/A:1010589300829,CITES,2001
10.1162/qss_a_00014,10.1007/BF02018480,CITES,1996
10.1162/qss_a_00014,10.1007/BF02279351,CITES,1987
10.1162/qss_a_00014,10.1177/030631277400400102,CITES,1974
10.1162/qss_a_00014,10.1002/asi.4630240604,CITES,1973
10.1162/qss_a_00014,10.1002/asi.4630230508,CITES,1972
10.1162/qss_a_00014,10.1016/j.joi.2014.11.010,CITES,2015
10.1162/qss_a_00014,10.5771/0943-7444-2015-3-139,CITES,2015
10.1162/qss_a_00014,10.1002/asi.21444,CITES,2011
10.1162/qss_a_00014,10.1002/asi.20935,CITES,2008
10.1162/qss_a_00014,10.1007/BF02458488,CITES,2006
10.1162/qss_a_00014,10.1007/BF02459602,CITES,2006
10.1162/qss_a_00014,10.1023/A:1022378804087,CITES,2004
10.1162/qss_a_00014,10.5860/choice.38-6107,CITES,2000
10.1162/qss_a_00014,10.1023/A:1005647328460,CITES,2000
10.1162/qss_a_00014,10.1016/0306-4573(77)90017-6,CITES,1977
10.1162/qss_a_00014,10.1002/asi.4630270104,CITES,1976
10.1162/qss_a_00014,10.7312/pric91844,CITES,1965
10.1162/qss_a_00014,10.2307/598391,CITES,
10.1145/3487553.3524653,10.1057/s41599-019-0352-4,CITES,2019
10.1057/s41599-019-0352-4,10.1016/j.joi.2017.10.002,CITES,2017
10.1057/s41599-019-0352-4,10.6084/M9.FIGSHARE.4270289.V1,CITES,2016
10.1057/s41599-019-0352-4,10.1007/s11192-016-1865-x,CITES,2016
10.1057/s41599-019-0352-4,10.1177/0001839216665364,CITES,2015
10.1057/s41599-019-0352-4,10.1016/J.JOI.2015.09.003,CITES,2015
10.1057/s41599-019-0352-4,10.1038/525306a,CITES,2015
10.1057/s41599-019-0352-4,10.1038/525308a,CITES,2015
10.1057/s41599-019-0352-4,10.1371/journal.pone.0135095,CITES,2015
10.1057/s41599-019-0352-4,10.1371/journal.pone.0132558,CITES,2015
10.1057/s41599-019-0352-4,10.1111/ijmr.12016,CITES,2014
10.1057/s41599-019-0352-4,10.1002/asi.22803,CITES,2013
10.1057/s41599-019-0352-4,10.1093/oxfordhb/9780198733522.001.0001,CITES,2012
10.1057/s41599-019-0352-4,10.1890/10-2402.1,CITES,2012
10.1057/s41599-019-0352-4,10.1016/J.JOI.2010.09.002,CITES,2010
10.1057/s41599-019-0352-4,10.1016/J.RESPOL.2009.09.011,CITES,2010
10.1057/s41599-019-0352-4,10.1146/ANNUREV-SOC-070308-115954,CITES,2009
10.1057/s41599-019-0352-4,10.1007/s11192-008-2197-2,CITES,2009
10.1057/s41599-019-0352-4,10.1002/ASI.V60:2,CITES,2009
10.1057/s41599-019-0352-4,10.1002/ASI.V59:12,CITES,2008
10.1057/s41599-019-0352-4,10.1787/300005636714,CITES,2007
10.1057/s41599-019-0352-4,10.1098/rsif.2007.0213,CITES,2007
10.1057/s41599-019-0352-4,10.1007/s11192-005-0255-6,CITES,2004
10.1057/s41599-019-0352-4,10.1002/asi.10326,CITES,2003
10.1057/s41599-019-0352-4,10.1023/A:1014856625623,CITES,2002
10.1057/s41599-019-0352-4,10.1023/A:1010529114941,CITES,2001
10.1057/s41599-019-0352-4,10.1016/S0048-7333(00)00082-2,CITES,2001
10.1057/s41599-019-0352-4,10.1002/(SICI)1097-4571(2000)51:5%3C476::AID-ASI8%3E3.0.CO;2-G,CITES,2000
10.1057/s41599-019-0352-4,10.1002/(SICI)1097-4571(1999)50:9%3C799::AID-ASI9%3E3.0.CO;2-G,CITES,1999
10.1057/s41599-019-0352-4,10.14512/tatup.5.3.34,CITES,1996
10.1057/s41599-019-0352-4,10.2307/2076669,CITES,1994
10.1057/s41599-019-0352-4,10.1007/BF02016934,CITES,1985
10.1057/s41599-019-0352-4,10.1016/0040-5809(82)90004-1,CITES,1982
10.1057/s41599-019-0352-4,10.1002/asi.4630240406,CITES,1973
10.1057/s41599-019-0352-4,10.1007/978-3-319-02204-8,CITES,2013
10.1057/s41599-019-0352-4,10.1002/ASI.V61:1,CITES,2010
10.1057/s41599-019-0352-4,10.1002/asi.20914,CITES,2008
10.1145/3487553.3524653,10.2478/jdis-2019-0010,CITES,2019
10.2478/jdis-2019-0010,10.1016/j.joi.2017.12.006,CITES,2018
10.2478/jdis-2019-0010,10.1016/j.joi.2018.03.004,CITES,2017
10.2478/jdis-2019-0010,10.1002/asi.23981,CITES,2017
10.2478/jdis-2019-0010,10.1007/s11192-017-2528-2,CITES,2017
10.2478/jdis-2019-0010,10.1007/s11192-017-2307-0,CITES,2017
10.2478/jdis-2019-0010,10.1007/s11192-016-2226-5,CITES,2016
10.2478/jdis-2019-0010,10.1145/2939672.2939754,CITES,2016
10.2478/jdis-2019-0010,10.1002/asi.23487,CITES,2016
10.2478/jdis-2019-0010,10.1002/asi.23734,CITES,2015
10.2478/jdis-2019-0010,10.1016/J.JOI.2016.02.007,CITES,2015
10.2478/jdis-2019-0010,10.1016/j.joi.2015.11.002,CITES,2015
10.2478/jdis-2019-0010,10.1016/j.joi.2014.04.001,CITES,2014
10.2478/jdis-2019-0010,10.1002/ASI.22748,CITES,2012
10.2478/jdis-2019-0010,10.1007/s11192-011-0347-4,CITES,2011
10.2478/jdis-2019-0010,10.5555/1953048.2078195,CITES,2011
10.2478/jdis-2019-0010,10.5555/1756006.1953024,CITES,2010
10.2478/jdis-2019-0010,10.1002/asi.20322,CITES,2009
10.2478/jdis-2019-0010,10.1007/s11192-007-2002-7,CITES,2008
10.2478/jdis-2019-0010,10.1098/rsif.2007.0213,CITES,2007
10.2478/jdis-2019-0010,10.1002/asi.20991,CITES,2009
10.2478/jdis-2019-0010,10.1023/A:1022378804087,CITES,2004
10.1145/3487553.3524653,10.1016/j.joi.2018.09.001,CITES,2018
10.1016/j.joi.2018.09.001,10.1007/s11192-018-2853-0,CITES,2018
10.1016/j.joi.2018.09.001,10.1007/s11192-017-2529-1,CITES,2018
10.1016/j.joi.2018.09.001,10.1007/s11192-017-2426-7,CITES,2017
10.1016/j.joi.2018.09.001,10.1016/j.joi.2016.10.007,CITES,2017
10.1016/j.joi.2018.09.001,10.1007/s11192-017-2253-x,CITES,2017
10.1016/j.joi.2018.09.001,10.6084/M9.FIGSHARE.4270289.V1,CITES,2016
10.1016/j.joi.2018.09.001,10.1007/s11192-016-1865-x,CITES,2016
10.1016/j.joi.2018.09.001,10.1002/asi.23487,CITES,2016
10.1016/j.joi.2018.09.001,10.1002/asi.23734,CITES,2015
10.1016/j.joi.2018.09.001,10.1177/0001839216665364,CITES,2015
10.1016/j.joi.2018.09.001,10.17226/19007,CITES,2015
10.1016/j.joi.2018.09.001,10.1371/journal.pone.0127298,CITES,2014
10.1016/j.joi.2018.09.001,10.1002/asi.22647,CITES,2012
10.1016/j.joi.2018.09.001,10.1371/journal.pone.0039464,CITES,2012
10.1016/j.joi.2018.09.001,10.1002/ASI.22748,CITES,2012
10.1016/j.joi.2018.09.001,10.1016/J.RESPOL.2010.11.001,CITES,2011
10.1016/j.joi.2018.09.001,10.1002/asi.21460,CITES,2011
10.1016/j.joi.2018.09.001,10.1016/J.RESPOL.2009.09.011,CITES,2010
10.1016/j.joi.2018.09.001,10.1146/ANNUREV-SOC-070308-115954,CITES,2009
10.1016/j.joi.2018.09.001,10.1007/s11192-008-2197-2,CITES,2009
10.1016/j.joi.2018.09.001,10.1007/s11192-009-0041-y,CITES,2009
10.1016/j.joi.2018.09.001,10.3152/095820208X364553,CITES,2008
10.1016/j.joi.2018.09.001,10.1016/j.amepre.2008.05.010,CITES,2008
10.1016/j.joi.2018.09.001,10.1007/s11192-007-1700-5,CITES,2007
10.1016/j.joi.2018.09.001,10.1098/rsif.2007.0213,CITES,2007
10.1016/j.joi.2018.09.001,10.1023/B:SCIE.0000018542.71314.38,CITES,2004
10.1016/j.joi.2018.09.001,10.1002/asi.10326,CITES,2003
10.1016/j.joi.2018.09.001,10.2307/3069319,CITES,2002
10.1016/j.joi.2018.09.001,10.1023/A:1014856625623,CITES,2002
10.1016/j.joi.2018.09.001,10.1023/A:1010529114941,CITES,2001
10.1016/j.joi.2018.09.001,10.3152/147154401781777123,CITES,2001
10.1016/j.joi.2018.09.001,10.1002/(SICI)1097-4571(1999)50:3%3C242::AID-ASI7%3E3.0.CO;2-7,CITES,1999
10.1016/j.joi.2018.09.001,10.1002/(SICI)1097-4571(199710)48:10%3C893::AID-ASI5%3E3.0.CO;2-X,CITES,1997
10.1016/j.joi.2018.09.001,10.1177/104515959500700107,CITES,1995
10.1016/j.joi.2018.09.001,10.1016/0301-4215(94)90159-7,CITES,1994
10.1016/j.joi.2018.09.001,10.1119/1.1969660,CITES,1963
10.1016/j.joi.2018.09.001,10.1007/978-3-030-02511-3_3,CITES,2019
10.1016/j.joi.2018.09.001,10.1016/j.joi.2014.11.010,CITES,2015
10.1016/j.joi.2018.09.001,10.1016/j.joi.2011.06.007,CITES,2012
10.1016/j.joi.2018.09.001,10.1002/asi.20914,CITES,2008
10.1016/j.joi.2018.09.001,10.1023/A:1022378804087,CITES,2004
10.1145/3487553.3524653,10.1109/TKDE.2018.2807452,CITES,2018
10.1109/TKDE.2018.2807452,10.1609/aaai.v32i1.11885,CITES,2018
10.1109/TKDE.2018.2807452,10.1145/3178876.3186073,CITES,2018
10.1109/TKDE.2018.2807452,10.1109/TPAMI.2018.2839733,CITES,2018
10.1109/TKDE.2018.2807452,10.1109/TKDE.2017.2754499,CITES,2017
10.1109/TKDE.2018.2807452,10.1145/3132847.3132925,CITES,2017
10.1109/TKDE.2018.2807452,10.1109/ICDM.2017.57,CITES,2017
10.1109/TKDE.2018.2807452,10.24963/ijcai.2017/544,CITES,2017
10.1109/TKDE.2018.2807452,10.24963/ijcai.2017/472,CITES,2017
10.1109/TKDE.2018.2807452,10.1145/3097983.3098036,CITES,2017
10.1109/TKDE.2018.2807452,10.24963/ijcai.2017/361,CITES,2017
10.1109/TKDE.2018.2807452,10.1016/j.knosys.2018.03.022,CITES,2017
10.1109/TKDE.2018.2807452,10.1145/3097983.3098061,CITES,2017
10.1109/TKDE.2018.2807452,10.1145/3038912.3052558,CITES,2017
10.1109/TKDE.2018.2807452,10.1145/3038912.3052575,CITES,2017
10.1109/TKDE.2018.2807452,10.1145/3038912.3052601,CITES,2017
10.1109/TKDE.2018.2807452,10.1109/TKDE.2016.2632716,CITES,2017
10.1109/TKDE.2018.2807452,10.1109/TKDE.2016.2638425,CITES,2017
10.1109/TKDE.2018.2807452,10.1609/aaai.v31i1.10839,CITES,2017
10.1109/TKDE.2018.2807452,10.1609/aaai.v31i1.10814,CITES,2017
10.1109/TKDE.2018.2807452,10.1609/aaai.v31i1.10878,CITES,2017
10.1109/TKDE.2018.2807452,10.1609/aaai.v31i1.10999,CITES,2017
10.1109/TKDE.2018.2807452,10.1609/aaai.v31i1.10951,CITES,2017
10.1109/TKDE.2018.2807452,10.1609/aaai.v31i1.11067,CITES,2017
10.1109/TKDE.2018.2807452,10.1609/aaai.v31i1.10486,CITES,2017
10.1109/TKDE.2018.2807452,10.1609/aaai.v31i1.10488,CITES,2017
10.1109/TKDE.2018.2807452,10.1109/ICDM.2016.0111,CITES,2016
10.1109/TKDE.2018.2807452,10.1109/ICDM.2016.0072,CITES,2016
10.1109/TKDE.2018.2807452,10.1109/ICDM.2016.0090,CITES,2016
10.1109/TKDE.2018.2807452,10.1109/CVPR.2017.576,CITES,2016
10.1109/TKDE.2018.2807452,10.1109/MSP.2017.2693418,CITES,2016
10.1109/TKDE.2018.2807452,10.1145/3038912.3052643,CITES,2016
10.1109/TKDE.2018.2807452,10.1609/aaai.v31i1.10677,CITES,2016
10.1109/TKDE.2018.2807452,10.24963/ijcai.2017/209,CITES,2016
10.1109/TKDE.2018.2807452,10.4236/IJCNS.2016.911041,CITES,2016
10.1109/TKDE.2018.2807452,10.1145/2964284.2967257,CITES,2016
10.1109/TKDE.2018.2807452,10.1145/2968219.2968416,CITES,2016
10.1109/TKDE.2018.2807452,10.1145/2939672.2939753,CITES,2016
10.1109/TKDE.2018.2807452,10.1145/2939672.2939673,CITES,2016
10.1109/TKDE.2018.2807452,10.1145/2939672.2939751,CITES,2016
10.1109/TKDE.2018.2807452,10.18653/v1/P16-1095,CITES,2016
10.1109/TKDE.2018.2807452,10.1109/IJCNN.2016.7727520,CITES,2016
10.1109/TKDE.2018.2807452,10.1145/2911451.2914740,CITES,2016
10.1109/TKDE.2018.2807452,10.1145/2939672.2939754,CITES,2016
10.1109/TKDE.2018.2807452,10.1007/s13735-016-0102-y,CITES,2016
10.1109/TKDE.2018.2807452,10.1016/j.neucom.2015.07.128,CITES,2016
10.1109/TKDE.2018.2807452,10.1609/aaai.v31i1.10952,CITES,2016
10.1109/TKDE.2018.2807452,10.1145/2939672.2939822,CITES,2016
10.1109/TKDE.2018.2807452,10.1609/aaai.v30i1.10179,CITES,2016
10.1109/TKDE.2018.2807452,10.1609/aaai.v30i1.9972,CITES,2016
10.1109/TKDE.2018.2807452,10.1609/aaai.v30i1.10089,CITES,2016
10.1109/TKDE.2018.2807452,10.1609/aaai.v30i1.10329,CITES,2016
10.1109/TKDE.2018.2807452,10.1109/TIP.2015.2507401,CITES,2016
10.1109/TKDE.2018.2807452,10.1109/ICCV.2015.486,CITES,2015
10.1109/TKDE.2018.2807452,10.1609/aaai.v30i1.10091,CITES,2015
10.1109/TKDE.2018.2807452,10.1145/2806416.2806512,CITES,2015
10.1109/TKDE.2018.2807452,10.1609/aaai.v30i1.10314,CITES,2015
10.1109/TKDE.2018.2807452,10.18653/v1/P16-1219,CITES,2016
10.1109/TKDE.2018.2807452,10.18653/v1/D15-1191,CITES,2015
10.1109/TKDE.2018.2807452,10.1145/2783258.2783296,CITES,2015
10.1109/TKDE.2018.2807452,10.1145/2783258.2783417,CITES,2015
10.1109/TKDE.2018.2807452,10.1145/2783258.2783341,CITES,2015
10.1109/TKDE.2018.2807452,10.1145/2783258.2783307,CITES,2015
10.1109/TKDE.2018.2807452,10.3115/v1/P15-1009,CITES,2015
10.1109/TKDE.2018.2807452,10.3115/v1/P15-1067,CITES,2015
10.1109/TKDE.2018.2807452,10.1109/TKDE.2014.2382599,CITES,2015
10.1109/TKDE.2018.2807452,10.1162/tacl_a_00134,CITES,2015
10.1109/TKDE.2018.2807452,10.1145/2736277.2741093,CITES,2015
10.1109/TKDE.2018.2807452,10.1609/aaai.v29i1.9491,CITES,2015
10.1109/TKDE.2018.2807452,10.1609/aaai.v29i1.9391,CITES,2015
10.1109/TKDE.2018.2807452,10.1109/ICDM.2014.119,CITES,2014
10.1109/TKDE.2018.2807452,10.5555/2685048.2685096,CITES,2014
10.1109/TKDE.2018.2807452,10.3115/v1/W14-4012,CITES,2014
10.1109/TKDE.2018.2807452,10.1609/aaai.v28i1.8954,CITES,2014
10.1109/TKDE.2018.2807452,10.1609/aaai.v28i1.8870,CITES,2014
10.1109/TKDE.2018.2807452,10.1609/aaai.v28i1.8916,CITES,2014
10.1109/TKDE.2018.2807452,10.1145/2588555.2610518,CITES,2014
10.1109/TKDE.2018.2807452,10.3115/v1/D14-1067,CITES,2014
10.1109/TKDE.2018.2807452,10.1109/TPAMI.2014.2316836,CITES,2014
10.1109/TKDE.2018.2807452,10.1145/2623330.2623732,CITES,2014
10.1109/TKDE.2018.2807452,10.14778/2556549.2556554,CITES,2013
10.1109/TKDE.2018.2807452,10.1145/2488388.2488393,CITES,2013
10.1109/TKDE.2018.2807452,10.1007/s10994-013-5363-6,CITES,2014
10.1109/TKDE.2018.2807452,10.1109/TPAMI.2013.50,CITES,2013
10.1109/TKDE.2018.2807452,10.14778/2212351.2212354,CITES,2012
10.1109/TKDE.2018.2807452,10.3758/s13428-011-0183-8,CITES,2012
10.1109/TKDE.2018.2807452,10.1609/aaai.v25i1.7917,CITES,2011
10.1109/TKDE.2018.2807452,10.5555/1953048.2078187,CITES,2011
10.1109/TKDE.2018.2807452,10.1609/aaai.v24i1.7696,CITES,2010
10.1109/TKDE.2018.2807452,10.1016/J.WEBSEM.2009.07.002,CITES,2009
10.1109/TKDE.2018.2807452,10.1109/TKDE.2008.204,CITES,2009
10.1109/TKDE.2018.2807452,10.1145/1553374.1553494,CITES,2009
10.1109/TKDE.2018.2807452,10.1145/1401890.1401971,CITES,2008
10.1109/TKDE.2018.2807452,10.5555/1756006.1859891,CITES,2008
10.1109/TKDE.2018.2807452,10.1145/1376616.1376746,CITES,2008
10.1109/TKDE.2018.2807452,10.1145/1291233.1291329,CITES,2007
10.1109/TKDE.2018.2807452,10.1145/1242572.1242667,CITES,2007
10.1109/TKDE.2018.2807452,10.1007/s00211-007-0114-x,CITES,2006
10.1109/TKDE.2018.2807452,10.1109/ICDM.2005.132,CITES,2005
10.1109/TKDE.2018.2807452,10.1145/1101149.1101193,CITES,2005
10.1109/TKDE.2018.2807452,10.1145/1015330.1015345,CITES,2004
10.1109/TKDE.2018.2807452,10.1126/SCIENCE.295.5552.7A,CITES,2002
10.1109/TKDE.2018.2807452,10.1126/SCIENCE.290.5500.2323,CITES,2000
10.1109/TKDE.2018.2807452,10.1162/neco.1997.9.8.1735,CITES,1997
10.1109/TKDE.2018.2807452,10.1080/03081088508817681,CITES,1985
10.1109/TKDE.2018.2807452,10.1007/BF02163027,CITES,1970
10.1109/TKDE.2018.2807452,10.1109/TKDE.2016.2606098,CITES,2017
10.1109/TKDE.2018.2807452,10.1016/j.patcog.2016.07.043,CITES,2017
10.1109/TKDE.2018.2807452,10.1109/TNN.2008.2005605,CITES,2009
10.1109/TKDE.2018.2807452,10.1109/TPAMI.2007.12,CITES,2007
10.1109/TKDE.2018.2807452,10.1016/S0377-2217(01)00143-6,CITES,2002
10.1145/3487553.3524653,10.1016/j.knosys.2018.03.022,CITES,2017
10.1016/j.knosys.2018.03.022,10.1109/ICDE.2017.35,CITES,2017
10.1016/j.knosys.2018.03.022,10.1145/3018661.3018667,CITES,2017
10.1016/j.knosys.2018.03.022,10.1109/ICDM.2016.0072,CITES,2016
10.1016/j.knosys.2018.03.022,10.1145/2939672.2939751,CITES,2016
10.1016/j.knosys.2018.03.022,10.1145/2939672.2939753,CITES,2016
10.1016/j.knosys.2018.03.022,10.18653/v1/P16-1095,CITES,2016
10.1016/j.knosys.2018.03.022,10.1145/2939672.2939754,CITES,2016
10.1016/j.knosys.2018.03.022,10.1609/aaai.v30i1.10179,CITES,2016
10.1016/j.knosys.2018.03.022,10.1145/2806416.2806512,CITES,2015
10.1016/j.knosys.2018.03.022,10.1145/2783258.2783296,CITES,2015
10.1016/j.knosys.2018.03.022,10.1145/2736277.2741093,CITES,2015
10.1016/j.knosys.2018.03.022,10.1145/2623330.2623732,CITES,2014
10.1016/j.knosys.2018.03.022,10.1145/2488388.2488393,CITES,2013
10.1016/j.knosys.2018.03.022,10.1109/TPAMI.2013.50,CITES,2013
10.1016/j.knosys.2018.03.022,10.1145/2020408.2020566,CITES,2011
10.1016/j.knosys.2018.03.022,10.1016/j.patcog.2010.11.015,CITES,2011
10.1016/j.knosys.2018.03.022,10.1038/NPRE.2011.5627.1,CITES,2011
10.1016/j.knosys.2018.03.022,10.1007/978-1-4419-8462-3_5,CITES,2011
10.1016/j.knosys.2018.03.022,10.1016/j.physa.2010.11.027,CITES,2010
10.1016/j.knosys.2018.03.022,10.1109/JPROC.2010.2044470,CITES,2010
10.1016/j.knosys.2018.03.022,10.1145/1645953.1646094,CITES,2009
10.1016/j.knosys.2018.03.022,10.14778/1687627.1687709,CITES,2009
10.1016/j.knosys.2018.03.022,10.1145/1557019.1557109,CITES,2009
10.1016/j.knosys.2018.03.022,10.1145/1553374.1553494,CITES,2009
10.1016/j.knosys.2018.03.022,10.1109/CVPR.2008.4587665,CITES,2008
10.1016/j.knosys.2018.03.022,10.1145/1376616.1376661,CITES,2008
10.1016/j.knosys.2018.03.022,10.1145/1376616.1376675,CITES,2008
10.1016/j.knosys.2018.03.022,10.1038/nature06830,CITES,2008
10.1016/j.knosys.2018.03.022,10.1145/1367497.1367618,CITES,2008
10.1016/j.knosys.2018.03.022,10.1093/nar/gkm1001,CITES,2007
10.1016/j.knosys.2018.03.022,10.1145/1281192.1281280,CITES,2007
10.1016/j.knosys.2018.03.022,10.1145/1348549.1348560,CITES,2007
10.1016/j.knosys.2018.03.022,10.1145/1273496.1273503,CITES,2007
10.1016/j.knosys.2018.03.022,10.1007/978-3-540-72903-7_35,CITES,2007
10.1016/j.knosys.2018.03.022,10.1109/TKDE.2007.46,CITES,2007
10.1016/j.knosys.2018.03.022,10.7551/mitpress/7503.003.0199,CITES,2006
10.1016/j.knosys.2018.03.022,10.1145/1217299.1217301,CITES,2006
10.1016/j.knosys.2018.03.022,10.1145/1101149.1101193,CITES,2005
10.1016/j.knosys.2018.03.022,10.1002/9781118548387,CITES,2005
10.1016/j.knosys.2018.03.022,10.1002/0471667196.ess1206,CITES,2004
10.1016/j.knosys.2018.03.022,10.1002/0471602396.CH14,CITES,2004
10.1016/j.knosys.2018.03.022,10.1145/980972.980992,CITES,2003
10.1016/j.knosys.2018.03.022,10.1145/956863.956972,CITES,2003
10.1016/j.knosys.2018.03.022,10.1016/j.socnet.2004.11.009,CITES,2003
10.1016/j.knosys.2018.03.022,10.1007/978-1-4899-7687-1_100268,CITES,2003
10.1016/j.knosys.2018.03.022,10.1103/PhysRevE.69.026113,CITES,2003
10.1016/j.knosys.2018.03.022,10.1016/S0378-8733(03)00009-1,CITES,2003
10.1016/j.knosys.2018.03.022,10.1109/ICDM.2001.989507,CITES,2001
10.1016/j.knosys.2018.03.022,10.1098/rspb.2001.1800,CITES,2001
10.1016/j.knosys.2018.03.022,10.7551/mitpress/1120.003.0080,CITES,2002
10.1016/j.knosys.2018.03.022,10.1126/SCIENCE.290.5500.2323,CITES,2000
10.1016/j.knosys.2018.03.022,10.1126/SCIENCE.290.5500.2319,CITES,2000
10.1016/j.knosys.2018.03.022,10.1002/1097-024X(200009)30:11%3C1203::AID-SPE338%3E3.0.CO;2-N,CITES,2000
10.1016/j.knosys.2018.03.022,10.1109/CVPR.1997.609407,CITES,1997
10.1016/j.knosys.2018.03.022,10.1109/65.587044,CITES,1997
10.1016/j.knosys.2018.03.022,10.1007/BF01098364,CITES,1994
10.1016/j.knosys.2018.03.022,10.1145/103418.103424,CITES,1991
10.1016/j.knosys.2018.03.022,10.1016/0893-6080(90)90005-6,CITES,1990
10.1016/j.knosys.2018.03.022,10.1109/WVL.1989.77035,CITES,1989
10.1016/j.knosys.2018.03.022,10.1016/0925-7721(94)00014-X,CITES,1988
10.1016/j.knosys.2018.03.022,10.1080/01621459.1987.10478385,CITES,1987
10.1016/j.knosys.2018.03.022,10.1016/0378-8733(83)90021-7,CITES,1983
10.1016/j.knosys.2018.03.022,10.2307/3010642,CITES,1980
10.1016/j.knosys.2018.03.022,10.1016/0005-1098(78)90005-5,CITES,1978
10.1016/j.knosys.2018.03.022,10.1086/jar.33.4.3629752,CITES,1977
10.1016/j.knosys.2018.03.022,10.1137/0713009,CITES,1976
10.1016/j.knosys.2018.03.022,10.1086/226141,CITES,1976
10.1016/j.knosys.2018.03.022,10.1007/BF02289026,CITES,1953
10.1016/j.knosys.2018.03.022,10.1080/14786440109462720,CITES,1901
10.1016/j.knosys.2018.03.022,10.7551/mitpress/11884.003.0005,CITES,2020
10.1016/j.knosys.2018.03.022,10.4018/978-1-4666-9964-9.CH003,CITES,2020
10.1016/j.knosys.2018.03.022,10.1007/978-1-4939-7131-2_100470,CITES,2018
10.1016/j.knosys.2018.03.022,10.1007/978-1-4419-8462-3_9,CITES,2011
10.1016/j.knosys.2018.03.022,10.1007/978-1-4419-8462-3_11,CITES,2011
10.1016/j.knosys.2018.03.022,10.1038/nprot.2009.177,CITES,2009
10.1016/j.knosys.2018.03.022,10.1007/b138283,CITES,2007
10.1016/j.knosys.2018.03.022,10.1109/TPAMI.2007.12,CITES,2007
10.1016/j.knosys.2018.03.022,10.1137/1.9781611972757.25,CITES,2005
10.1016/j.knosys.2018.03.022,10.1109/2945.841119,CITES,2000
10.1016/j.knosys.2018.03.022,10.5169/SEALS-266450,CITES,
10.1145/3487553.3524653,10.1145/2939672.2939754,CITES,2016
10.1145/2939672.2939754,10.1137/1.9781611974010.51,CITES,2015
10.1145/2939672.2939754,10.1145/2806416.2806512,CITES,2015
10.1145/2939672.2939754,10.1145/2736277.2741093,CITES,2015
10.1145/2939672.2939754,10.1109/ICDM.2014.22,CITES,2014
10.1145/2939672.2939754,10.1109/JPROC.2014.2364018,CITES,2014
10.1145/2939672.2939754,10.3115/v1/D14-1162,CITES,2014
10.1145/2939672.2939754,10.1609/aaai.v28i1.8916,CITES,2014
10.1145/2939672.2939754,10.1145/2623330.2623732,CITES,2014
10.1145/2939672.2939754,10.1038/nmeth.2340,CITES,2013
10.1145/2939672.2939754,10.1093/nar/gks1158,CITES,2012
10.1145/2939672.2939754,10.1145/2339530.2339723,CITES,2012
10.1145/2939672.2939754,10.1109/TPAMI.2013.50,CITES,2013
10.1145/2939672.2939754,10.1145/2020408.2020512,CITES,2011
10.1145/2939672.2939754,10.1093/bioinformatics/btr260,CITES,2011
10.1145/2939672.2939754,10.1038/NPRE.2011.5627.1,CITES,2011
10.1145/2939672.2939754,10.1007/s10618-010-0210-x,CITES,2011
10.1145/2939672.2939754,10.1145/1935826.1935914,CITES,2011
10.1145/2939672.2939754,10.1016/j.physrep.2009.11.002,CITES,2010
10.1145/2939672.2939754,10.1136/ebmh.11.4.102,CITES,2008
10.1145/2939672.2939754,10.1007/978-3-642-14929-0_1,CITES,2008
10.1145/2939672.2939754,10.1093/nar/gkm1001,CITES,2007
10.1145/2939672.2939754,10.4018/jdwm.2007070101,CITES,2007
10.1145/2939672.2939754,10.1016/S0378-8733(03)00009-1,CITES,2003
10.1145/2939672.2939754,10.1145/780542.780599,CITES,2003
10.1145/2939672.2939754,10.3115/1073445.1073478,CITES,2003
10.1145/2939672.2939754,10.1198/016214502388618906,CITES,2002
10.1145/2939672.2939754,10.7551/mitpress/1120.003.0080,CITES,2002
10.1145/2939672.2939754,10.1126/SCIENCE.290.5500.2323,CITES,2000
10.1145/2939672.2939754,10.1126/SCIENCE.290.5500.2319,CITES,2000
10.1145/2939672.2939754,10.1137/1.9781611973440.33,CITES,2014
10.1145/2939672.2939754,10.1017/CBO9781139207249.009,CITES,2012
10.1145/2939672.2939754,10.1109/TPAMI.2007.12,CITES,2007
10.1145/3487553.3524653,10.1177/0001839216665364,CITES,2015
10.1177/0001839216665364,10.5465/AMJ.2015.0809,CITES,2017
10.1177/0001839216665364,10.1146/ANNUREV-SOC-081715-074219,CITES,2016
10.1177/0001839216665364,10.1016/J.RESPOL.2015.08.001,CITES,2016
10.1177/0001839216665364,10.1016/J.RESPOL.2015.05.007,CITES,2015
10.1177/0001839216665364,10.1371/journal.pone.0135095,CITES,2015
10.1177/0001839216665364,10.15195/V2.A13,CITES,2015
10.1177/0001839216665364,10.1371/journal.pone.0122565,CITES,2015
10.1177/0001839216665364,10.1287/orsc.2014.0933,CITES,2014
10.1177/0001839216665364,10.1287/ORSC.2013.0882,CITES,2014
10.1177/0001839216665364,10.1093/SF/SOU069,CITES,2014
10.1177/0001839216665364,10.1177/2329496514540131,CITES,2014
10.1177/0001839216665364,10.1177/1476127013502465,CITES,2014
10.1177/0001839216665364,10.2139/ssrn.2338038,CITES,2013
10.1177/0001839216665364,10.1016/j.joi.2013.09.001,CITES,2013
10.1177/0001839216665364,10.1093/RESEVAL/RVT004,CITES,2013
10.1177/0001839216665364,10.1017/S0020818313000209,CITES,2013
10.1177/0001839216665364,10.1287/orsc.1120.0764,CITES,2013
10.1177/0001839216665364,10.1007/s11192-012-0775-9,CITES,2013
10.1177/0001839216665364,10.1177/0003122415601618,CITES,2013
10.1177/0001839216665364,10.1287/MNSC.2013.1755,CITES,2012
10.1177/0001839216665364,10.1093/ICC/DTS011,CITES,2012
10.1177/0001839216665364,10.1287/orsc.1110.0673,CITES,2012
10.1177/0001839216665364,10.1086/661757,CITES,2011
10.1177/0001839216665364,10.1016/J.RESPOL.2011.06.009,CITES,2011
10.1177/0001839216665364,10.1016/j.wasman.2012.01.017,CITES,2011
10.1177/0001839216665364,10.1016/J.RESPOL.2010.11.001,CITES,2011
10.1177/0001839216665364,10.1080/02698595.2011.552423,CITES,2011
10.1177/0001839216665364,10.1093/ICC/DTQ003,CITES,2010
10.1177/0001839216665364,10.1086/653599,CITES,2010
10.1177/0001839216665364,10.1016/J.RESPOL.2010.02.013,CITES,2010
10.1177/0001839216665364,10.2189/asqu.2010.55.1.47,CITES,2010
10.1177/0001839216665364,10.1353/SOF.0.0257,CITES,2009
10.1177/0001839216665364,10.2189/asqu.2009.54.3.486,CITES,2009
10.1177/0001839216665364,10.1371/journal.pone.0006547,CITES,2009
10.1177/0001839216665364,10.1146/ANNUREV-SOC-070308-115954,CITES,2009
10.1177/0001839216665364,10.2139/ssrn.1299064,CITES,2009
10.1177/0001839216665364,10.1177/000312240907400302,CITES,2009
10.1177/0001839216665364,10.1007/s11192-008-2197-2,CITES,2009
10.1177/0001839216665364,10.1177/000312240907400108,CITES,2009
10.1177/0001839216665364,10.1007/s11192-009-0041-y,CITES,2009
10.1177/0001839216665364,10.1111/J.1540-6237.2008.00561.X,CITES,2008
10.1177/0001839216665364,10.1126/science.1150473,CITES,2008
10.1177/0001839216665364,10.3152/095820208X287180,CITES,2008
10.1177/0001839216665364,10.1016/J.RESPOL.2008.01.012,CITES,2008
10.1177/0001839216665364,10.1007/S10734-007-9073-5,CITES,2008
10.1177/0001839216665364,10.1016/J.RESPOL.2007.09.001,CITES,2007
10.1177/0001839216665364,10.5465/AMR.2007.26586096,CITES,2007
10.1177/0001839216665364,10.2189/asqu.52.3.443,CITES,2007
10.1177/0001839216665364,10.1300/J147v31n04_03,CITES,2007
10.1177/0001839216665364,10.1177/000312240707200403,CITES,2007
10.1177/0001839216665364,10.1080/00221546.2007.11772323,CITES,2007
10.1177/0001839216665364,10.1007/s11192-007-1700-5,CITES,2007
10.1177/0001839216665364,10.1016/J.RESPOL.2006.08.001,CITES,2007
10.1177/0001839216665364,10.2189/asqu.51.3.420,CITES,2006
10.1177/0001839216665364,10.5465/AMJ.2006.22083030,CITES,2006
10.1177/0001839216665364,10.3152/147154406781776075,CITES,2006
10.1177/0001839216665364,10.3152/147154406781776002,CITES,2006
10.1177/0001839216665364,10.1016/S0733-558X(05)23005-7,CITES,2005
10.1177/0001839216665364,10.1177/000312240507000605,CITES,2005
10.1177/0001839216665364,10.1177/0306312705055535,CITES,2005
10.1177/0001839216665364,10.1007/S10961-005-2582-4,CITES,2005
10.1177/0001839216665364,10.5465/AMBPP.2005.18782487,CITES,2005
10.1177/0001839216665364,10.1080/10400419.2005.9651475,CITES,2005
10.1177/0001839216665364,10.1007/s11192-005-0218-y,CITES,2005
10.1177/0001839216665364,10.2139/ssrn.710641,CITES,2005
10.1177/0001839216665364,10.3152/147154405781776355,CITES,2005
10.1177/0001839216665364,10.1007/S11024-004-6620-4,CITES,2005
10.1177/0001839216665364,10.1126/SCIENCE.1103628,CITES,2004
10.1177/0001839216665364,10.1086/421787,CITES,2004
10.1177/0001839216665364,10.1016/S0048-7333(03)00045-3,CITES,2003
10.1177/0001839216665364,10.1023/A:1025439910278,CITES,2003
10.1177/0001839216665364,10.1353/SOF.2003.0065,CITES,2003
10.1177/0001839216665364,10.1287/mnsc.49.6.751.16026,CITES,2003
10.1177/0001839216665364,10.1086/377518,CITES,2003
10.1177/0001839216665364,10.1177/144078330303900106,CITES,2003
10.1177/0001839216665364,10.1177/000312240306800101,CITES,2003
10.1177/0001839216665364,10.1002/JHBS.1100,CITES,2002
10.1177/0001839216665364,10.1111/1467-9531.00117,CITES,2002
10.1177/0001839216665364,10.2307/3094892,CITES,2002
10.1177/0001839216665364,10.1023/A:1014856625623,CITES,2002
10.1177/0001839216665364,10.1086/324072,CITES,2001
10.1177/0001839216665364,10.1146/ANNUREV.SOC.27.1.415,CITES,2001
10.1177/0001839216665364,10.3152/147154401781777123,CITES,2001
10.1177/0001839216665364,10.2139/ssrn.249578,CITES,2000
10.1177/0001839216665364,10.1086/210178,CITES,1999
10.1177/0001839216665364,10.2307/2667029,CITES,1999
10.1177/0001839216665364,10.1177/030631297027001009,CITES,1997
10.1177/0001839216665364,10.2307/2393988,CITES,1996
10.1177/0001839216665364,10.1086/230730,CITES,1995
10.1177/0001839216665364,10.2307/2073372,CITES,1989
10.1177/0001839216665364,10.1086/261566,CITES,1988
10.1177/0001839216665364,10.2307/2095600,CITES,1987
10.1177/0001839216665364,10.1086/494230,CITES,1986
10.1177/0001839216665364,10.1086/228210,CITES,1985
10.1177/0001839216665364,10.1086/227797,CITES,1983
10.1177/0001839216665364,10.5465/255570,CITES,1981
10.1177/0001839216665364,10.1590/S0034-75901961000200012,CITES,1961
10.1177/0001839216665364,10.2307/2280845,CITES,1957
10.1177/0001839216665364,10.5860/choice.27-0974,CITES,2016
10.1177/0001839216665364,10.5465/AMBPP.2012.88,CITES,2012
10.1177/0001839216665364,10.1002/ASI.V61:1,CITES,2010
10.1177/0001839216665364,10.1162/003355398555595,CITES,2009
10.1177/0001839216665364,10.7551/mitpress/7461.001.0001,CITES,2009
10.1177/0001839216665364,10.1515/9781400843015,CITES,2007
10.1177/0001839216665364,10.1023/A:1016046819457,CITES,2004
10.1177/0001839216665364,10.1016/S0191-3085(02)24003-4,CITES,2002
10.1177/0001839216665364,10.1504/IJTM.2001.002988,CITES,2001
10.1177/0001839216665364,10.1007/BF02838832,CITES,2000
10.1177/0001839216665364,10.1007/978-94-009-9109-5_2,CITES,1980
10.1145/3487553.3524653,10.1038/525306A,CITES,2015
10.1145/3487553.3524653,10.1371/journal.pone.0122565,CITES,2015
10.1371/journal.pone.0122565,10.22201/ceiich.24485705e.2013.1.46546,CITES,2015
10.1371/journal.pone.0122565,10.1371/journal.pone.0039464,CITES,2012
10.1371/journal.pone.0122565,10.1016/j.joi.2011.02.001,CITES,2011
10.1371/journal.pone.0122565,10.1002/ASI.20349,CITES,2006
10.1371/journal.pone.0122565,10.1016/S0968-8080(06)28264-8,CITES,2006
10.1371/journal.pone.0122565,10.1002/ARIS.1440370106,CITES,2005
10.1371/journal.pone.0122565,10.1007/s11192-005-0255-6,CITES,2004
10.1371/journal.pone.0122565,10.1023/A:1014856625623,CITES,2002
10.1371/journal.pone.0122565,10.2307/2076669,CITES,1994
10.1371/journal.pone.0122565,10.1002/asi.4630240406,CITES,1973
10.1371/journal.pone.0122565,10.7551/mitpress/9445.003.0014,CITES,2014
10.1371/journal.pone.0122565,10.1002/ASI.V61:1,CITES,2010
10.1371/journal.pone.0122565,10.1002/asi.20991,CITES,2009
10.1371/journal.pone.0122565,10.1002/asi.20914,CITES,2008
10.1371/journal.pone.0122565,10.1641/0006-3568(2005)055[0967:PI]2.0.CO;2,CITES,2005
10.1371/journal.pone.0122565,10.1007/1-4020-3714-7,CITES,
10.1371/journal.pone.0122565,10.5860/choice.186316,CITES,
10.1145/3487553.3524653,10.1145/2623330.2623732,CITES,2014
10.1145/2623330.2623732,10.1145/2487575.2487610,CITES,2013
10.1145/2623330.2623732,10.1145/3065386,CITES,2012
10.1145/2623330.2623732,10.1109/TPAMI.2013.50,CITES,2013
10.1145/2623330.2623732,10.1109/TASL.2011.2134090,CITES,2012
10.1145/2623330.2623732,10.1145/2020408.2020512,CITES,2011
10.1145/2623330.2623732,10.1007/s10618-010-0210-x,CITES,2011
10.1145/2623330.2623732,10.1109/ASONAM.2010.19,CITES,2010
10.1145/2623330.2623732,10.5555/1756006.1756025,CITES,2010
10.1145/2623330.2623732,10.1145/1645953.1646094,CITES,2009
10.1145/2623330.2623732,10.1145/1541880.1541882,CITES,2009
10.1145/2623330.2623732,10.1145/1557019.1557109,CITES,2009
10.1145/2623330.2623732,10.1007/s10994-008-5066-6,CITES,2008
10.1145/2623330.2623732,10.1201/b17320-16,CITES,2008
10.1145/2623330.2623732,10.1007/978-3-642-14929-0_1,CITES,2008
10.1145/2623330.2623732,10.1145/1401890.1401925,CITES,2008
10.1145/2623330.2623732,10.1145/1390156.1390177,CITES,2008
10.1145/2623330.2623732,10.5555/1756006.1859891,CITES,2008
10.1145/2623330.2623732,10.5555/1390681.1442794,CITES,2008
10.1145/2623330.2623732,10.1109/FOCS.2006.44,CITES,2006
10.1145/2623330.2623732,10.1073/PNAS.0601602103,CITES,2006
10.1145/2623330.2623732,10.1145/1090193.1090201,CITES,2005
10.1145/2623330.2623732,10.1145/956863.956972,CITES,2003
10.1145/2623330.2623732,10.1145/1007352.1007372,CITES,2003
10.1145/2623330.2623732,10.1016/0004-3702(91)90084-W,CITES,1991
10.1145/2623330.2623732,10.1109/TPAMI.1984.4767596,CITES,1984
10.1145/2623330.2623732,10.1109/TPAMI.1983.4767390,CITES,1983
10.1145/2623330.2623732,10.1086/jar.33.4.3629752,CITES,1977
10.1145/2623330.2623732,10.1007/978-0-387-31439-6_100248,CITES,2014
10.1145/2623330.2623732,10.1137/1.9781611972825.71,CITES,2012
10.1145/2623330.2623732,10.7551/mitpress/7432.001.0001,CITES,2007
10.1145/2623330.2623732,10.21236/ada452802,CITES,2003
10.1145/3487553.3524653,10.1007/s11192-008-2197-2,CITES,2009
10.1007/s11192-008-2197-2,10.1007/s11192-007-1686-z,CITES,2007
10.1007/s11192-008-2197-2,10.1007/s11192-007-1822-9,CITES,2007
10.1007/s11192-008-2197-2,10.1002/asi.10242,CITES,2003
10.1007/s11192-008-2197-2,10.1007/s11192-005-0255-6,CITES,2004
10.1007/s11192-008-2197-2,10.1023/A:1025439910278,CITES,2003
10.1007/s11192-008-2197-2,10.1007/978-1-4471-0051-5,CITES,2003
10.1007/s11192-008-2197-2,10.1002/asi.1097,CITES,2001
10.1007/s11192-008-2197-2,10.1007/BF02017763,CITES,1990
10.1007/s11192-008-2197-2,10.1177/016224399602100401,CITES,1996
10.1007/s11192-008-2197-2,10.1002/asi.20274,CITES,2006
10.1007/s11192-008-2197-2,10.1504/IJTM.2001.002990,CITES,2001
10.1007/s11192-008-2197-2,10.1177/0891243206293030,CITES,2006
10.1007/s11192-008-2197-2,10.1002/asi.20322,CITES,2009
10.1007/s11192-008-2197-2,10.1023/A:1010529114941,CITES,2001
10.1007/s11192-008-2197-2,10.1002/asi.10326,CITES,2003
10.1007/s11192-008-2197-2,10.1023/B:SCIE.0000037368.31217.34,CITES,2004
10.1007/s11192-008-2197-2,10.1002/asi.20683,CITES,2007
10.1007/s11192-008-2197-2,10.1007/s11192-007-1700-5,CITES,2007
10.1007/s11192-008-2197-2,10.3152/147154406781775841,CITES,2006
10.1007/s11192-008-2197-2,10.3152/095820208X364553,CITES,2008
10.1007/s11192-008-2197-2,10.1007/s11192-007-0305-3,CITES,2007
10.1007/s11192-008-2197-2,10.1007/s11192-009-0041-y,CITES,2009
10.1007/s11192-008-2197-2,10.1016/0040-5809(82)90004-1,CITES,1982
10.1007/s11192-008-2197-2,10.1098/rsif.2007.0213,CITES,2007
10.1145/3487553.3524653,10.1007/s11192-009-0041-y,CITES,2009
10.1007/s11192-009-0041-y,10.1002/asi.20967,CITES,2009
10.1007/s11192-009-0041-y,10.1016/J.JOI.2009.08.002,CITES,2009
10.1007/s11192-009-0041-y,10.1002/asi.21086,CITES,2008
10.1007/s11192-009-0041-y,10.1080/13511610701760770,CITES,2007
10.1007/s11192-009-0041-y,10.1007/s11192-007-1680-5,CITES,2007
10.1007/s11192-009-0041-y,10.1002/asi.20614,CITES,2007
10.1007/s11192-009-0041-y,10.2139/ssrn.3200401,CITES,2007
10.1007/s11192-009-0041-y,10.1007/s11192-007-1700-5,CITES,2007
10.1007/s11192-009-0041-y,10.1007/s11192-007-0305-3,CITES,2007
10.1007/s11192-009-0041-y,10.1007/s11192-007-0308-0,CITES,2007
10.1007/s11192-009-0041-y,10.1098/rsif.2007.0213,CITES,2007
10.1007/s11192-009-0041-y,10.3152/147154406781775841,CITES,2006
10.1007/s11192-009-0041-y,10.1111/J.0022-1821.2005.00248.X,CITES,2005
10.1007/s11192-009-0041-y,10.1207/s15366359mea0301_6,CITES,2005
10.1007/s11192-009-0041-y,10.1023/B:SCIE.0000018542.71314.38,CITES,2004
10.1007/s11192-009-0041-y,10.1023/B:SCIE.0000037368.31217.34,CITES,2004
10.1007/s11192-009-0041-y,10.1007/s11192-005-0255-6,CITES,2004
10.1007/s11192-009-0041-y,10.1002/asi.10326,CITES,2003
10.1007/s11192-009-0041-y,10.1002/asi.10242,CITES,2003
10.1007/s11192-009-0041-y,10.1002/asi.10155,CITES,2003
10.1007/s11192-009-0041-y,10.1177/016555150202800601,CITES,2002
10.1007/s11192-009-0041-y,10.1016/S0048-7333(01)00129-9,CITES,2002
10.1007/s11192-009-0041-y,10.1023/A:1010529114941,CITES,2001
10.1007/s11192-009-0041-y,10.3152/147154401781777123,CITES,2001
10.1007/s11192-009-0041-y,10.3138/9781442678729-003,CITES,2000
10.1007/s11192-009-0041-y,10.3152/147154400781777241,CITES,2000
10.1007/s11192-009-0041-y,10.1038/35012221,CITES,2000
10.1007/s11192-009-0041-y,10.1007/BF02458399,CITES,1998
10.1007/s11192-009-0041-y,10.1007/BF02458355,CITES,1998
10.1007/s11192-009-0041-y,10.1016/S0048-7333(97)00046-2,CITES,1998
10.1007/s11192-009-0041-y,10.5555/228001.228003,CITES,1996
10.1007/s11192-009-0041-y,10.1002/(SICI)1097-4571(199606)47:6%3C415::AID-ASI3%3E3.0.CO;2-Y,CITES,1996
10.1007/s11192-009-0041-y,10.1016/0048-7333(92)90025-Y,CITES,1992
10.1007/s11192-009-0041-y,10.1002/(SICI)1097-4571(199105)42:4%3C233::AID-ASI1%3E3.0.CO;2-I,CITES,1991
10.1007/s11192-009-0041-y,10.1007/BF02016934,CITES,1985
10.1007/s11192-009-0041-y,10.1016/0040-5809(82)90004-1,CITES,1982
10.1007/s11192-009-0041-y,10.1177/030631277700700202,CITES,1977
10.1007/s11192-009-0041-y,10.1002/asi.4630240406,CITES,1973
10.1007/s11192-009-0041-y,10.1002/asi.20683,CITES,2007
10.1007/s11192-009-0041-y,10.1007/1-4020-2755-9_20,CITES,2004
10.1007/s11192-009-0041-y,10.1007/1-4020-2755-9_11,CITES,2004
10.1145/3487553.3524653,10.1073/pnas.0706851105,CITES,2007
10.1073/pnas.0706851105,10.2307/1418618,CITES,2012
10.1073/pnas.0706851105,10.1073/pnas.0703740104,CITES,2007
10.1073/pnas.0706851105,10.1088/1367-2630/9/6/176,CITES,2007
10.1073/pnas.0706851105,10.1103/PhysRevE.76.036102,CITES,2007
10.1073/pnas.0706851105,10.1073/pnas.0611034104,CITES,2007
10.1073/pnas.0706851105,10.1038/nature03607,CITES,2005
10.1073/pnas.0706851105,10.1038/nature03288,CITES,2005
10.1073/pnas.0706851105,10.1103/PhysRevE.71.046117,CITES,2004
10.1073/pnas.0706851105,10.1023/B:SCIE.0000037368.31217.34,CITES,2004
10.1073/pnas.0706851105,10.1103/PhysRevE.70.066111,CITES,2004
10.1073/pnas.0706851105,10.1073/PNAS.0307852100,CITES,2004
10.1073/pnas.0706851105,10.1103/PhysRevE.69.066133,CITES,2003
10.1073/pnas.0706851105,10.1103/PhysRevE.69.026113,CITES,2003
10.1073/pnas.0706851105,10.1137/S003614450342480,CITES,2003
10.1073/pnas.0706851105,10.1103/PhysRevLett.90.148701,CITES,2002
10.1073/pnas.0706851105,10.1093/NAR/30.7.1575,CITES,2002
10.1073/pnas.0706851105,10.1073/pnas.122653799,CITES,2002
10.1073/pnas.0706851105,10.1002/(SICI)1097-4571(1999)50:9%3C799::AID-ASI9%3E3.0.CO;2-G,CITES,1999
10.1073/pnas.0706851105,10.1007/978-3-642-96483-1,CITES,1999
10.1073/pnas.0706851105,10.1016/0005-1098(78)90005-5,CITES,1978
10.1073/pnas.0706851105,10.1002/asi.4630240406,CITES,1973
10.1073/pnas.0706851105,10.1126/SCIENCE.149.3683.510,CITES,1965
10.1073/pnas.0706851105,10.2307/409735,CITES,1950
10.1073/pnas.0706851105,10.1145/584091.584093,CITES,1948
10.1073/pnas.0706851105,10.2307/1415296,CITES,1930
10.1073/pnas.0706851105,10.1038/1911045b0,CITES,1961
10.1145/3487553.3524653,10.1007/s11192-007-1700-5,CITES,2007
10.1007/s11192-007-1700-5,10.1007/978-94-009-7729-7_11,CITES,1982
10.1007/s11192-007-1700-5,10.1093/acprof:oso/9780195062526.003.0002,CITES,1990
10.1007/s11192-007-1700-5,10.1023/A:1010529114941,CITES,2001
10.1007/s11192-007-1700-5,10.3152/147154406781775841,CITES,2006
10.1007/s11192-007-1700-5,10.1023/A:1010537606969,CITES,2000
10.1007/s11192-007-1700-5,10.1177/0891243206293030,CITES,2006
10.1007/s11192-007-1700-5,10.1023/A:1014873029258,CITES,2002
10.1007/s11192-007-1700-5,10.1002/asi.1181,CITES,2001
10.1007/s11192-007-1700-5,10.1002/asi.10326,CITES,2003
10.1007/s11192-007-1700-5,10.1023/B:SCIE.0000037368.31217.34,CITES,2004
10.1007/s11192-007-1700-5,10.1007/s11192-005-0255-6,CITES,2004
10.1007/s11192-007-1700-5,10.1023/A:1025423406643,CITES,2003
10.1007/s11192-007-1700-5,10.1002/(SICI)1097-4571(199501)46:1<9::AID-ASI2>3.0.CO;2-3,CITES,1995
10.1007/s11192-007-1700-5,10.1002/asi.20274,CITES,2006
10.1007/s11192-007-1700-5,10.1007/BF02016934,CITES,1985
10.1145/3487553.3524653,10.1007/978-1-4899-7687-1_100268,CITES,2003
10.1145/3487553.3524653,10.1073/pnas.122653799,CITES,2002
10.1073/pnas.122653799,10.1103/PHYSREVE.64.016131,CITES,2001
10.1073/pnas.122653799,10.1038/35065725,CITES,2001
10.1073/pnas.122653799,10.1103/PHYSREVLETT.85.4633,CITES,2000
10.1073/pnas.122653799,10.1103/PhysRevE.64.016132,CITES,2000
10.1073/pnas.122653799,10.1038/81025,CITES,2000
10.1073/pnas.122653799,10.1038/35036627,CITES,2000
10.1073/pnas.122653799,10.1103/PhysRevE.64.026118,CITES,2000
10.1073/pnas.122653799,10.1073/pnas.98.2.404,CITES,2000
10.1073/pnas.122653799,10.1016/S1389-1286(00)00083-9,CITES,2000
10.1073/pnas.122653799,10.1103/PhysRevLett.85.4629,CITES,2000
10.1073/pnas.122653799,10.1038/35004572,CITES,2000
10.1073/pnas.122653799,10.1073/pnas.200327197,CITES,2000
10.1073/pnas.122653799,10.2307/3546748,CITES,1999
10.1073/pnas.122653799,10.1145/316188.316229,CITES,1999
10.1073/pnas.122653799,10.1038/43601,CITES,1999
10.1073/pnas.122653799,10.1038/30918,CITES,1998
10.1073/pnas.122653799,10.1007/s100510050359,CITES,1998
10.1073/pnas.122653799,10.1086/285382,CITES,1992
10.1073/pnas.122653799,10.2307/1943071,CITES,1989
10.1073/pnas.122653799,10.1177/0038038588022001007,CITES,1988
10.1073/pnas.122653799,10.1086/jar.33.4.3629752,CITES,1977
10.1073/pnas.122653799,10.2307/3033543,CITES,1977
10.1073/pnas.122653799,10.1007/BF02289026,CITES,1953
10.1073/pnas.122653799,10.1111/0081-1750.00098,CITES,2001
10.1073/pnas.122653799,10.1515/9781400841356.349,CITES,1999
10.1073/pnas.122653799,10.2307/2583863,CITES,1993
10.1073/pnas.122653799,10.1016/0378-8733(78)90011-4,CITES,1978
10.1073/pnas.122653799,10.1037/e400002009-005,CITES,1967
10.1073/pnas.122653799,10.4064/FM-10-1-96-115,CITES,
10.1145/3487553.3524653,10.1023/A:1009953814988,CITES,2000
10.1023/A:1009953814988,10.3115/974557.974586,CITES,1997
10.1023/A:1009953814988,10.1145/279943.279962,CITES,1998
10.1023/A:1009953814988,10.1016/S0169-7552(98)00108-1,CITES,1998
10.1023/A:1009953814988,10.1145/280765.280870,CITES,1998
10.1023/A:1009953814988,10.1016/S1389-1286(99)00047-X,CITES,1999
10.1023/A:1009953814988,10.1111/j.2517-6161.1977.tb01600.x,CITES,1977
10.1023/A:1009953814988,10.1145/276675.276685,CITES,1998
10.1023/A:1009953814988,10.1613/jair.301,CITES,1996
10.1023/A:1009953814988,10.1145/324133.324140,CITES,1999
10.1023/A:1009953814988,10.1016/0885-2308(92)90019-Z,CITES,1992
10.1023/A:1009953814988,10.1109/2.769447,CITES,1999
10.1023/A:1009953814988,10.1007/BFb0026666,CITES,1998
10.1023/A:1009953814988,10.1006/csla.1994.1001,CITES,1994
10.1023/A:1009953814988,10.1023/A:1007692713085,CITES,2000
10.1023/A:1009953814988,10.1109/5.18626,CITES,1989
10.1023/A:1009953814988,10.3233/IDA-1997-1405,CITES,1997
10.1023/A:1009953814988,10.1109/TIT.1967.1054010,CITES,1967
10.1023/A:1009953814988,10.1145/273035.273057,CITES,1998
10.1023/A:1009953814988,10.3115/981658.981684,CITES,1995
10.1145/3487553.3524653,10.1007/BF02016934,CITES,1985
10.1007/BF02016934,10.1111/j.1467-9310.1984.tb01149.x,CITES,1984
10.1007/BF02016934,10.1111/j.1467-9310.1979.tb00004.x,CITES,1979
10.1007/BF02016934,10.1177/107554708100200404,CITES,1981
10.1007/BF02016934,10.1177/030631277500500403,CITES,1975
10.1007/BF02016934,10.1007/BF02021864,CITES,1981
10.1007/BF02016934,10.1126/science.178.4060.471,CITES,1972
10.1145/3487553.3524653,10.1017/CBO9780511815478,CITES,1994
10.1145/3543873.3587570,10.1007/978-3-031-21127-0_30,CITES,2023
10.1007/978-3-031-21127-0_30,10.1016/j.joi.2018.09.001,CITES,2018
10.1007/978-3-031-21127-0_30,10.1109/ACCESS.2018.2870052,CITES,2018
10.1007/978-3-031-21127-0_30,10.1111/rssb.12377,CITES,2020
10.1007/978-3-031-21127-0_30,10.1023/A:1010933404324,CITES,2001
10.1007/978-3-031-21127-0_30,10.1145/3487553.3524653,CITES,2022
10.1007/978-3-031-21127-0_30,10.1017/nws.2013.12,CITES,2013
10.1007/978-3-031-21127-0_30,10.1145/3219819.3220025,CITES,2018
10.1007/978-3-031-21127-0_30,10.1214/aos/1013203451,CITES,2001
10.1007/978-3-031-21127-0_30,10.1145/2339530.2339723,CITES,2012
10.1007/978-3-031-21127-0_30,10.1371/journal.pone.0171428,CITES,2017
10.1007/978-3-031-21127-0_30,10.1126/science.298.5594.824,CITES,2002
10.1007/978-3-031-21127-0_30,10.1162/qss_a_00014,CITES,2020
10.1007/978-3-031-21127-0_30,10.1037/10648-000,CITES,1934
10.1007/978-3-031-21127-0_30,10.1007/BF02016934,CITES,1985
10.1007/978-3-031-21127-0_30,10.1007/s11192-008-2197-2,CITES,2009
10.1007/978-3-031-21127-0_30,10.1093/bioinformatics/btl301,CITES,2007
10.1007/978-3-031-21127-0_30,10.1007/s11192-009-0041-y,CITES,2009
10.1007/978-3-031-21127-0_30,10.1109/TKDE.2014.2349913,CITES,2015
10.1007/978-3-031-21127-0_30,10.1145/3397191,CITES,2020
10.1007/978-3-031-21127-0_30,10.1016/0377-0427(87)90125-7,CITES,1987
10.1007/978-3-031-21127-0_30,10.1007/978-3-030-93409-5_25,CITES,2022
10.1007/978-3-031-21127-0_30,10.2478/jdis-2019-0010,CITES,2019
10.1007/978-3-031-21127-0_30,10.1145/2740908.2742839,CITES,2015
10.1007/978-3-031-21127-0_30,10.1098/rsif.2007.0213,CITES,2007
10.1007/978-3-031-21127-0_30,10.1038/525306a,CITES,2015
10.1145/3543873.3587570,10.18653/v1/n19-1423,CITES,2019
10.18653/v1/n19-1423,10.18653/v1/P18-1158,CITES,2018
10.18653/v1/P18-1158,10.18653/v1/N18-1202,CITES,2018
10.18653/v1/P18-1158,10.18653/v1/P18-1157,CITES,2017
10.18653/v1/P18-1158,10.18653/v1/P18-1078,CITES,2017
10.18653/v1/P18-1158,10.1109/ICCV.2017.324,CITES,2017
10.18653/v1/P18-1158,10.18653/v1/D17-1215,CITES,2017
10.18653/v1/P18-1158,10.18653/v1/P17-1018,CITES,2017
10.18653/v1/P18-1158,10.18653/v1/P17-1147,CITES,2017
10.18653/v1/P18-1158,10.18653/v1/P17-1171,CITES,2017
10.18653/v1/P18-1158,10.1145/3097983.3098177,CITES,2016
10.18653/v1/P18-1158,10.18653/v1/P17-1055,CITES,2016
10.18653/v1/P18-1158,10.1145/2988450.2988454,CITES,2016
10.18653/v1/P18-1158,10.18653/v1/D16-1264,CITES,2016
10.18653/v1/P18-1158,10.18653/v1/P16-1223,CITES,2016
10.18653/v1/P18-1158,10.18653/v1/D16-1244,CITES,2016
10.18653/v1/P18-1158,10.18653/v1/P17-1168,CITES,2016
10.18653/v1/P18-1158,10.18653/v1/p16-1086,CITES,2016
10.18653/v1/P18-1158,10.18653/v1/P16-2022,CITES,2015
10.18653/v1/P18-1158,10.3115/v1/D14-1162,CITES,2014
10.18653/v1/P18-1158,10.1162/COLI_a_00163,CITES,2014
10.18653/v1/n19-1423,10.18653/v1/D18-1217,CITES,2018
10.18653/v1/D18-1217,10.1017/9781108764810.002,CITES,2021
10.18653/v1/D18-1217,10.18653/v1/P18-1130,CITES,2018
10.18653/v1/D18-1217,10.18653/v1/P18-1096,CITES,2018
10.18653/v1/D18-1217,10.18653/v1/N18-1202,CITES,2018
10.18653/v1/D18-1217,10.18653/v1/P18-1031,CITES,2018
10.18653/v1/D18-1217,10.1609/aaai.v32i1.12006,CITES,2017
10.18653/v1/D18-1217,10.1109/ICCV.2017.226,CITES,2017
10.18653/v1/D18-1217,10.18653/v1/D17-1035,CITES,2017
10.18653/v1/D18-1217,10.1162/tacl_a_00070,CITES,2017
10.18653/v1/D18-1217,10.1609/aaai.v32i1.11634,CITES,2017
10.18653/v1/D18-1217,10.18653/v1/D17-1070,CITES,2017
10.18653/v1/D18-1217,10.18653/v1/P17-1194,CITES,2017
10.18653/v1/D18-1217,10.1109/TPAMI.2018.2858821,CITES,2017
10.18653/v1/D18-1217,10.18653/v1/P17-1161,CITES,2017
10.18653/v1/D18-1217,10.18653/v1/P17-1186,CITES,2017
10.18653/v1/D18-1217,10.1007/978-3-319-73618-1_17,CITES,2017
10.18653/v1/D18-1217,10.1073/pnas.1611835114,CITES,2016
10.18653/v1/D18-1217,10.18653/V1/E17-1117,CITES,2016
10.18653/v1/D18-1217,10.18653/v1/D17-1039,CITES,2016
10.18653/v1/D18-1217,10.18653/v1/D17-1206,CITES,2016
10.18653/v1/D18-1217,10.18653/v1/D16-1257,CITES,2016
10.18653/v1/D18-1217,10.18653/v1/P16-2038,CITES,2016
10.18653/v1/D18-1217,10.1007/978-3-319-46493-0_37,CITES,2016
10.18653/v1/D18-1217,10.18653/v1/D16-1139,CITES,2016
10.18653/v1/D18-1217,10.18653/v1/N16-1026,CITES,2016
10.18653/v1/D18-1217,10.18653/v1/P16-1101,CITES,2016
10.18653/v1/D18-1217,10.18653/v1/N16-1030,CITES,2016
10.18653/v1/D18-1217,10.18653/v1/P16-1147,CITES,2016
10.18653/v1/D18-1217,10.18653/v1/N16-1162,CITES,2016
10.18653/v1/D18-1217,10.1109/CVPR.2016.308,CITES,2015
10.18653/v1/D18-1217,10.1162/tacl_a_00104,CITES,2015
10.18653/v1/D18-1217,10.18653/v1/P16-1009,CITES,2015
10.18653/v1/D18-1217,10.18653/v1/D15-1166,CITES,2015
10.18653/v1/D18-1217,10.3115/v1/D14-1162,CITES,2014
10.18653/v1/D18-1217,10.21437/Interspeech.2014-564,CITES,2013
10.18653/v1/D18-1217,10.5555/1953048.2078186,CITES,2011
10.18653/v1/D18-1217,10.1109/ISCAS.2010.5537907,CITES,2010
10.18653/v1/D18-1217,10.1109/ICCV.2009.5459469,CITES,2009
10.18653/v1/D18-1217,10.1145/1390156.1390177,CITES,2008
10.18653/v1/D18-1217,10.1162/coli.2007.33.3.355,CITES,2007
10.18653/v1/D18-1217,10.3115/1220835.1220855,CITES,2006
10.18653/v1/D18-1217,10.3115/1614049.1614064,CITES,2006
10.18653/v1/D18-1217,10.1109/TKDE.2005.186,CITES,2005
10.18653/v1/D18-1217,10.1016/J.NEUNET.2005.06.042,CITES,2005
10.18653/v1/D18-1217,10.3115/1119176.1119195,CITES,2003
10.18653/v1/D18-1217,10.3115/1117601.1117631,CITES,2000
10.18653/v1/D18-1217,10.1162/neco.1997.9.8.1735,CITES,1997
10.18653/v1/D18-1217,10.1023/A:1007379606734,CITES,1997
10.18653/v1/D18-1217,10.3115/981658.981684,CITES,1995
10.18653/v1/D18-1217,10.1109/TIT.1965.1053799,CITES,1965
10.18653/v1/D18-1217,10.1093/NSR/NWX105,CITES,2018
10.18653/v1/D18-1217,10.1016/0041-5553(64)90137-5,CITES,1964
10.18653/v1/n19-1423,10.18653/v1/D18-1179,CITES,2018
10.18653/v1/D18-1179,10.18653/v1/p18-1110,CITES,2018
10.18653/v1/D18-1179,10.18653/v1/p18-2003,CITES,2018
10.18653/v1/D18-1179,10.18653/v1/P18-1198,CITES,2018
10.18653/v1/D18-1179,10.18653/v1/P18-1249,CITES,2018
10.18653/v1/D18-1179,10.18653/v1/P18-1027,CITES,2018
10.18653/v1/D18-1179,10.18653/v1/D18-1153,CITES,2018
10.18653/v1/D18-1179,10.18653/v1/N18-1091,CITES,2018
10.18653/v1/D18-1179,10.18653/v1/W18-2501,CITES,2018
10.18653/v1/D18-1179,10.18653/v1/N18-1202,CITES,2018
10.18653/v1/D18-1179,10.18653/v1/P18-1031,CITES,2018
10.18653/v1/D18-1179,10.1609/aaai.v32i1.11928,CITES,2017
10.18653/v1/D18-1179,10.18653/v1/D17-1018,CITES,2017
10.18653/v1/D18-1179,10.18653/v1/P17-1044,CITES,2017
10.18653/v1/D18-1179,10.18653/v1/N18-1101,CITES,2017
10.18653/v1/D18-1179,10.18653/v1/P17-1080,CITES,2017
10.18653/v1/D18-1179,10.18653/v1/P17-1161,CITES,2017
10.18653/v1/D18-1179,10.18653/V1/P17-4012,CITES,2017
10.18653/v1/D18-1179,10.18653/V1/E17-1117,CITES,2016
10.18653/v1/D18-1179,10.18653/v1/D17-1039,CITES,2016
10.18653/v1/D18-1179,10.1162/tacl_a_00115,CITES,2016
10.18653/v1/D18-1179,10.18653/v1/P17-1152,CITES,2016
10.18653/v1/D18-1179,10.1162/COLI_a_00300,CITES,2016
10.18653/v1/D18-1179,10.1109/cvpr.2016.90,CITES,2015
10.18653/v1/D18-1179,10.1609/aaai.v30i1.10362,CITES,2015
10.18653/v1/D18-1179,10.3115/v1/D14-1162,CITES,2014
10.18653/v1/D18-1179,10.21437/Interspeech.2014-564,CITES,2013
10.18653/v1/D18-1179,10.1007/978-3-319-10590-1_53,CITES,2013
10.18653/v1/D18-1179,10.3115/1119176.1119195,CITES,2003
10.18653/v1/D18-1179,10.3115/1117601.1117631,CITES,2000
10.18653/v1/D18-1179,10.21437/Interspeech.2014-80,CITES,2014
10.18653/v1/n19-1423,10.18653/v1/D18-1009,CITES,2018
10.18653/v1/D18-1009,10.18653/v1/P18-2119,CITES,2018
10.18653/v1/D18-1009,10.18653/v1/P18-2103,CITES,2018
10.18653/v1/D18-1009,10.18653/v1/S18-2023,CITES,2018
10.18653/v1/D18-1009,10.18653/v1/P18-1152,CITES,2018
10.18653/v1/D18-1009,10.18653/v1/W18-5446,CITES,2018
10.18653/v1/D18-1009,10.18653/v1/N18-2102,CITES,2018
10.18653/v1/D18-1009,10.1109/CVPR.2018.00426,CITES,2018
10.18653/v1/D18-1009,10.18653/v1/W18-2501,CITES,2018
10.18653/v1/D18-1009,10.18653/v1/N18-2017,CITES,2018
10.18653/v1/D18-1009,10.18653/v1/N18-1202,CITES,2018
10.18653/v1/D18-1009,10.1145/3278721.3278779,CITES,2018
10.18653/v1/D18-1009,10.1109/CVPR.2018.00611,CITES,2017
10.18653/v1/D18-1009,10.1109/ICCV.2017.362,CITES,2017
10.18653/v1/D18-1009,10.18653/v1/D17-1247,CITES,2017
10.18653/v1/D18-1009,10.1109/ICCV.2017.618,CITES,2017
10.18653/v1/D18-1009,10.18653/v1/D17-1323,CITES,2017
10.18653/v1/D18-1009,10.18653/v1/D17-1099,CITES,2017
10.18653/v1/D18-1009,10.18653/v1/P17-2097,CITES,2017
10.18653/v1/D18-1009,10.18653/v1/P17-1025,CITES,2017
10.18653/v1/D18-1009,10.18653/v1/W17-2810,CITES,2017
10.18653/v1/D18-1009,10.18653/v1/P17-1076,CITES,2017
10.18653/v1/D18-1009,10.18653/v1/D17-1070,CITES,2017
10.18653/v1/D18-1009,10.1109/ICCV.2017.83,CITES,2017
10.18653/v1/D18-1009,10.18653/v1/P17-1117,CITES,2017
10.18653/v1/D18-1009,10.18653/v1/N18-1101,CITES,2017
10.18653/v1/D18-1009,10.18653/v1/W17-1609,CITES,2017
10.18653/v1/D18-1009,10.18653/v1/K17-1004,CITES,2017
10.18653/v1/D18-1009,10.1609/aaai.v31i1.11164,CITES,2016
10.18653/v1/D18-1009,10.1007/s11263-018-1116-0,CITES,2016
10.18653/v1/D18-1009,10.1162/tacl_a_00068,CITES,2016
10.18653/v1/D18-1009,10.18653/v1/P17-1152,CITES,2016
10.18653/v1/D18-1009,10.18653/V1/E17-2025,CITES,2016
10.18653/v1/D18-1009,10.18653/v1/P16-1137,CITES,2016
10.18653/v1/D18-1009,10.18653/V1/E17-2068,CITES,2016
10.18653/v1/D18-1009,10.18653/v1/P16-1144,CITES,2016
10.18653/v1/D18-1009,10.18653/v1/D16-1244,CITES,2016
10.18653/v1/D18-1009,10.18653/v1/W16-0204,CITES,2016
10.18653/v1/D18-1009,10.1007/s11263-016-0987-1,CITES,2016
10.18653/v1/D18-1009,10.18653/v1/N16-1147,CITES,2016
10.18653/v1/D18-1009,10.18653/v1/D15-1075,CITES,2015
10.18653/v1/D18-1009,10.1109/ICCV.2015.11,CITES,2015
10.18653/v1/D18-1009,10.1109/CVPR.2015.7298698,CITES,2015
10.18653/v1/D18-1009,10.1007/s11263-016-0965-7,CITES,2015
10.18653/v1/D18-1009,10.3115/v1/D14-1162,CITES,2014
10.18653/v1/D18-1009,10.3115/1690219.1690231,CITES,2009
10.18653/v1/D18-1009,10.3115/980845.980860,CITES,1998
10.18653/v1/D18-1009,10.1162/neco.1997.9.8.1735,CITES,1997
10.18653/v1/D18-1009,10.1016/S0140-6736(95)92525-2,CITES,1995
10.18653/v1/D18-1009,10.1007/978-1-4757-3264-1,CITES,2000
10.18653/v1/D18-1009,10.2307/429816,CITES,1979
10.18653/v1/n19-1423,10.1609/aaai.v33i01.33013159,CITES,2018
10.1609/aaai.v33i01.33013159,10.18653/v1/P18-1027,CITES,2018
10.1609/aaai.v33i01.33013159,10.1609/aaai.v32i1.12050,CITES,2018
10.1609/aaai.v33i01.33013159,10.1109/CVPR.2018.00572,CITES,2018
10.1609/aaai.v33i01.33013159,10.3115/v1/D14-1179,CITES,2014
10.1609/aaai.v33i01.33013159,10.21437/Interspeech.2014-564,CITES,2013
10.1609/aaai.v33i01.33013159,10.1109/ICASSP.2011.5947611,CITES,2011
10.1609/aaai.v33i01.33013159,10.1162/neco.1997.9.8.1735,CITES,1997
10.1609/aaai.v33i01.33013159,10.1109/5.58337,CITES,1990
10.1609/aaai.v33i01.33013159,10.21437/Interspeech.2012-65,CITES,2012
10.1609/aaai.v33i01.33013159,10.21437/Interspeech.2010-343,CITES,2010
10.18653/v1/n19-1423,10.1162/tacl_a_00290,CITES,2018
10.1162/tacl_a_00290,10.18653/v1/N19-1334,CITES,2019
10.1162/tacl_a_00290,10.5334/GJGL.528,CITES,2018
10.1162/tacl_a_00290,10.18653/v1/W18-5423,CITES,2018
10.1162/tacl_a_00290,10.18653/v1/D18-1151,CITES,2018
10.1162/tacl_a_00290,10.18653/v1/P18-1198,CITES,2018
10.1162/tacl_a_00290,10.18653/v1/W18-5446,CITES,2018
10.1162/tacl_a_00290,10.18653/v1/N18-1202,CITES,2018
10.1162/tacl_a_00290,10.1111/cogs.12414,CITES,2017
10.1162/tacl_a_00290,10.18653/v1/D17-1070,CITES,2017
10.1162/tacl_a_00290,10.1017/S0140525X17000346,CITES,2016
10.1162/tacl_a_00290,10.1162/tacl_a_00115,CITES,2016
10.1162/tacl_a_00290,10.18653/v1/D16-1159,CITES,2016
10.1162/tacl_a_00290,10.1353/LAN.2016.0052,CITES,2016
10.1162/tacl_a_00290,10.18653/v1/W16-2524,CITES,2016
10.1162/tacl_a_00290,10.3115/v1/D14-1162,CITES,2014
10.1162/tacl_a_00290,10.3115/v1/D14-1179,CITES,2014
10.1162/tacl_a_00290,10.3115/v1/P14-2029,CITES,2014
10.1162/tacl_a_00290,10.1016/J.LINGUA.2013.07.002,CITES,2013
10.1162/tacl_a_00290,10.1558/CJ.V26I3.474-490,CITES,2013
10.1162/tacl_a_00290,10.1017/S0022226712000011,CITES,2012
10.1162/tacl_a_00290,10.1111/j.1551-6709.2011.01189.x,CITES,2011
10.1162/tacl_a_00290,10.1002/9781444390568,CITES,2011
10.1162/tacl_a_00290,10.1016/j.tics.2010.03.005,CITES,2010
10.1162/tacl_a_00290,10.1017/S0022226707004975,CITES,2008
10.1162/tacl_a_00290,10.1111/J.1467-9612.2005.00076.X,CITES,2005
10.1162/tacl_a_00290,10.1353/LAN.2004.0129,CITES,2004
10.1162/tacl_a_00290,10.1515/tlir.19.1-2.9,CITES,2002
10.1162/tacl_a_00290,10.1515/9780748633623,CITES,2001
10.1162/tacl_a_00290,10.1162/002438999554200,CITES,1999
10.1162/tacl_a_00290,10.1162/coli.2000.26.2.295a,CITES,1999
10.1162/tacl_a_00290,10.26530/OAPEN_603356,CITES,1998
10.1162/tacl_a_00290,10.1017/S0022226797006889,CITES,1998
10.1162/tacl_a_00290,10.1162/neco.1997.9.8.1735,CITES,1997
10.1162/tacl_a_00290,10.1017/S002222679700652X,CITES,1997
10.1162/tacl_a_00290,10.1177/002383099704000105,CITES,1997
10.1162/tacl_a_00290,10.1007/BF01248819,CITES,1995
10.1162/tacl_a_00290,10.2307/415968,CITES,1993
10.1162/tacl_a_00290,10.1037/0012-1649.28.6.1096,CITES,1992
10.1162/tacl_a_00290,10.1007/BF00133839,CITES,1985
10.1162/tacl_a_00290,10.1016/0005-2795(75)90109-9,CITES,1975
10.1162/tacl_a_00290,10.3115/1225403.1225421,CITES,2006
10.1162/tacl_a_00290,10.1017/CBO9780511841675.009,CITES,2004
10.1162/tacl_a_00290,10.1111/B.9781405102537.2003.X,CITES,2003
10.1162/tacl_a_00290,10.1016/S0364-0213(01)00034-9,CITES,2001
10.1162/tacl_a_00290,10.1002/9780470756416,CITES,2001
10.1162/tacl_a_00290,10.1109/69.842255,CITES,2000
10.1162/tacl_a_00290,10.1023/A:1005494000753,CITES,1998
10.1162/tacl_a_00290,10.1007/978-94-009-3401-6_8,CITES,1981
10.18653/v1/n19-1423,10.18653/v1/W18-5446,CITES,2018
10.18653/v1/W18-5446,10.7275/9HFP-2974,CITES,2018
10.18653/v1/W18-5446,10.1162/tacl_a_00290,CITES,2018
10.18653/v1/W18-5446,10.18653/v1/S18-2023,CITES,2018
10.18653/v1/W18-5446,10.18653/v1/W18-2501,CITES,2018
10.18653/v1/W18-5446,10.18653/v1/N18-2017,CITES,2018
10.18653/v1/W18-5446,10.18653/v1/N18-1202,CITES,2018
10.18653/v1/W18-5446,10.18653/v1/W17-5401,CITES,2017
10.18653/v1/W18-5446,10.18653/v1/W17-5307,CITES,2017
10.18653/v1/W18-5446,10.18653/v1/S17-2001,CITES,2017
10.18653/v1/W18-5446,10.1609/aaai.v33i01.33014822,CITES,2017
10.18653/v1/W18-5446,10.18653/v1/D17-2014,CITES,2017
10.18653/v1/W18-5446,10.18653/v1/D17-1070,CITES,2017
10.18653/v1/W18-5446,10.18653/v1/N18-1101,CITES,2017
10.18653/v1/W18-5446,10.18653/v1/W17-1609,CITES,2017
10.18653/v1/W18-5446,10.18653/v1/K17-1004,CITES,2017
10.18653/v1/W18-5446,10.18653/v1/D17-1206,CITES,2016
10.18653/v1/W18-5446,10.18653/v1/P16-2038,CITES,2016
10.18653/v1/W18-5446,10.18653/V1/E17-2068,CITES,2016
10.18653/v1/W18-5446,10.18653/v1/D16-1264,CITES,2016
10.18653/v1/W18-5446,10.18653/v1/N16-1162,CITES,2016
10.18653/v1/W18-5446,10.18653/v1/D15-1075,CITES,2015
10.18653/v1/W18-5446,10.1109/ICCV.2015.11,CITES,2015
10.18653/v1/W18-5446,10.3115/v1/D14-1162,CITES,2014
10.18653/v1/W18-5446,10.21437/Interspeech.2014-564,CITES,2013
10.18653/v1/W18-5446,10.18653/v1/d13-1170,CITES,2013
10.18653/v1/W18-5446,10.5555/1953048.2078186,CITES,2011
10.18653/v1/W18-5446,10.3115/1219840.1219855,CITES,2005
10.18653/v1/W18-5446,10.1016/j.compbiolchem.2004.09.006,CITES,2004
10.18653/v1/W18-5446,10.1145/1014052.1014073,CITES,2004
10.18653/v1/W18-5446,10.3115/1218955.1218990,CITES,2004
10.18653/v1/W18-5446,10.26530/OAPEN_603356,CITES,1998
10.18653/v1/W18-5446,10.1016/0005-2795(75)90109-9,CITES,1975
10.18653/v1/W18-5446,10.3115/1654536.1654538,CITES,2007
10.18653/v1/W18-5446,10.1007/11736790,CITES,2006
10.18653/v1/W18-5446,10.1007/s10579-005-7880-9,CITES,2005
10.18653/v1/n19-1423,10.18653/v1/N18-1202,CITES,2018
10.18653/v1/N18-1202,10.18653/v1/P18-1157,CITES,2017
10.18653/v1/N18-1202,10.18653/v1/P18-1078,CITES,2017
10.18653/v1/N18-1202,10.18653/v1/D17-1120,CITES,2017
10.18653/v1/N18-1202,10.18653/v1/D17-1018,CITES,2017
10.18653/v1/N18-1202,10.18653/v1/P17-1044,CITES,2017
10.18653/v1/N18-1202,10.18653/v1/P17-1018,CITES,2017
10.18653/v1/N18-1202,10.18653/v1/P17-1080,CITES,2017
10.18653/v1/N18-1202,10.18653/v1/P17-1161,CITES,2017
10.18653/v1/N18-1202,10.18653/V1/E17-1010,CITES,2017
10.18653/v1/N18-1202,10.18653/v1/D17-1206,CITES,2016
10.18653/v1/N18-1202,10.18653/v1/D16-1245,CITES,2016
10.18653/v1/N18-1202,10.18653/v1/P17-1152,CITES,2016
10.18653/v1/N18-1202,10.18653/v1/K16-1006,CITES,2016
10.18653/v1/N18-1202,10.18653/v1/P16-2038,CITES,2016
10.18653/v1/N18-1202,10.18653/v1/P16-1085,CITES,2016
10.18653/v1/N18-1202,10.18653/V1/E17-1002,CITES,2016
10.18653/v1/N18-1202,10.1162/tacl_a_00051,CITES,2016
10.18653/v1/N18-1202,10.18653/v1/D16-1157,CITES,2016
10.18653/v1/N18-1202,10.18653/v1/D16-1264,CITES,2016
10.18653/v1/N18-1202,10.18653/v1/N16-1114,CITES,2016
10.18653/v1/N18-1202,10.18653/v1/P16-1101,CITES,2016
10.18653/v1/N18-1202,10.18653/v1/N16-1030,CITES,2016
10.18653/v1/N18-1202,10.1162/tacl_a_00104,CITES,2015
10.18653/v1/N18-1202,10.1609/aaai.v30i1.10362,CITES,2015
10.18653/v1/N18-1202,10.18653/v1/D15-1075,CITES,2015
10.18653/v1/N18-1202,10.18653/v1/D15-1176,CITES,2015
10.18653/v1/N18-1202,10.3115/v1/P15-1109,CITES,2015
10.18653/v1/N18-1202,10.3115/v1/D14-1162,CITES,2014
10.18653/v1/N18-1202,10.3115/v1/D14-1113,CITES,2014
10.18653/v1/N18-1202,10.3115/v1/W14-4012,CITES,2014
10.18653/v1/N18-1202,10.21437/Interspeech.2014-564,CITES,2013
10.18653/v1/N18-1202,10.18653/v1/d13-1203,CITES,2013
10.18653/v1/N18-1202,10.18653/v1/d13-1170,CITES,2013
10.18653/v1/N18-1202,10.5555/1953048.2078186,CITES,2011
10.18653/v1/N18-1202,10.1162/0891201053630264,CITES,2005
10.18653/v1/N18-1202,10.3115/1119176.1119195,CITES,2003
10.18653/v1/N18-1202,10.1162/neco.1997.9.8.1735,CITES,1997
10.18653/v1/N18-1202,10.3115/1075812.1075866,CITES,1994
10.18653/v1/N18-1202,10.5555/2627435.2670313,CITES,2014
10.18653/v1/n19-1423,10.18653/v1/P18-1031,CITES,2018
10.18653/v1/P18-1031,10.1007/978-3-030-01216-8_12,CITES,2018
10.18653/v1/P18-1031,10.18653/v1/N18-1108,CITES,2018
10.18653/v1/P18-1031,10.18653/v1/N18-1202,CITES,2018
10.18653/v1/P18-1031,10.1609/aaai.v32i1.12006,CITES,2017
10.18653/v1/P18-1031,10.18653/v1/D17-1169,CITES,2017
10.18653/v1/P18-1031,10.18653/v1/P17-1052,CITES,2017
10.18653/v1/P18-1031,10.18653/v1/D17-1070,CITES,2017
10.18653/v1/P18-1031,10.18653/v1/P17-1190,CITES,2017
10.18653/v1/P18-1031,10.18653/v1/P17-1194,CITES,2017
10.18653/v1/P18-1031,10.18653/v1/P17-1161,CITES,2017
10.18653/v1/P18-1031,10.18653/v1/P17-2081,CITES,2017
10.18653/v1/P18-1031,10.1162/tacl_a_00115,CITES,2016
10.18653/v1/P18-1031,10.14489/vkit.2019.12.pp.010-017,CITES,2016
10.18653/v1/P18-1031,10.1109/CVPR.2017.243,CITES,2016
10.18653/v1/P18-1031,10.18653/v1/D16-1046,CITES,2016
10.18653/v1/P18-1031,10.1109/cvpr.2016.90,CITES,2015
10.18653/v1/P18-1031,10.18653/v1/P16-1009,CITES,2015
10.18653/v1/P18-1031,10.1109/WACV.2017.58,CITES,2015
10.18653/v1/P18-1031,10.18653/v1/S15-2079,CITES,2015
10.18653/v1/P18-1031,10.18653/v1/D15-1279,CITES,2015
10.18653/v1/P18-1031,10.1109/CVPR.2015.7298642,CITES,2014
10.18653/v1/P18-1031,10.1109/CVPR.2015.7298965,CITES,2014
10.18653/v1/P18-1031,10.1109/CVPRW.2014.131,CITES,2014
10.18653/v1/P18-1031,10.1109/TDSC.2012.75,CITES,2012
10.18653/v1/P18-1031,10.1016/j.dss.2010.08.006,CITES,2011
10.18653/v1/P18-1031,10.1109/TKDE.2009.191,CITES,2010
10.18653/v1/P18-1031,10.5555/1756006.1756025,CITES,2010
10.18653/v1/P18-1031,10.1145/1242572.1242759,CITES,2007
10.18653/v1/P18-1031,10.7551/mitpress/7503.003.0024,CITES,2006
10.18653/v1/P18-1031,10.1007/0-387-34239-7,CITES,2006
10.18653/v1/P18-1031,10.1613/jair.731,CITES,2000
10.18653/v1/P18-1031,10.1016/b978-1-55860-307-3.50012-5,CITES,1993
10.18653/v1/P18-1031,10.1002/asi.21233,CITES,2010
10.18653/v1/n19-1423,10.18653/v1/P18-1078,CITES,2017
10.18653/v1/P18-1078,10.18653/v1/D17-1215,CITES,2017
10.18653/v1/P18-1078,10.18653/v1/P17-1018,CITES,2017
10.18653/v1/P18-1078,10.18653/v1/P17-1147,CITES,2017
10.18653/v1/P18-1078,10.18653/v1/P17-1171,CITES,2017
10.18653/v1/P18-1078,10.18653/v1/K17-1028,CITES,2017
10.18653/v1/P18-1078,10.18653/v1/P17-2081,CITES,2017
10.18653/v1/P18-1078,10.18653/v1/P16-1145,CITES,2016
10.18653/v1/P18-1078,10.18653/v1/D16-1264,CITES,2016
10.18653/v1/P18-1078,10.18653/v1/p16-1086,CITES,2016
10.18653/v1/P18-1078,10.18653/v1/D16-1053,CITES,2016
10.18653/v1/P18-1078,10.3115/v1/D14-1162,CITES,2014
10.18653/v1/P18-1078,10.3115/v1/D14-1179,CITES,2014
10.18653/v1/P18-1078,10.18653/v1/d13-1160,CITES,2013
10.18653/v1/P18-1078,10.1145/1871437.1871689,CITES,2010
10.18653/v1/n19-1423,10.18653/v1/S17-2001,CITES,2017
10.18653/v1/S17-2001,10.18653/v1/W17-4759,CITES,2017
10.18653/v1/S17-2001,10.18653/v1/S17-2013,CITES,2017
10.18653/v1/S17-2001,10.18653/v1/S17-2017,CITES,2017
10.18653/v1/S17-2001,10.18653/v1/S17-2014,CITES,2017
10.18653/v1/S17-2001,10.18653/v1/S17-2024,CITES,2017
10.18653/v1/S17-2001,10.18653/v1/S17-2030,CITES,2017
10.18653/v1/S17-2001,10.18653/v1/S17-2031,CITES,2017
10.18653/v1/S17-2001,10.18653/v1/S17-2029,CITES,2017
10.18653/v1/S17-2001,10.18653/v1/S17-2028,CITES,2017
10.18653/v1/S17-2001,10.18653/v1/S17-2019,CITES,2017
10.18653/v1/S17-2001,10.18653/v1/S17-2015,CITES,2017
10.18653/v1/S17-2001,10.18653/v1/S17-2027,CITES,2017
10.18653/v1/S17-2001,10.18653/v1/S17-2007,CITES,2017
10.18653/v1/S17-2001,10.18653/v1/S17-2021,CITES,2017
10.18653/v1/S17-2001,10.18653/v1/S17-2018,CITES,2017
10.18653/v1/S17-2001,10.18653/v1/S17-2032,CITES,2017
10.18653/v1/S17-2001,10.18653/v1/S17-2022,CITES,2017
10.18653/v1/S17-2001,10.18653/v1/S17-2026,CITES,2017
10.18653/v1/S17-2001,10.18653/v1/S17-2025,CITES,2017
10.18653/v1/S17-2001,10.18653/v1/S17-2020,CITES,2017
10.18653/v1/S17-2001,10.18653/v1/D17-1070,CITES,2017
10.18653/v1/S17-2001,10.18653/v1/P17-1190,CITES,2017
10.18653/v1/S17-2001,10.18653/v1/P17-2099,CITES,2017
10.18653/v1/S17-2001,10.18653/v1/S17-2012,CITES,2017
10.18653/v1/S17-2001,10.18653/v1/N18-1049,CITES,2017
10.18653/v1/S17-2001,10.18653/v1/S17-2023,CITES,2017
10.18653/v1/S17-2001,10.18653/v1/W16-1609,CITES,2016
10.18653/v1/S17-2001,10.18653/V1/E17-2068,CITES,2016
10.18653/v1/S17-2001,10.18653/v1/D16-1157,CITES,2016
10.18653/v1/S17-2001,10.18653/v1/P16-2068,CITES,2016
10.18653/v1/S17-2001,10.18653/v1/S16-1089,CITES,2016
10.18653/v1/S17-2001,10.18653/v1/S16-1170,CITES,2016
10.18653/v1/S17-2001,10.18653/v1/P16-1089,CITES,2016
10.18653/v1/S17-2001,10.18653/v1/N16-1108,CITES,2016
10.18653/v1/S17-2001,10.18653/v1/S16-1091,CITES,2016
10.18653/v1/S17-2001,10.18653/v1/N16-1162,CITES,2016
10.18653/v1/S17-2001,10.1007/s10579-015-9332-5,CITES,2016
10.18653/v1/S17-2001,10.1515/pralin-2015-0009,CITES,2015
10.18653/v1/S17-2001,10.18653/v1/D15-1181,CITES,2015
10.18653/v1/S17-2001,10.18653/v1/D15-1075,CITES,2015
10.18653/v1/S17-2001,10.3115/v1/P15-1094,CITES,2015
10.18653/v1/S17-2001,10.3115/v1/P15-1162,CITES,2015
10.18653/v1/S17-2001,10.1162/tacl_a_00143,CITES,2015
10.18653/v1/S17-2001,10.18653/v1/S15-2045,CITES,2015
10.18653/v1/S17-2001,10.18653/v1/S15-2001,CITES,2015
10.18653/v1/S17-2001,10.18653/v1/S15-2027,CITES,2015
10.18653/v1/S17-2001,10.1371/journal.pone.0121945,CITES,2015
10.18653/v1/S17-2001,10.1145/2661829.2661935,CITES,2014
10.18653/v1/S17-2001,10.3115/v1/D14-1162,CITES,2014
10.18653/v1/S17-2001,10.3115/v1/S14-2010,CITES,2014
10.18653/v1/S17-2001,10.3115/v1/P14-5010,CITES,2014
10.18653/v1/S17-2001,10.3115/v1/W14-3302,CITES,2014
10.18653/v1/S17-2001,10.1162/tacl_a_00166,CITES,2014
10.18653/v1/S17-2001,10.1145/2505515.2505665,CITES,2013
10.18653/v1/S17-2001,10.1017/S1351324909990209,CITES,2009
10.18653/v1/S17-2001,10.1007/11871842_32,CITES,2006
10.18653/v1/S17-2001,10.3115/1614049.1614064,CITES,2006
10.18653/v1/S17-2001,10.3115/1220355.1220406,CITES,2004
10.18653/v1/S17-2001,10.2307/417141,CITES,2000
10.18653/v1/S17-2001,10.3115/980845.980860,CITES,1998
10.18653/v1/S17-2001,10.1162/neco.1997.9.8.1735,CITES,1997
10.18653/v1/S17-2001,10.1145/219717.219748,CITES,1995
10.18653/v1/S17-2001,10.18653/v1/S17-2016,CITES,2017
10.18653/v1/S17-2001,10.18653/v1/S16-1081,CITES,2016
10.18653/v1/S17-2001,10.3233/SW-140147,CITES,2015
10.18653/v1/n19-1423,10.24963/ijcai.2018/570,CITES,2017
10.18653/v1/n19-1423,10.18653/v1/D17-1070,CITES,2017
10.18653/v1/D17-1070,10.18653/v1/N18-1038,CITES,2017
10.18653/v1/D17-1070,10.18653/v1/N18-1101,CITES,2017
10.18653/v1/D17-1070,10.1162/tacl_a_00051,CITES,2016
10.18653/v1/D17-1070,10.18653/v1/D16-1157,CITES,2016
10.18653/v1/D17-1070,10.18653/v1/D16-1046,CITES,2016
10.18653/v1/D17-1070,10.18653/v1/N16-1162,CITES,2016
10.18653/v1/D17-1070,10.1109/cvpr.2016.90,CITES,2015
10.18653/v1/D17-1070,10.1109/CVPR.2016.429,CITES,2015
10.18653/v1/D17-1070,10.18653/v1/D15-1075,CITES,2015
10.18653/v1/D17-1070,10.1109/ICCV.2015.11,CITES,2015
10.18653/v1/D17-1070,10.1007/s11263-016-0966-6,CITES,2015
10.18653/v1/D17-1070,10.1109/ICCV.2015.301,CITES,2015
10.18653/v1/D17-1070,10.3115/v1/P15-1150,CITES,2015
10.18653/v1/D17-1070,10.1109/CVPR.2015.7298932,CITES,2014
10.18653/v1/D17-1070,10.3115/v1/D14-1162,CITES,2014
10.18653/v1/D17-1070,10.3115/v1/W14-4012,CITES,2014
10.18653/v1/D17-1070,10.3115/v1/S14-2010,CITES,2014
10.18653/v1/D17-1070,10.3115/v1/S14-2055,CITES,2014
10.18653/v1/D17-1070,10.1109/CVPR.2014.220,CITES,2014
10.18653/v1/D17-1070,10.1007/978-3-319-10602-1_48,CITES,2014
10.18653/v1/D17-1070,10.1109/CVPRW.2014.131,CITES,2014
10.18653/v1/D17-1070,10.18653/v1/d13-1090,CITES,2013
10.18653/v1/D17-1070,10.1613/jair.3994,CITES,2013
10.18653/v1/D17-1070,10.5555/1953048.2078186,CITES,2011
10.18653/v1/D17-1070,10.1109/CVPR.2009.5206848,CITES,2009
10.18653/v1/D17-1070,10.1145/1390156.1390177,CITES,2008
10.18653/v1/D17-1070,10.1162/neco.1997.9.8.1735,CITES,1997
10.18653/v1/n19-1423,10.18653/v1/P17-1147,CITES,2017
10.18653/v1/P17-1147,10.18653/v1/D17-1082,CITES,2017
10.18653/v1/P17-1147,10.18653/v1/W17-2623,CITES,2016
10.18653/v1/P17-1147,10.18653/v1/D16-1241,CITES,2016
10.18653/v1/P17-1147,10.18653/v1/P16-1144,CITES,2016
10.18653/v1/P17-1147,10.18653/v1/D16-1264,CITES,2016
10.18653/v1/P17-1147,10.18653/v1/N16-1174,CITES,2016
10.18653/v1/P17-1147,10.18653/v1/P16-1223,CITES,2016
10.18653/v1/P17-1147,10.18653/v1/D15-1237,CITES,2015
10.18653/v1/P17-1147,10.3115/v1/P15-1142,CITES,2015
10.18653/v1/P17-1147,10.3115/v1/P15-2115,CITES,2015
10.18653/v1/P17-1147,10.3115/v1/D14-1070,CITES,2014
10.18653/v1/P17-1147,10.3115/v1/D14-1117,CITES,2014
10.18653/v1/P17-1147,10.1145/2623330.2623677,CITES,2014
10.18653/v1/P17-1147,10.18653/v1/d13-1020,CITES,2013
10.18653/v1/P17-1147,10.18653/v1/d13-1160,CITES,2013
10.18653/v1/P17-1147,10.1145/2488388.2488484,CITES,2012
10.18653/v1/P17-1147,10.1007/978-3-642-15939-8_10,CITES,2010
10.18653/v1/P17-1147,10.1609/AIMAG.V31I3.2303,CITES,2010
10.18653/v1/P17-1147,10.1145/1871437.1871689,CITES,2010
10.18653/v1/P17-1147,10.1007/s10791-009-9112-1,CITES,2010
10.18653/v1/P17-1147,10.1145/345508.345577,CITES,2000
10.18653/v1/n19-1423,10.18653/v1/N18-1101,CITES,2017
10.18653/v1/N18-1101,10.5040/9781838711054.ch-012,CITES,2020
10.18653/v1/N18-1101,10.18653/v1/W17-5301,CITES,2017
10.18653/v1/N18-1101,10.18653/v1/D17-1070,CITES,2017
10.18653/v1/N18-1101,10.1097/01.jam.0000053423.17052.69,CITES,2017
10.18653/v1/N18-1101,10.18653/v1/P17-1152,CITES,2016
10.18653/v1/N18-1101,10.18653/v1/W17-2612,CITES,2016
10.18653/v1/N18-1101,10.18653/V1/E17-1038,CITES,2016
10.18653/v1/N18-1101,10.18653/v1/D16-1244,CITES,2016
10.18653/v1/N18-1101,10.18653/v1/D16-1046,CITES,2016
10.18653/v1/N18-1101,10.18653/v1/P16-1139,CITES,2016
10.18653/v1/N18-1101,10.1007/s10579-015-9332-5,CITES,2016
10.18653/v1/N18-1101,10.18653/v1/N16-1170,CITES,2015
10.18653/v1/N18-1101,10.18653/v1/P16-2022,CITES,2015
10.18653/v1/N18-1101,10.18653/v1/D15-1075,CITES,2015
10.18653/v1/N18-1101,10.3115/v1/D14-1162,CITES,2014
10.18653/v1/N18-1101,10.3115/v1/S14-2001,CITES,2014
10.18653/v1/N18-1101,10.1162/tacl_a_00166,CITES,2014
10.18653/v1/N18-1101,10.1007/978-3-319-10590-1_53,CITES,2013
10.18653/v1/N18-1101,10.1145/3065386,CITES,2012
10.18653/v1/N18-1101,10.3115/1693756.1693772,CITES,2009
10.18653/v1/N18-1101,10.7551/mitpress/7503.003.0022,CITES,2006
10.18653/v1/N18-1101,10.3115/1610075.1610094,CITES,2006
10.18653/v1/N18-1101,10.2349/biij.2.3.e29,CITES,2006
10.18653/v1/N18-1101,10.1613/jair.1872,CITES,2006
10.18653/v1/N18-1101,10.3115/1220575.1220654,CITES,2005
10.18653/v1/N18-1101,10.3115/1075096.1075150,CITES,2003
10.18653/v1/N18-1101,10.3115/1119239.1119245,CITES,2003
10.18653/v1/N18-1101,10.1162/neco.1997.9.8.1735,CITES,1997
10.18653/v1/N18-1101,10.21236/ad0769673,CITES,1973
10.18653/v1/N18-1101,10.1017/CBO9781139236157,CITES,2016
10.18653/v1/N18-1101,10.5555/2627435.2670313,CITES,2014
10.18653/v1/N18-1101,10.4135/9781529714388.n635,CITES,1970
10.18653/v1/n19-1423,10.18653/v1/P17-1161,CITES,2017
10.18653/v1/P17-1161,10.18653/v1/S17-2097,CITES,2017
10.18653/v1/P17-1161,10.18653/v1/D17-1206,CITES,2016
10.18653/v1/P17-1161,10.1162/tacl_a_00115,CITES,2016
10.18653/v1/P17-1161,10.18653/v1/P16-2038,CITES,2016
10.18653/v1/P17-1161,10.18653/v1/K16-1006,CITES,2016
10.18653/v1/P17-1161,10.18653/v1/P16-1101,CITES,2016
10.18653/v1/P17-1161,10.18653/v1/N16-1030,CITES,2016
10.18653/v1/P17-1161,10.18653/v1/N16-1162,CITES,2016
10.18653/v1/P17-1161,10.1162/tacl_a_00104,CITES,2015
10.18653/v1/P17-1161,10.18653/v1/D15-1104,CITES,2015
10.18653/v1/P17-1161,10.3115/v1/D14-1162,CITES,2014
10.18653/v1/P17-1161,10.3115/v1/W14-4012,CITES,2014
10.18653/v1/P17-1161,10.3115/v1/P14-1129,CITES,2014
10.18653/v1/P17-1161,10.1007/978-3-642-45358-8_6,CITES,2014
10.18653/v1/P17-1161,10.21437/Interspeech.2014-564,CITES,2013
10.18653/v1/P17-1161,10.18653/v1/d13-1176,CITES,2013
10.18653/v1/P17-1161,10.2200/s00497ed1v01y201304hlt021,CITES,2013
10.18653/v1/P17-1161,10.1007/978-3-642-34166-3_67,CITES,2012
10.18653/v1/P17-1161,10.5555/1953048.2078186,CITES,2011
10.18653/v1/P17-1161,10.3115/1596374.1596399,CITES,2009
10.18653/v1/P17-1161,10.3115/1219840.1219841,CITES,2005
10.18653/v1/P17-1161,10.3115/1225753.1225768,CITES,2005
10.18653/v1/P17-1161,10.3115/1119176.1119195,CITES,2003
10.18653/v1/P17-1161,10.3115/1118693.1118694,CITES,2002
10.18653/v1/P17-1161,10.3115/1117601.1117631,CITES,2000
10.18653/v1/P17-1161,10.1023/A:1007692713085,CITES,2000
10.18653/v1/P17-1161,10.1162/neco.1997.9.8.1735,CITES,1997
10.18653/v1/P17-1161,10.21437/Interspeech.2014-80,CITES,2014
10.18653/v1/P17-1161,10.21437/Interspeech.2010-343,CITES,2010
10.18653/v1/n19-1423,10.18653/v1/K16-1006,CITES,2016
10.18653/v1/K16-1006,10.18653/v1/N16-1030,CITES,2016
10.18653/v1/K16-1006,10.18653/v1/N16-1118,CITES,2016
10.18653/v1/K16-1006,10.18653/v1/D15-1161,CITES,2015
10.18653/v1/K16-1006,10.3115/v1/P15-2084,CITES,2015
10.18653/v1/K16-1006,10.3115/v1/P15-1145,CITES,2015
10.18653/v1/K16-1006,10.3115/v1/P15-1109,CITES,2015
10.18653/v1/K16-1006,10.3115/v1/P15-1173,CITES,2015
10.18653/v1/K16-1006,10.3115/v1/W15-1501,CITES,2015
10.18653/v1/K16-1006,10.3115/v1/W15-1504,CITES,2015
10.18653/v1/K16-1006,10.3115/v1/D14-1162,CITES,2014
10.18653/v1/K16-1006,10.3115/v1/D14-1110,CITES,2014
10.18653/v1/K16-1006,10.3115/v1/P14-2131,CITES,2014
10.18653/v1/K16-1006,10.3115/v1/P14-2050,CITES,2014
10.18653/v1/K16-1006,10.18653/v1/d13-1198,CITES,2013
10.18653/v1/K16-1006,10.1109/LSP.2012.2215587,CITES,2012
10.18653/v1/K16-1006,10.5555/1953048.2078186,CITES,2011
10.18653/v1/K16-1006,10.3115/1621474.1621483,CITES,2007
10.18653/v1/K16-1006,10.3115/1596276.1596291,CITES,2006
10.18653/v1/K16-1006,10.3115/v1/N15-1050,CITES,2015
10.18653/v1/K16-1006,10.3115/v1/N15-1142,CITES,2015
10.18653/v1/K16-1006,10.3115/v1/E14-1057,CITES,2014
10.18653/v1/n19-1423,10.18653/v1/D16-1264,CITES,2016
10.18653/v1/D16-1264,10.18653/v1/P16-1223,CITES,2016
10.18653/v1/D16-1264,10.1609/aimag.v37i1.2636,CITES,2016
10.18653/v1/D16-1264,10.1145/2815585.2815739,CITES,2015
10.18653/v1/D16-1264,10.18653/v1/D15-1237,CITES,2015
10.18653/v1/D16-1264,10.3115/v1/P15-2115,CITES,2015
10.18653/v1/D16-1264,10.3115/v1/P15-1024,CITES,2015
10.18653/v1/D16-1264,10.1145/2736277.2741628,CITES,2015
10.18653/v1/D16-1264,10.3115/v1/D14-1058,CITES,2014
10.18653/v1/D16-1264,10.3115/v1/D14-1159,CITES,2014
10.18653/v1/D16-1264,10.3115/v1/P14-1026,CITES,2014
10.18653/v1/D16-1264,10.18653/v1/d13-1020,CITES,2013
10.18653/v1/D16-1264,10.1609/AIMAG.V31I3.2303,CITES,2010
10.18653/v1/D16-1264,10.1109/CVPR.2009.5206848,CITES,2009
10.18653/v1/D16-1264,10.3115/1220175.1220287,CITES,2006
10.18653/v1/D16-1264,10.3115/1118693.1118726,CITES,2002
10.18653/v1/D16-1264,10.3115/1073083.1073092,CITES,2002
10.18653/v1/D16-1264,10.3115/1117794.1117810,CITES,2000
10.18653/v1/D16-1264,10.1145/345508.345577,CITES,2000
10.18653/v1/D16-1264,10.3115/1117595.1117598,CITES,2000
10.18653/v1/D16-1264,10.3115/1034678.1034731,CITES,1999
10.18653/v1/D16-1264,10.3115/v1/P15-1121,CITES,2015
10.18653/v1/n19-1423,10.18653/v1/D16-1244,CITES,2016
10.18653/v1/D16-1244,10.18653/v1/P16-1139,CITES,2016
10.18653/v1/D16-1244,10.18653/v1/D16-1053,CITES,2016
10.18653/v1/D16-1244,10.18653/v1/N16-1170,CITES,2015
10.18653/v1/D16-1244,10.18653/v1/P16-2022,CITES,2015
10.18653/v1/D16-1244,10.1162/tacl_a_00097,CITES,2015
10.18653/v1/D16-1244,10.18653/v1/D15-1075,CITES,2015
10.18653/v1/D16-1244,10.3115/v1/D14-1162,CITES,2014
10.18653/v1/D16-1244,10.1007/978-3-642-45358-8_6,CITES,2014
10.18653/v1/D16-1244,10.5555/1953048.2021068,CITES,2011
10.18653/v1/D16-1244,10.3115/1687878.1687944,CITES,2009
10.18653/v1/D16-1244,10.3115/1693756.1693772,CITES,2009
10.18653/v1/D16-1244,10.3115/1613715.1613817,CITES,2008
10.18653/v1/D16-1244,10.3115/1654536.1654571,CITES,2007
10.18653/v1/D16-1244,10.3115/1220835.1220841,CITES,2006
10.18653/v1/D16-1244,10.3115/1220575.1220654,CITES,2005
10.18653/v1/D16-1244,10.3115/1220575.1220624,CITES,2005
10.18653/v1/D16-1244,10.3115/1631862.1631863,CITES,2005
10.18653/v1/D16-1244,10.1162/neco.1997.9.8.1735,CITES,1997
10.18653/v1/D16-1244,10.5555/2627435.2670313,CITES,2014
10.18653/v1/n19-1423,10.18653/v1/N16-1162,CITES,2016
10.18653/v1/N16-1162,10.1145/2792838.2800192,CITES,2015
10.18653/v1/N16-1162,10.18653/v1/W15-2701,CITES,2015
10.18653/v1/N16-1162,10.1609/aaai.v30i1.9883,CITES,2015
10.18653/v1/N16-1162,10.3115/v1/P15-1094,CITES,2015
10.18653/v1/N16-1162,10.3115/v1/P15-1162,CITES,2015
10.18653/v1/N16-1162,10.1162/tacl_a_00134,CITES,2015
10.18653/v1/N16-1162,10.1162/tacl_a_00080,CITES,2015
10.18653/v1/N16-1162,10.1109/CVPR.2015.7298594,CITES,2014
10.18653/v1/N16-1162,10.1007/s11263-015-0816-y,CITES,2014
10.18653/v1/N16-1162,10.3115/v1/D14-1079,CITES,2014
10.18653/v1/N16-1162,10.1162/COLI_a_00237,CITES,2014
10.18653/v1/N16-1162,10.3115/v1/S14-2010,CITES,2014
10.18653/v1/N16-1162,10.3115/v1/D14-1179,CITES,2014
10.18653/v1/N16-1162,10.3115/v1/P14-1023,CITES,2014
10.18653/v1/N16-1162,10.3115/v1/P14-1062,CITES,2014
10.18653/v1/N16-1162,10.18653/v1/d13-1090,CITES,2013
10.18653/v1/N16-1162,10.5555/1953048.2078186,CITES,2011
10.18653/v1/N16-1162,10.1111/j.1551-6709.2010.01106.x,CITES,2010
10.18653/v1/N16-1162,10.5555/1756006.1953039,CITES,2010
10.18653/v1/N16-1162,10.1145/1390156.1390294,CITES,2008
10.18653/v1/N16-1162,10.3115/1219840.1219855,CITES,2005
10.18653/v1/N16-1162,10.3115/1220355.1220406,CITES,2004
10.18653/v1/N16-1162,10.1145/1014052.1014073,CITES,2004
10.18653/v1/N16-1162,10.3115/1218955.1218990,CITES,2004
10.18653/v1/N16-1162,10.1002/0471142727.mba05s64,CITES,2003
10.18653/v1/N16-1162,10.1613/JAIR.4135,CITES,2014
10.18653/v1/N16-1162,10.1007/s10579-005-7880-9,CITES,2005
10.18653/v1/N16-1162,10.1007/978-94-017-6059-1_36,CITES,1954
10.18653/v1/n19-1423,10.18653/v1/D15-1075,CITES,2015
10.18653/v1/D15-1075,10.3115/v1/P15-2070,CITES,2015
10.18653/v1/D15-1075,10.3115/v1/D14-1162,CITES,2014
10.18653/v1/D15-1075,10.3115/v1/S14-2001,CITES,2014
10.18653/v1/D15-1075,10.3115/v1/S14-2055,CITES,2014
10.18653/v1/D15-1075,10.1016/j.artint.2014.03.007,CITES,2014
10.18653/v1/D15-1075,10.18653/v1/W15-4002,CITES,2014
10.18653/v1/D15-1075,10.3115/v1/P14-5008,CITES,2014
10.18653/v1/D15-1075,10.3115/v1/W14-1610,CITES,2014
10.18653/v1/D15-1075,10.1162/tacl_a_00166,CITES,2014
10.18653/v1/D15-1075,10.1017/S1351324913000351,CITES,2013
10.18653/v1/D15-1075,10.18653/v1/d13-1170,CITES,2013
10.18653/v1/D15-1075,10.3115/1693756.1693772,CITES,2009
10.18653/v1/D15-1075,10.1002/9780470756959.CH7,CITES,2008
10.18653/v1/D15-1075,10.3115/1654536.1654546,CITES,2007
10.18653/v1/D15-1075,10.3115/1220575.1220654,CITES,2005
10.18653/v1/D15-1075,10.3115/1075096.1075150,CITES,2003
10.18653/v1/D15-1075,10.3115/1119239.1119245,CITES,2003
10.18653/v1/D15-1075,10.1162/neco.1997.9.8.1735,CITES,1997
10.18653/v1/D15-1075,10.1145/219717.219748,CITES,1995
10.18653/v1/D15-1075,10.5555/2627435.2670313,CITES,2014
10.18653/v1/D15-1075,10.3115/1654536.1654538,CITES,2007
10.18653/v1/D15-1075,10.1007/11736790,CITES,2006
10.18653/v1/D15-1075,10.1016/0010-0285(72)90002-3,CITES,1972
10.18653/v1/n19-1423,10.1109/ICCV.2015.11,CITES,2015
10.1109/ICCV.2015.11,10.18653/v1/P16-2034,CITES,2016
10.1109/ICCV.2015.11,10.1109/CVPR.2015.7298792,CITES,2015
10.1109/ICCV.2015.11,10.3115/v1/N15-1015,CITES,2015
10.1109/ICCV.2015.11,10.1007/s13735-014-0065-9,CITES,2015
10.1109/ICCV.2015.11,10.1109/CVPR.2015.7298917,CITES,2015
10.1109/ICCV.2015.11,10.1109/CVPR.2015.7298940,CITES,2015
10.1109/ICCV.2015.11,10.3115/v1/N15-1173,CITES,2014
10.1109/ICCV.2015.11,10.1109/CVPR.2015.7298932,CITES,2014
10.1109/ICCV.2015.11,10.1109/CVPR.2015.7298935,CITES,2014
10.1109/ICCV.2015.11,10.1109/CVPR.2015.7298594,CITES,2014
10.1109/ICCV.2015.11,10.1007/978-3-319-10590-1_7,CITES,2014
10.1109/ICCV.2015.11,10.1145/2632040,CITES,2014
10.1109/ICCV.2015.11,10.1007/978-3-319-10602-1_41,CITES,2014
10.1109/ICCV.2015.11,10.1109/CVPR.2014.455,CITES,2014
10.1109/ICCV.2015.11,10.21236/ada612444,CITES,2014
10.1109/ICCV.2015.11,10.3115/v1/D14-1179,CITES,2014
10.1109/ICCV.2015.11,10.1109/CVPR.2014.340,CITES,2014
10.1109/ICCV.2015.11,10.1007/978-3-319-10602-1_48,CITES,2014
10.1109/ICCV.2015.11,10.1162/tacl_a_00177,CITES,2014
10.1109/ICCV.2015.11,10.1109/ICCV.2013.117,CITES,2013
10.1109/ICCV.2015.11,10.1109/TPAMI.2012.162,CITES,2013
10.1109/ICCV.2015.11,10.18653/v1/d13-1176,CITES,2013
10.1109/ICCV.2015.11,10.1109/CVPR.2013.260,CITES,2013
10.1109/ICCV.2015.11,10.1613/jair.3994,CITES,2013
10.1109/ICCV.2015.11,10.1007/978-3-642-15561-1_2,CITES,2010
10.1109/ICCV.2015.11,10.1109/CVPR.2009.5206513,CITES,2009
10.1109/ICCV.2015.11,10.1007/978-3-540-88682-2_3,CITES,2008
10.1109/ICCV.2015.11,10.1007/978-3-540-88693-8_12,CITES,2008
10.1109/ICCV.2015.11,10.3115/1073083.1073135,CITES,2002
10.1109/ICCV.2015.11,10.1162/neco.1997.9.8.1735,CITES,1997
10.1109/ICCV.2015.11,10.5244/C.23.121,CITES,2009
10.1109/ICCV.2015.11,10.5244/C.20.92,CITES,2006
10.18653/v1/n19-1423,10.3115/v1/D14-1162,CITES,2014
10.3115/v1/D14-1162,10.3115/v1/P14-1023,CITES,2014
10.3115/v1/D14-1162,10.3115/v1/W14-1618,CITES,2014
10.3115/v1/D14-1162,10.3115/v1/E14-1051,CITES,2013
10.3115/v1/D14-1162,10.5555/1953048.2021068,CITES,2011
10.3115/v1/D14-1162,10.5555/1953048.2078186,CITES,2011
10.3115/v1/D14-1162,10.4249/scholarpedia.4356,CITES,2008
10.3115/v1/D14-1162,10.1145/1390156.1390177,CITES,2008
10.3115/v1/D14-1162,10.3758/BF03193020,CITES,2007
10.3115/v1/D14-1162,10.1145/860435.860445,CITES,2003
10.3115/v1/D14-1162,10.3115/1119176.1119195,CITES,2003
10.3115/v1/D14-1162,10.1145/505282.505283,CITES,2001
10.3115/v1/D14-1162,10.3758/BF03204766,CITES,1996
10.3115/v1/D14-1162,10.1145/365628.365657,CITES,1965
10.3115/v1/D14-1162,10.1561/2200000006,CITES,2009
10.3115/v1/D14-1162,10.1145/503104.503110,CITES,2002
10.3115/v1/D14-1162,10.1080/01690969108406936,CITES,1991
10.3115/v1/D14-1162,10.1007/978-1-4757-5579-4,CITES,1976
10.18653/v1/n19-1423,10.21437/Interspeech.2014-564,CITES,2013
10.21437/Interspeech.2014-564,10.1109/ICASSP.2013.6639271,CITES,2013
10.21437/Interspeech.2014-564,10.1109/ASRU.2011.6163930,CITES,2011
10.21437/Interspeech.2014-564,10.21437/Interspeech.2011-242,CITES,2011
10.21437/Interspeech.2014-564,10.1109/ICASSP.2011.5947611,CITES,2011
10.21437/Interspeech.2014-564,10.3115/1620754.1620822,CITES,2009
10.21437/Interspeech.2014-564,10.1016/j.csl.2006.09.003,CITES,2007
10.21437/Interspeech.2014-564,10.1145/1273496.1273577,CITES,2007
10.21437/Interspeech.2014-564,10.3115/1220175.1220299,CITES,2006
10.21437/Interspeech.2014-564,10.1007/s10994-005-0916-y,CITES,2005
10.21437/Interspeech.2014-564,10.3115/1218955.1218962,CITES,2004
10.21437/Interspeech.2014-564,10.1006/csla.2001.0174,CITES,2001
10.21437/Interspeech.2014-564,10.1109/ICASSP.2001.940893,CITES,2001
10.21437/Interspeech.2014-564,10.1006/csla.2000.0147,CITES,2000
10.21437/Interspeech.2014-564,10.3115/981863.981904,CITES,1996
10.21437/Interspeech.2014-564,10.1109/ICASSP.1995.479394,CITES,1995
10.21437/Interspeech.2014-564,10.3115/112405.112464,CITES,1991
10.21437/Interspeech.2014-564,10.1207/S15516709COG1402_1,CITES,1990
10.21437/Interspeech.2014-564,10.1109/TASSP.1987.1165125,CITES,1987
10.21437/Interspeech.2014-564,10.1017/CBO9781139207249.009,CITES,2012
10.21437/Interspeech.2014-564,10.21437/Interspeech.2012-65,CITES,2012
10.21437/Interspeech.2014-564,10.21437/Interspeech.2010-343,CITES,2010
10.21437/Interspeech.2014-564,10.21437/Interspeech.2010-525,CITES,2010
10.21437/Interspeech.2014-564,10.1016/j.csl.2006.01.003,CITES,2007
10.18653/v1/n19-1423,10.18653/v1/d13-1170,CITES,2013
10.18653/v1/d13-1170,10.21437/Interspeech.2012-2,CITES,2012
10.18653/v1/d13-1170,10.1007/s10994-013-5335-x,CITES,2011
10.18653/v1/d13-1170,10.5555/1953048.2021068,CITES,2011
10.18653/v1/d13-1170,10.1162/coli_a_00016,CITES,2010
10.18653/v1/d13-1170,10.1111/j.1551-6709.2010.01106.x,CITES,2010
10.18653/v1/d13-1170,10.1613/jair.2934,CITES,2010
10.18653/v1/d13-1170,10.3115/1613715.1613831,CITES,2008
10.18653/v1/d13-1170,10.1145/1390156.1390177,CITES,2008
10.18653/v1/d13-1170,10.1162/coli.2007.33.2.161,CITES,2007
10.18653/v1/d13-1170,10.3115/1219840.1219855,CITES,2005
10.18653/v1/d13-1170,10.3115/1075096.1075150,CITES,2003
10.18653/v1/d13-1170,10.1093/jos/18.4.297,CITES,2001
10.18653/v1/d13-1170,10.1109/72.377968,CITES,1995
10.18653/v1/d13-1170,10.1016/0378-2166(91)90096-G,CITES,1991
10.18653/v1/d13-1170,10.1016/0004-3702(90)90004-J,CITES,1990
10.18653/v1/d13-1170,10.1016/0004-3702(90)90005-K,CITES,1990
10.18653/v1/d13-1170,10.1007/BF00627397,CITES,1989
10.18653/v1/d13-1170,10.1007/1-4020-4102-0_1,CITES,2006
10.18653/v1/n19-1423,10.3233/978-1-60750-049-0-551,CITES,2009
10.18653/v1/n19-1423,10.1109/CVPR.2009.5206848,CITES,2009
10.1109/CVPR.2009.5206848,10.1109/ICCV.2005.142,CITES,2005
10.1109/CVPR.2009.5206848,10.1007/s11263-007-0066-8,CITES,2008
10.1109/CVPR.2009.5206848,10.1109/CVPR.2007.383048,CITES,2007
10.1109/CVPR.2009.5206848,10.1023/B:VISI.0000029664.99615.94,CITES,2004
10.1109/CVPR.2009.5206848,10.1109/CVPR.2007.383272,CITES,2007
10.1109/CVPR.2009.5206848,10.1109/CVPR.2006.264,CITES,
10.1109/CVPR.2009.5206848,10.1016/S0262-8856(97)00070-X,CITES,1998
10.1109/CVPR.2009.5206848,10.1109/ICCV.2007.4409064,CITES,2007
10.1109/CVPR.2009.5206848,10.1007/3-540-63576-9_121,CITES,1997
10.1109/CVPR.2009.5206848,10.1109/CVPR.2008.4587598,CITES,2008
10.1109/CVPR.2009.5206848,10.1109/TPAMI.2006.79,CITES,2006
10.1109/CVPR.2009.5206848,10.1007/s11263-007-0090-8,CITES,2008
10.1109/CVPR.2009.5206848,10.1109/TPAMI.2008.128,CITES,2008
10.1109/CVPR.2009.5206848,10.1109/CVPRW.2008.4562953,CITES,2008
10.1109/CVPR.2009.5206848,10.1145/985692.985733,CITES,2004
10.18653/v1/n19-1423,10.1145/1390156.1390177,CITES,2008
10.18653/v1/n19-1423,10.1145/1390156.1390294,CITES,2008
10.18653/v1/n19-1423,10.3115/1610075.1610094,CITES,2006
10.3115/1610075.1610094,10.1016/J.CSL.2005.05.005,CITES,2006
10.3115/1610075.1610094,10.1613/jair.1872,CITES,2006
10.3115/1610075.1610094,10.1007/11562214_6,CITES,2005
10.3115/1610075.1610094,10.3115/1220575.1220699,CITES,2005
10.3115/1610075.1610094,10.3115/1219840.1219841,CITES,2005
10.3115/1610075.1610094,10.3115/1219840.1219852,CITES,2005
10.3115/1610075.1610094,10.3115/1219044.1219057,CITES,2004
10.3115/1610075.1610094,10.3115/1218955.1218962,CITES,2004
10.3115/1610075.1610094,10.3115/1075096.1075117,CITES,2003
10.3115/1610075.1610094,10.3115/1073445.1073472,CITES,2003
10.3115/1610075.1610094,10.3115/1073445.1073473,CITES,2003
10.3115/1610075.1610094,10.3115/1073445.1073478,CITES,2003
10.3115/1610075.1610094,10.21437/ICSLP.1998-740,CITES,1998
10.3115/1610075.1610094,10.1109/ICASSP.1989.266481,CITES,1989
10.3115/1610075.1610094,10.21236/ada460245,CITES,2004
10.18653/v1/n19-1423,10.3115/1119176.1119195,CITES,2003
10.3115/1119176.1119195,10.3115/1119176.1119201,CITES,2003
10.3115/1119176.1119195,10.3115/1119176.1119210,CITES,2003
10.3115/1119176.1119195,10.3115/1119176.1119209,CITES,2003
10.3115/1119176.1119195,10.3115/1119176.1119204,CITES,2003
10.3115/1119176.1119195,10.3115/1119176.1119205,CITES,2003
10.3115/1119176.1119195,10.3115/1119176.1119208,CITES,2003
10.3115/1119176.1119195,10.3115/1119176.1119197,CITES,2003
10.3115/1119176.1119195,10.3115/1119176.1119200,CITES,2003
10.3115/1119176.1119195,10.3115/1119176.1119196,CITES,2003
10.3115/1119176.1119195,10.3115/1119176.1119203,CITES,2003
10.3115/1119176.1119195,10.3115/1119176.1119211,CITES,2003
10.3115/1119176.1119195,10.3115/1119176.1119207,CITES,2003
10.3115/1119176.1119195,10.3115/1119176.1119202,CITES,2003
10.3115/1119176.1119195,10.3115/1119176.1119199,CITES,2003
10.3115/1119176.1119195,10.3115/1119176.1119198,CITES,2003
10.3115/1119176.1119195,10.3115/1119176.1119206,CITES,2003
10.3115/1119176.1119195,10.3115/1118853.1118877,CITES,2002
10.3115/1119176.1119195,10.1007/978-94-017-2390-9_10,CITES,1995
10.3115/1119176.1119195,10.1016/b978-1-55860-335-6.50012-x,CITES,1994
10.3115/1119176.1119195,10.1007/978-94-017-2390-9_2,CITES,1999
10.3115/1119176.1119195,10.2307/2348203,CITES,1989
10.18653/v1/n19-1423,10.1177/107769905303000401,CITES,1953
10.1145/3543873.3587570,10.1016/j.knosys.2018.03.022,CITES,2017
10.1016/j.knosys.2018.03.022,10.1109/ICDE.2017.35,CITES,2017
10.1109/ICDE.2017.35,10.1146/annurev.soc.27.1.415,CITES,2001
10.1109/ICDE.2017.35,10.1145/2588555.2593682,CITES,2014
10.1109/ICDE.2017.35,10.1145/2489247.2489249,CITES,2013
10.1109/ICDE.2017.35,10.1109/TKDE.2016.2591009,CITES,2016
10.1109/ICDE.2017.35,10.1145/2433396.2433471,CITES,2013
10.1109/ICDE.2017.35,10.1145/1553374.1553416,CITES,2009
10.1109/ICDE.2017.35,10.1016/S0378-8733(03)00009-1,CITES,2003
10.1016/j.knosys.2018.03.022,10.1145/3018661.3018667,CITES,2017
10.1145/3018661.3018667,10.1145/2488388.2488393,CITES,2013
10.1145/3018661.3018667,10.1145/2556195.2556216,CITES,2014
10.1145/3018661.3018667,10.1016/0041-5553(67)90040-7,CITES,1967
10.1145/3018661.3018667,10.1145/2783258.2783296,CITES,2015
10.1145/3018661.3018667,10.1145/2063576.2063744,CITES,2011
10.1145/3018661.3018667,10.1145/2939672.2939754,CITES,2016
10.1145/3018661.3018667,10.1145/2433396.2433465,CITES,2013
10.1145/3018661.3018667,10.1145/1401890.1401937,CITES,2008
10.1145/3018661.3018667,10.1145/2556195.2556225,CITES,2014
10.1145/3018661.3018667,10.1007/978-1-4757-1904-8,CITES,1986
10.1145/3018661.3018667,10.1086/226792,CITES,1978
10.1145/3018661.3018667,10.1109/ICDM.2014.119,CITES,2014
10.1145/3018661.3018667,10.1145/2806416.2806501,CITES,2015
10.1145/3018661.3018667,10.1016/0378-8733(88)90010-X,CITES,1988
10.1145/3018661.3018667,10.4135/9781452243528.n1,CITES,1994
10.1145/3018661.3018667,10.1146/annurev.soc.27.1.415,CITES,2001
10.1145/3018661.3018667,10.1103/PhysRevA.36.340,CITES,1987
10.1145/3018661.3018667,10.1145/1367497.1367512,CITES,2008
10.1145/3018661.3018667,10.1145/2623330.2623732,CITES,2014
10.1145/3018661.3018667,10.1109/TKDE.2014.2339860,CITES,2015
10.1145/3018661.3018667,10.1145/1553374.1553494,CITES,2009
10.1145/3018661.3018667,10.1145/1401890.1401969,CITES,2008
10.1145/3018661.3018667,10.1007/s00521-013-1362-6,CITES,2013
10.1145/3018661.3018667,10.1137/1.9781611974348.7,CITES,2016
10.1145/3018661.3018667,10.1145/2433396.2433405,CITES,2013
10.1145/3018661.3018667,10.1145/2872427.2883041,CITES,2016
10.1145/3018661.3018667,10.1145/2736277.2741093,CITES,2015
10.1145/3018661.3018667,10.1145/1401890.1401972,CITES,2008
10.1145/3018661.3018667,10.1126/science.290.5500.2319,CITES,2000
10.1145/3018661.3018667,10.1137/1.9780898719574,CITES,1997
10.1145/3018661.3018667,10.1145/2124295.2124320,CITES,2012
10.1145/3018661.3018667,10.1007/s11222-007-9033-z,CITES,2007
10.1145/3018661.3018667,10.1145/2939672.2939753,CITES,2016
10.1145/3018661.3018667,10.1007/978-3-642-35289-8_34,CITES,2012
10.1145/3018661.3018667,10.1145/1871437.1871691,CITES,2010
10.1145/3018661.3018667,10.1145/1277741.1277825,CITES,2007
10.1016/j.knosys.2018.03.022,10.1109/ICDM.2016.0072,CITES,2016
10.1109/ICDM.2016.0072,10.1145/2806416.2806512,CITES,2015
10.1109/ICDM.2016.0072,10.1201/9781420036121,CITES,2000
10.1109/ICDM.2016.0072,10.1126/science.290.5500.2319,CITES,2000
10.1109/ICDM.2016.0072,10.1126/science.290.5500.2323,CITES,2000
10.1109/ICDM.2016.0072,10.1007/s10618-010-0210-x,CITES,2011
10.1109/ICDM.2016.0072,10.1145/1645953.1646094,CITES,2009
10.1109/ICDM.2016.0072,10.1007/s11222-007-9033-z,CITES,2007
10.1109/ICDM.2016.0072,10.1103/PhysRevE.74.036104,CITES,2006
10.1109/ICDM.2016.0072,10.1109/SURV.2013.052213.00046,CITES,2014
10.1109/ICDM.2016.0072,10.1609/aimag.v29i3.2157,CITES,2008
10.1109/ICDM.2016.0072,10.1146/annurev.soc.27.1.415,CITES,2001
10.1109/ICDM.2016.0072,10.1016/j.physa.2010.11.027,CITES,2010
10.1109/ICDM.2016.0072,10.1145/1557019.1557109,CITES,2009
10.1109/ICDM.2016.0072,10.1145/2180861.2180866,CITES,2012
10.1109/ICDM.2016.0072,10.1145/2736277.2741093,CITES,2015
10.1109/ICDM.2016.0072,10.1145/2623330.2623732,CITES,2014
10.1016/j.knosys.2018.03.022,10.1145/2939672.2939751,CITES,2016
10.1145/2939672.2939751,10.1145/2806416.2806512,CITES,2015
10.1145/2939672.2939751,10.1109/ICDM.2014.115,CITES,2014
10.1145/2939672.2939751,10.1609/icwsm.v4i1.14024,CITES,2010
10.1145/2939672.2939751,10.1111/j.1469-1809.1936.tb02137.x,CITES,1936
10.1145/2939672.2939751,10.1109/TPAMI.2005.55,CITES,2005
10.1145/2939672.2939751,10.1016/j.laa.2009.03.003,CITES,2009
10.1145/2939672.2939751,10.1007/s10588-008-9040-4,CITES,2009
10.1145/2939672.2939751,10.1145/775047.775126,CITES,2002
10.1145/2939672.2939751,10.1007/BF02289026,CITES,1953
10.1145/2939672.2939751,10.1145/1081870.1081893,CITES,2005
10.1145/2939672.2939751,10.1016/j.sigpro.2014.12.019,CITES,2015
10.1145/2939672.2939751,10.1137/0718026,CITES,1981
10.1145/2939672.2939751,10.3115/v1/D14-1162,CITES,2014
10.1145/2939672.2939751,10.1145/2623330.2623732,CITES,2014
10.1145/2939672.2939751,10.1126/science.290.5500.2323,CITES,2000
10.1145/2939672.2939751,10.1111/j.1467-9531.2006.00176.x,CITES,2006
10.1145/2939672.2939751,10.1145/1644893.1644932,CITES,2009
10.1145/2939672.2939751,10.1145/2487788.2487987,CITES,2013
10.1145/2939672.2939751,10.1145/2736277.2741093,CITES,2015
10.1145/2939672.2939751,10.1126/science.290.5500.2319,CITES,2000
10.1145/2939672.2939751,10.1080/01621459.1987.10478385,CITES,1987
10.1145/2939672.2939751,10.1145/1277741.1277825,CITES,2007
10.1016/j.knosys.2018.03.022,10.1145/2939672.2939753,CITES,2016
10.1145/2939672.2939753,10.1162/089976603321780317,CITES,2003
10.1145/2939672.2939753,10.1561/2200000006,CITES,2009
10.1145/2939672.2939753,10.1109/TPAMI.2013.50,CITES,2013
10.1145/2939672.2939753,10.1145/2806416.2806512,CITES,2015
10.1145/2939672.2939753,10.1145/2783258.2783296,CITES,2015
10.1145/2939672.2939753,10.1109/MSP.2012.2205597,CITES,2012
10.1145/2939672.2939753,10.1162/neco.2006.18.7.1527,CITES,2006
10.1145/2939672.2939753,10.1145/1864708.1864736,CITES,2010
10.1145/2939672.2939753,10.1145/1217299.1217301,CITES,2006
10.1145/2939672.2939753,10.1109/TPAMI.2015.2456899,CITES,2016
10.1145/2939672.2939753,10.1145/2623330.2623732,CITES,2014
10.1145/2939672.2939753,10.1126/science.290.5500.2323,CITES,2000
10.1145/2939672.2939753,10.1016/j.ijar.2008.11.006,CITES,2009
10.1145/2939672.2939753,10.1145/1553374.1553494,CITES,2009
10.1145/2939672.2939753,10.1145/2736277.2741093,CITES,2015
10.1145/2939672.2939753,10.1145/1557019.1557109,CITES,2009
10.1145/2939672.2939753,10.1145/1645953.1646094,CITES,2009
10.1145/2939672.2939753,10.1126/science.290.5500.2319,CITES,2000
10.1145/2939672.2939753,10.1109/TPAMI.2015.2417578,CITES,2015
10.1016/j.knosys.2018.03.022,10.18653/v1/P16-1095,CITES,2016
10.18653/v1/P16-1095,10.1145/2736277.2741093,CITES,2015
10.18653/v1/P16-1095,10.1016/j.socnet.2014.05.002,CITES,2014
10.18653/v1/P16-1095,10.1145/2623330.2623732,CITES,2014
10.18653/v1/P16-1095,10.1145/2487575.2487610,CITES,2013
10.18653/v1/P16-1095,10.1145/2020408.2020512,CITES,2011
10.18653/v1/P16-1095,10.1007/s10618-010-0210-x,CITES,2011
10.18653/v1/P16-1095,10.1109/ASONAM.2010.19,CITES,2010
10.18653/v1/P16-1095,10.1145/1645953.1646094,CITES,2009
10.18653/v1/P16-1095,10.1145/1557019.1557109,CITES,2009
10.18653/v1/P16-1095,10.1007/978-3-642-14929-0_1,CITES,2008
10.18653/v1/P16-1095,10.1145/1401890.1401925,CITES,2008
10.18653/v1/P16-1095,10.5555/1756006.1859891,CITES,2008
10.18653/v1/P16-1095,10.5555/1390681.1442794,CITES,2008
10.18653/v1/P16-1095,10.1109/FOCS.2006.44,CITES,2006
10.18653/v1/P16-1095,10.1145/1090193.1090201,CITES,2005
10.18653/v1/P16-1095,10.1016/S0378-8733(03)00009-1,CITES,2003
10.18653/v1/P16-1095,10.1198/016214502388618906,CITES,2002
10.18653/v1/P16-1095,10.1023/A:1009982220290,CITES,1999
10.18653/v1/P16-1095,10.1109/TPAMI.1984.4767596,CITES,1984
10.18653/v1/P16-1095,10.1086/jar.33.4.3629752,CITES,1977
10.18653/v1/P16-1095,10.1016/s1062-1458(04)00686-5,CITES,2021
10.18653/v1/P16-1095,10.5555/2503308.2503315,CITES,2012
10.18653/v1/P16-1095,10.1137/1.9781611972825.71,CITES,2012
10.18653/v1/P16-1095,10.7551/mitpress/7432.001.0001,CITES,2007
10.18653/v1/P16-1095,10.21236/ada452802,CITES,2003
10.1016/j.knosys.2018.03.022,10.1145/2939672.2939754,CITES,2016
10.1145/2939672.2939754,10.1137/1.9781611974010.51,CITES,2015
10.1145/2939672.2939754,10.1145/2806416.2806512,CITES,2015
10.1145/2939672.2939754,10.1145/2736277.2741093,CITES,2015
10.1145/2939672.2939754,10.1109/ICDM.2014.22,CITES,2014
10.1145/2939672.2939754,10.1109/JPROC.2014.2364018,CITES,2014
10.1145/2939672.2939754,10.3115/v1/D14-1162,CITES,2014
10.1145/2939672.2939754,10.1609/aaai.v28i1.8916,CITES,2014
10.1145/2939672.2939754,10.1145/2623330.2623732,CITES,2014
10.1145/2939672.2939754,10.1038/nmeth.2340,CITES,2013
10.1145/2939672.2939754,10.1093/nar/gks1158,CITES,2012
10.1145/2939672.2939754,10.1145/2339530.2339723,CITES,2012
10.1145/2939672.2939754,10.1109/TPAMI.2013.50,CITES,2013
10.1145/2939672.2939754,10.1145/2020408.2020512,CITES,2011
10.1145/2939672.2939754,10.1093/bioinformatics/btr260,CITES,2011
10.1145/2939672.2939754,10.1038/NPRE.2011.5627.1,CITES,2011
10.1145/2939672.2939754,10.1007/s10618-010-0210-x,CITES,2011
10.1145/2939672.2939754,10.1145/1935826.1935914,CITES,2011
10.1145/2939672.2939754,10.1016/j.physrep.2009.11.002,CITES,2010
10.1145/2939672.2939754,10.1136/ebmh.11.4.102,CITES,2008
10.1145/2939672.2939754,10.1007/978-3-642-14929-0_1,CITES,2008
10.1145/2939672.2939754,10.1093/nar/gkm1001,CITES,2007
10.1145/2939672.2939754,10.4018/jdwm.2007070101,CITES,2007
10.1145/2939672.2939754,10.1016/S0378-8733(03)00009-1,CITES,2003
10.1145/2939672.2939754,10.1145/780542.780599,CITES,2003
10.1145/2939672.2939754,10.3115/1073445.1073478,CITES,2003
10.1145/2939672.2939754,10.1198/016214502388618906,CITES,2002
10.1145/2939672.2939754,10.7551/mitpress/1120.003.0080,CITES,2002
10.1145/2939672.2939754,10.1126/SCIENCE.290.5500.2323,CITES,2000
10.1145/2939672.2939754,10.1126/SCIENCE.290.5500.2319,CITES,2000
10.1145/2939672.2939754,10.1137/1.9781611973440.33,CITES,2014
10.1145/2939672.2939754,10.1017/CBO9781139207249.009,CITES,2012
10.1145/2939672.2939754,10.1109/TPAMI.2007.12,CITES,2007
10.1016/j.knosys.2018.03.022,10.1609/aaai.v30i1.10179,CITES,2016
10.1016/j.knosys.2018.03.022,10.1145/2806416.2806512,CITES,2015
10.1145/2806416.2806512,10.3758/BF03193020,CITES,2007
10.1145/2806416.2806512,10.3758/s13428-011-0183-8,CITES,2012
10.1145/2806416.2806512,10.1016/0165-1684(94)90029-9,CITES,1994
10.1145/2806416.2806512,10.1201/9780367801700,CITES,2000
10.1145/2806416.2806512,10.1007/BF02288367,CITES,1936
10.1145/2806416.2806512,10.1126/science.1127647,CITES,2006
10.1145/2806416.2806512,10.1016/0165-1684(91)90079-X,CITES,1991
10.1145/2806416.2806512,10.1109/TAC.1980.1102314,CITES,1980
10.1145/2806416.2806512,10.3758/BF03204766,CITES,1996
10.1145/2806416.2806512,10.1145/2623330.2623732,CITES,2014
10.1145/2806416.2806512,10.1126/science.290.5500.2323,CITES,2000
10.1145/2806416.2806512,10.1109/34.868688,CITES,2000
10.1145/2806416.2806512,10.1145/2736277.2741093,CITES,2015
10.1145/2806416.2806512,10.1145/1401890.1402008,CITES,2008
10.1145/2806416.2806512,10.1145/1557019.1557109,CITES,2009
10.1145/2806416.2806512,10.1126/science.290.5500.2319,CITES,2000
10.1016/j.knosys.2018.03.022,10.1145/2783258.2783296,CITES,2015
10.1145/2783258.2783296,10.25080/Majora-92bf1922-003,CITES,2010
10.1145/2783258.2783296,10.1145/1920261.1920265,CITES,2010
10.1145/2783258.2783296,10.1145/1646396.1646452,CITES,2009
10.1145/2783258.2783296,10.1145/1390156.1390177,CITES,2008
10.1145/2783258.2783296,10.1109/CVPR.2005.177,CITES,2005
10.1145/2783258.2783296,10.1007/s11263-009-0275-4,CITES,2010
10.1145/2783258.2783296,10.1145/2623330.2623675,CITES,2014
10.1145/2783258.2783296,10.1109/CVPR.2014.81,CITES,2014
10.1145/2783258.2783296,10.1007/978-0-387-84858-7,CITES,2009
10.1145/2783258.2783296,10.1126/science.1127647,CITES,2006
10.1145/2783258.2783296,10.1137/1.9781611973440.33,CITES,2014
10.1145/2783258.2783296,10.1109/CVPR.2013.463,CITES,2013
10.1145/2783258.2783296,10.1145/2623330.2623741,CITES,2014
10.1145/2783258.2783296,10.1145/2393347.2393438,CITES,2012
10.1145/2783258.2783296,10.1023/B:VISI.0000029664.99615.94,CITES,2004
10.1145/2783258.2783296,10.1145/2487575.2487668,CITES,2013
10.1145/2783258.2783296,10.1109/69.917563,CITES,2001
10.1145/2783258.2783296,10.1145/2623330.2623732,CITES,2014
10.1145/2783258.2783296,10.1145/1963405.1963449,CITES,2011
10.1145/2783258.2783296,10.1137/1.9781611972825.46,CITES,2012
10.1145/2783258.2783296,10.1016/j.jempfin.2005.08.001,CITES,2006
10.1145/2783258.2783296,10.1145/2623330.2623630,CITES,2014
10.1145/2783258.2783296,10.1609/aimag.v29i3.2157,CITES,2008
10.1145/2783258.2783296,10.1145/1553374.1553494,CITES,2009
10.1145/2783258.2783296,10.1145/1401890.1401969,CITES,2008
10.1145/2783258.2783296,10.1145/2339530.2339738,CITES,2012
10.1145/2783258.2783296,10.1145/2339530.2339673,CITES,2012
10.1145/2783258.2783296,10.1145/1557019.1557120,CITES,2009
10.1145/2783258.2783296,10.1145/2502081.2502284,CITES,2013
10.1145/2783258.2783296,10.1145/2623330.2623645,CITES,2014
10.1145/2783258.2783296,10.1145/1645953.1646025,CITES,2009
10.1145/2783258.2783296,10.1145/2623330.2623711,CITES,2014
10.1145/2783258.2783296,10.1145/1277741.1277825,CITES,2007
10.1016/j.knosys.2018.03.022,10.1145/2736277.2741093,CITES,2015
10.1145/2736277.2741093,10.1145/2623330.2623756,CITES,2014
10.1145/2736277.2741093,10.1145/2567948.2576939,CITES,2014
10.1145/2736277.2741093,10.1145/2623330.2623732,CITES,2014
10.1145/2736277.2741093,10.1145/2556195.2556259,CITES,2014
10.1145/2736277.2741093,10.1145/2488388.2488393,CITES,2013
10.1145/2736277.2741093,10.1007/978-1-4419-8462-3_5,CITES,2011
10.1145/2736277.2741093,10.1145/1401890.1402008,CITES,2008
10.1145/2736277.2741093,10.1145/780542.780599,CITES,2003
10.1145/2736277.2741093,10.7551/mitpress/1120.003.0080,CITES,2002
10.1145/2736277.2741093,10.1126/SCIENCE.290.5500.2319,CITES,2000
10.1145/2736277.2741093,10.1126/SCIENCE.290.5500.2323,CITES,2000
10.1145/2736277.2741093,10.1086/225469,CITES,1973
10.1145/2736277.2741093,10.1007/978-3-642-39314-3_1,CITES,2013
10.1145/2736277.2741093,10.1109/TPAMI.2007.12,CITES,2007
10.1016/j.knosys.2018.03.022,10.1145/2623330.2623732,CITES,2014
10.1145/2623330.2623732,10.1145/2487575.2487610,CITES,2013
10.1145/2623330.2623732,10.1145/3065386,CITES,2012
10.1145/2623330.2623732,10.1109/TPAMI.2013.50,CITES,2013
10.1145/2623330.2623732,10.1109/TASL.2011.2134090,CITES,2012
10.1145/2623330.2623732,10.1145/2020408.2020512,CITES,2011
10.1145/2623330.2623732,10.1007/s10618-010-0210-x,CITES,2011
10.1145/2623330.2623732,10.1109/ASONAM.2010.19,CITES,2010
10.1145/2623330.2623732,10.5555/1756006.1756025,CITES,2010
10.1145/2623330.2623732,10.1145/1645953.1646094,CITES,2009
10.1145/2623330.2623732,10.1145/1541880.1541882,CITES,2009
10.1145/2623330.2623732,10.1145/1557019.1557109,CITES,2009
10.1145/2623330.2623732,10.1007/s10994-008-5066-6,CITES,2008
10.1145/2623330.2623732,10.1201/b17320-16,CITES,2008
10.1145/2623330.2623732,10.1007/978-3-642-14929-0_1,CITES,2008
10.1145/2623330.2623732,10.1145/1401890.1401925,CITES,2008
10.1145/2623330.2623732,10.1145/1390156.1390177,CITES,2008
10.1145/2623330.2623732,10.5555/1756006.1859891,CITES,2008
10.1145/2623330.2623732,10.5555/1390681.1442794,CITES,2008
10.1145/2623330.2623732,10.1109/FOCS.2006.44,CITES,2006
10.1145/2623330.2623732,10.1073/PNAS.0601602103,CITES,2006
10.1145/2623330.2623732,10.1145/1090193.1090201,CITES,2005
10.1145/2623330.2623732,10.1145/956863.956972,CITES,2003
10.1145/2623330.2623732,10.1145/1007352.1007372,CITES,2003
10.1145/2623330.2623732,10.1016/0004-3702(91)90084-W,CITES,1991
10.1145/2623330.2623732,10.1109/TPAMI.1984.4767596,CITES,1984
10.1145/2623330.2623732,10.1109/TPAMI.1983.4767390,CITES,1983
10.1145/2623330.2623732,10.1086/jar.33.4.3629752,CITES,1977
10.1145/2623330.2623732,10.1007/978-0-387-31439-6_100248,CITES,2014
10.1145/2623330.2623732,10.1137/1.9781611972825.71,CITES,2012
10.1145/2623330.2623732,10.7551/mitpress/7432.001.0001,CITES,2007
10.1145/2623330.2623732,10.21236/ada452802,CITES,2003
10.1016/j.knosys.2018.03.022,10.1145/2488388.2488393,CITES,2013
10.1145/2488388.2488393,10.1145/2124295.2124312,CITES,2012
10.1145/2488388.2488393,10.1145/2020408.2020433,CITES,2011
10.1145/2488388.2488393,10.1016/0047-259X(81)90099-3,CITES,1981
10.1145/2488388.2488393,10.1145/2124295.2124330,CITES,2012
10.1145/2488388.2488393,10.1145/1007912.1007931,CITES,2004
10.1145/2488388.2488393,10.1561/2200000016,CITES,2010
10.1145/2488388.2488393,10.1145/509907.509965,CITES,2002
10.1145/2488388.2488393,10.1145/2020408.2020426,CITES,2011
10.1145/2488388.2488393,10.1109/MC.2009.263,CITES,2009
10.1145/2488388.2488393,10.1145/1772690.1772760,CITES,2010
10.1145/2488388.2488393,10.1145/1807167.1807184,CITES,2010
10.1145/2488388.2488393,10.14778/1920841.1920931,CITES,2010
10.1145/2488388.2488393,10.1145/1963405.1963491,CITES,2011
10.1145/2488388.2488393,10.1145/1571941.1571979,CITES,2009
10.1145/2488388.2488393,10.1007/978-3-540-68880-8_32,CITES,2008
10.1016/j.knosys.2018.03.022,10.1109/TPAMI.2013.50,CITES,2013
10.1109/TPAMI.2013.50,10.1145/3065386,CITES,2012
10.1109/TPAMI.2013.50,10.5555/2627435.2697059,CITES,2012
10.1109/TPAMI.2013.50,10.5555/2627435.2750359,CITES,2012
10.1109/TPAMI.2013.50,10.1007/978-3-642-35289-8,CITES,2012
10.1109/TPAMI.2013.50,10.21437/Interspeech.2011-169,CITES,2012
10.1109/TPAMI.2013.50,10.1007/978-3-642-35289-8_26,CITES,2012
10.1109/TPAMI.2013.50,10.1109/CVPR.2012.6248110,CITES,2012
10.1109/TPAMI.2013.50,10.1016/j.neuron.2012.01.010,CITES,2012
10.1109/TPAMI.2013.50,10.5555/2503308.2188395,CITES,2012
10.1109/TPAMI.2013.50,10.1109/TASL.2011.2134090,CITES,2012
10.1109/TPAMI.2013.50,10.1109/ASRU.2011.6163899,CITES,2011
10.1109/TPAMI.2013.50,10.1109/ICCV.2011.6126555,CITES,2011
10.1109/TPAMI.2013.50,10.1007/978-3-642-24412-4_3,CITES,2011
10.1109/TPAMI.2013.50,10.1214/12-STS394,CITES,2011
10.1109/TPAMI.2013.50,10.1007/978-3-642-23783-6_41,CITES,2011
10.1109/TPAMI.2013.50,10.1162/NECO_a_00158,CITES,2011
10.1109/TPAMI.2013.50,10.21437/Interspeech.2011-242,CITES,2011
10.1109/TPAMI.2013.50,10.1162/NECO_a_00142,CITES,2011
10.1109/TPAMI.2013.50,10.1109/CVPR.2011.5995496,CITES,2011
10.1109/TPAMI.2013.50,10.1109/CVPR.2011.5995710,CITES,2011
10.1109/TPAMI.2013.50,10.1109/CVPR.2011.5995732,CITES,2011
10.1109/TPAMI.2013.50,10.1007/978-3-642-21735-7_6,CITES,2011
10.1109/TPAMI.2013.50,10.1007/978-3-642-28551-6_27,CITES,2011
10.1109/TPAMI.2013.50,10.1109/TSP.2011.2107908,CITES,2011
10.1109/TPAMI.2013.50,10.1109/SSD.2011.5767396,CITES,2011
10.1109/TPAMI.2013.50,10.1007/s10994-013-5335-x,CITES,2011
10.1109/TPAMI.2013.50,10.5555/1953048.2078186,CITES,2011
10.1109/TPAMI.2013.50,10.1002/CPA.21413,CITES,2011
10.1109/TPAMI.2013.50,10.1109/CVPR.2011.5995635,CITES,2010
10.1109/TPAMI.2013.50,10.1111/j.1467-8640.2010.00366.x,CITES,2010
10.1109/TPAMI.2013.50,10.1007/s10994-010-5198-3,CITES,2010
10.1109/TPAMI.2013.50,10.1109/JSTSP.2010.2075990,CITES,2010
10.1109/TPAMI.2013.50,10.1007/978-3-642-15567-3_11,CITES,2010
10.1109/TPAMI.2013.50,10.21437/Interspeech.2010-487,CITES,2010
10.1109/TPAMI.2013.50,10.1109/IJCNN.2010.5596837,CITES,2010
10.1109/TPAMI.2013.50,10.1109/CVPR.2010.5539962,CITES,2010
10.1109/TPAMI.2013.50,10.1109/CVPR.2010.5539957,CITES,2010
10.1109/TPAMI.2013.50,10.1162/neco.2010.01-09-953,CITES,2010
10.1109/TPAMI.2013.50,10.1162/NECO_a_00052,CITES,2010
10.1109/TPAMI.2013.50,10.5555/1756006.1953039,CITES,2010
10.1109/TPAMI.2013.50,10.5555/1756006.1756025,CITES,2010
10.1109/TPAMI.2013.50,10.1162/neco.2009.10-08-881,CITES,2010
10.1109/TPAMI.2013.50,10.1109/ICCV.2009.5459469,CITES,2009
10.1109/TPAMI.2013.50,10.1016/j.ijar.2008.11.006,CITES,2009
10.1109/TPAMI.2013.50,10.1109/CVPR.2009.5206545,CITES,2009
10.1109/TPAMI.2013.50,10.1145/1553374.1553453,CITES,2009
10.1109/TPAMI.2013.50,10.1145/1553374.1553380,CITES,2009
10.1109/TPAMI.2013.50,10.1145/1553374.1553506,CITES,2009
10.1109/TPAMI.2013.50,10.1145/1553374.1553469,CITES,2009
10.1109/TPAMI.2013.50,10.1145/1553374.1553505,CITES,2009
10.1109/TPAMI.2013.50,10.5555/1577069.1577070,CITES,2009
10.1109/TPAMI.2013.50,10.1162/neco.2008.11-07-647,CITES,2009
10.1109/TPAMI.2013.50,10.5555/1953048.2078194,CITES,2009
10.1109/TPAMI.2013.50,10.1007/978-1-84882-491-1,CITES,2009
10.1109/TPAMI.2013.50,10.1109/TIP.2007.911819,CITES,2009
10.1109/TPAMI.2013.50,10.1162/neco.2008.10-06-384,CITES,2008
10.1109/TPAMI.2013.50,10.1145/1390156.1390303,CITES,2008
10.1109/TPAMI.2013.50,10.1145/1390156.1390290,CITES,2008
10.1109/TPAMI.2013.50,10.1145/1390156.1390224,CITES,2008
10.1109/TPAMI.2013.50,10.1145/1390156.1390177,CITES,2008
10.1109/TPAMI.2013.50,10.1145/1390156.1390294,CITES,2008
10.1109/TPAMI.2013.50,10.4249/scholarpedia.3881,CITES,2008
10.1109/TPAMI.2013.50,10.1145/1273496.1273592,CITES,2007
10.1109/TPAMI.2013.50,10.1145/1273496.1273596,CITES,2007
10.1109/TPAMI.2013.50,10.1109/TPAMI.2007.56,CITES,2007
10.1109/TPAMI.2013.50,10.1016/j.csda.2006.09.003,CITES,2007
10.1109/TPAMI.2013.50,10.7551/mitpress/7503.003.0024,CITES,2006
10.1109/TPAMI.2013.50,10.1207/s15516709cog0000_76,CITES,2006
10.1109/TPAMI.2013.50,10.1162/neco.2006.18.7.1527,CITES,2006
10.1109/TPAMI.2013.50,10.1109/CVPR.2006.68,CITES,2006
10.1109/TPAMI.2013.50,10.1613/jair.1872,CITES,2006
10.1109/TPAMI.2013.50,10.1007/978-3-540-39972-8_3,CITES,2005
10.1109/TPAMI.2013.50,10.1167/5.6.9,CITES,2005
10.1109/TPAMI.2013.50,10.1007/s11263-005-4939-z,CITES,2004
10.1109/TPAMI.2013.50,10.1109/ICDAR.2003.1227801,CITES,2003
10.1109/TPAMI.2013.50,10.1162/089976603321780317,CITES,2003
10.1109/TPAMI.2013.50,10.1073/pnas.1031596100,CITES,2003
10.1109/TPAMI.2013.50,10.1162/089976602760128018,CITES,2002
10.1109/TPAMI.2013.50,10.1162/089976602317318938,CITES,2002
10.1109/TPAMI.2013.50,10.1126/SCIENCE.290.5500.2323,CITES,2000
10.1109/TPAMI.2013.50,10.1126/SCIENCE.290.5500.2319,CITES,2000
10.1109/TPAMI.2013.50,10.1162/089976600300015312,CITES,2000
10.1109/TPAMI.2013.50,10.1038/14819,CITES,1999
10.1109/TPAMI.2013.50,10.1109/ICCV.1999.790410,CITES,1999
10.1109/TPAMI.2013.50,10.1080/17442509908834179,CITES,1999
10.1109/TPAMI.2013.50,10.1109/72.712151,CITES,1998
10.1109/TPAMI.2013.50,10.1162/089976698300017467,CITES,1998
10.1109/TPAMI.2013.50,10.1162/089976698300017746,CITES,1998
10.1109/TPAMI.2013.50,10.1016/S0042-6989(97)00169-7,CITES,1997
10.1109/TPAMI.2013.50,10.1016/S0042-6989(97)00121-1,CITES,1997
10.1109/TPAMI.2013.50,10.1038/381607A0,CITES,1996
10.1109/TPAMI.2013.50,10.1016/0165-1684(94)90029-9,CITES,1994
10.1109/TPAMI.2013.50,10.1109/72.279181,CITES,1994
10.1109/TPAMI.2013.50,10.1142/S0218001493000327,CITES,1993
10.1109/TPAMI.2013.50,10.1162/neco.1993.5.2.267,CITES,1993
10.1109/TPAMI.2013.50,10.1016/0004-3702(92)90065-6,CITES,1992
10.1109/TPAMI.2013.50,10.21236/ada259735,CITES,1992
10.1109/TPAMI.2013.50,10.1038/355161A0,CITES,1992
10.1109/TPAMI.2013.50,10.1016/0004-3702(90)90005-K,CITES,1990
10.1109/TPAMI.2013.50,10.1007/BF01272517,CITES,1990
10.1109/TPAMI.2013.50,10.1162/neco.1989.1.4.541,CITES,1989
10.1109/TPAMI.2013.50,10.1007/BF00332918,CITES,1988
10.1109/TPAMI.2013.50,10.1145/12130.12132,CITES,1986
10.1109/TPAMI.2013.50,10.1080/01621459.1981.10477729,CITES,1981
10.1109/TPAMI.2013.50,10.1007/BF00344251,CITES,1980
10.1109/TPAMI.2013.50,10.1111/J.2517-6161.1977.TB01600.X,CITES,1977
10.1109/TPAMI.2013.50,10.2307/2987782,CITES,1975
10.1109/TPAMI.2013.50,10.1113/jphysiol.1959.sp006308,CITES,1959
10.1109/TPAMI.2013.50,10.1080/14786440109462720,CITES,1901
10.1109/TPAMI.2013.50,10.1109/TASL.2012.2215599,CITES,2013
10.1109/TPAMI.2013.50,10.1007/978-3-642-35289-8_3,CITES,2012
10.1109/TPAMI.2013.50,10.1007/978-3-642-35289-8_32,CITES,2012
10.1109/TPAMI.2013.50,10.1109/TASL.2011.2109382,CITES,2012
10.1109/TPAMI.2013.50,10.1017/CBO9781139042918.020,CITES,2011
10.1109/TPAMI.2013.50,10.14288/1.0051929,CITES,2010
10.1109/TPAMI.2013.50,10.1561/2200000006,CITES,2009
10.1109/TPAMI.2013.50,10.1152/JN.00149.2003,CITES,2004
10.1109/TPAMI.2013.50,10.1007/3-540-49430-8,CITES,2002
10.1109/TPAMI.2013.50,10.1111/1467-9868.00196,CITES,1999
10.1109/TPAMI.2013.50,10.1109/5.726791,CITES,1998
10.1109/TPAMI.2013.50,10.1007/978-3-642-77281-8_26,CITES,1995
10.1109/TPAMI.2013.50,10.1007/978-3-642-82657-3_24,CITES,1986
10.1109/TPAMI.2013.50,10.1016/0031-3203(82)90024-3,CITES,1982
10.1109/TPAMI.2013.50,10.1037/H0071325,CITES,1933
10.1016/j.knosys.2018.03.022,10.1145/2020408.2020566,CITES,2011
10.1145/2020408.2020566,10.1145/988672.988752,CITES,2004
10.1145/2020408.2020566,10.1016/0378-8733(92)90015-Y,CITES,1992
10.1145/2020408.2020566,10.14778/1687627.1687711,CITES,2009
10.1145/2020408.2020566,10.1109/ICDM.2008.30,CITES,2008
10.1145/2020408.2020566,10.1145/1014052.1014068,CITES,2004
10.1145/2020408.2020566,10.1109/ICDM.2009.142,CITES,2009
10.1145/2020408.2020566,10.1007/s10618-008-0106-1,CITES,2008
10.1145/2020408.2020566,10.1080/0022250X.1971.9989788,CITES,1971
10.1145/2020408.2020566,10.1145/1376616.1376661,CITES,2008
10.1145/2020408.2020566,10.1089/cmb.2008.11TT,CITES,2009
10.1145/2020408.2020566,10.1145/1376616.1376675,CITES,2008
10.1145/2020408.2020566,10.1007/978-3-642-13062-5_21,CITES,2010
10.1145/2020408.2020566,10.1016/0031-3203(80)90066-7,CITES,1980
10.1145/2020408.2020566,10.1109/ICDE.2010.5447830,CITES,2010
10.1016/j.knosys.2018.03.022,10.1016/j.patcog.2010.11.015,CITES,2011
10.1016/j.patcog.2010.11.015,10.1142/0580,CITES,1990
10.1016/j.patcog.2010.11.015,10.1142/S0218001404003228,CITES,2004
10.1016/j.patcog.2010.11.015,10.1109/34.824820,CITES,2000
10.1016/j.patcog.2010.11.015,10.1007/978-1-84628-726-8,CITES,2007
10.1016/j.patcog.2010.11.015,10.1007/978-3-540-76280-5,CITES,2008
10.1016/j.patcog.2010.11.015,10.1142/S0218001490000022,CITES,1990
10.1016/j.patcog.2010.11.015,10.1109/34.954603,CITES,2001
10.1016/j.patcog.2010.11.015,10.1142/S0218001404003204,CITES,2004
10.1016/j.patcog.2010.11.015,10.1007/BF02249935,CITES,1982
10.1016/j.patcog.2010.11.015,10.1016/0031-3203(91)90029-5,CITES,1991
10.1016/j.patcog.2010.11.015,10.1109/34.236243,CITES,1993
10.1016/j.patcog.2010.11.015,10.1016/S0262-8856(97)00066-8,CITES,1998
10.1016/j.patcog.2010.11.015,10.1109/34.277592,CITES,1994
10.1016/j.patcog.2010.11.015,10.1109/34.406657,CITES,1995
10.1016/j.patcog.2010.11.015,10.1016/S0167-8655(03)00017-5,CITES,2003
10.1016/j.patcog.2010.11.015,10.1007/s10032-003-0106-z,CITES,2003
10.1016/j.patcog.2010.11.015,10.1109/34.385976,CITES,1995
10.1016/j.patcog.2010.11.015,10.1016/0020-0190(77)90064-3,CITES,1977
10.1016/j.patcog.2010.11.015,10.1002/0470073047,CITES,2006
10.1016/j.patcog.2010.11.015,10.1142/S0218001404003241,CITES,2004
10.1016/j.patcog.2010.11.015,10.1145/959242.959248,CITES,2003
10.1016/j.patcog.2010.11.015,10.1093/bioinformatics/bti1007,CITES,2005
10.1016/j.patcog.2010.11.015,10.1016/j.neunet.2005.07.009,CITES,2005
10.1016/j.patcog.2010.11.015,10.1021/ci050039t,CITES,2005
10.1016/j.patcog.2010.11.015,10.1016/S0031-3203(03)00084-0,CITES,2003
10.1016/j.patcog.2010.11.015,10.1142/S0218001404003186,CITES,2004
10.1016/j.patcog.2010.11.015,10.1109/TPAMI.2005.145,CITES,2005
10.1016/j.patcog.2010.11.015,10.1016/j.patcog.2006.05.031,CITES,2007
10.1016/j.patcog.2010.11.015,10.1109/34.954602,CITES,2001
10.1016/j.patcog.2010.11.015,10.1142/S021800140900748X,CITES,2009
10.1016/j.patcog.2010.11.015,10.1016/0167-8655(83)90033-8,CITES,1983
10.1016/j.patcog.2010.11.015,10.1016/j.imavis.2008.04.004,CITES,2009
10.1016/j.patcog.2010.11.015,10.1109/TPAMI.2005.78,CITES,2005
10.1016/j.patcog.2010.11.015,10.1016/j.engappai.2008.04.006,CITES,2009
10.1016/j.patcog.2010.11.015,10.1109/34.954604,CITES,2001
10.1016/j.patcog.2010.11.015,10.1162/089976698300017467,CITES,1998
10.1016/j.knosys.2018.03.022,10.1038/NPRE.2011.5627.1,CITES,2011
10.1016/j.knosys.2018.03.022,10.1007/978-1-4419-8462-3_5,CITES,2011
10.1007/978-1-4419-8462-3_5,10.1145/1772690.1772756,CITES,2010
10.1007/978-1-4419-8462-3_5,10.1145/1718487.1718518,CITES,2010
10.1007/978-1-4419-8462-3_5,10.14778/1687627.1687709,CITES,2009
10.1007/978-1-4419-8462-3_5,10.1145/1526709.1526781,CITES,2009
10.1007/978-1-4419-8462-3_5,10.1201/b17320-16,CITES,2008
10.1007/978-1-4419-8462-3_5,10.1145/1376916.1376928,CITES,2008
10.1007/978-1-4419-8462-3_5,10.1145/1388240.1388242,CITES,2008
10.1007/978-1-4419-8462-3_5,10.1145/1367497.1367618,CITES,2008
10.1007/978-1-4419-8462-3_5,10.1145/1348549.1348560,CITES,2007
10.1007/978-1-4419-8462-3_5,10.1145/1273496.1273503,CITES,2007
10.1007/978-1-4419-8462-3_5,10.1109/TIT.2005.850085,CITES,2005
10.1007/978-1-4419-8462-3_5,10.1007/978-1-4899-7687-1_100268,CITES,2003
10.1007/978-1-4419-8462-3_5,10.1145/775152.775191,CITES,2003
10.1007/978-1-4419-8462-3_5,10.1109/SFCS.2001.959929,CITES,2001
10.1007/978-1-4419-8462-3_5,10.1184/R1/6606860.V1,CITES,2001
10.1007/978-1-4419-8462-3_5,10.1109/SFFCS.1999.814572,CITES,1999
10.1007/978-1-4419-8462-3_5,10.1007/3-540-49543-6_29,CITES,1998
10.1007/978-1-4419-8462-3_5,10.1145/276304.276332,CITES,1998
10.1007/978-1-4419-8462-3_5,10.1109/CVPR.1997.609407,CITES,1997
10.1007/978-1-4419-8462-3_5,10.1007/s002240000092,CITES,1996
10.1007/978-1-4419-8462-3_5,10.1086/jar.33.4.3629752,CITES,1977
10.1007/978-1-4419-8462-3_5,10.1145/1327452.1327492,CITES,2008
10.1007/978-1-4419-8462-3_5,10.21236/ada452802,CITES,2003
10.1007/978-1-4419-8462-3_5,10.2307/2008552,CITES,1983
10.1016/j.knosys.2018.03.022,10.1016/j.physa.2010.11.027,CITES,2010
10.1016/j.physa.2010.11.027,10.1016/j.patcog.2010.11.019,CITES,2011
10.1016/j.physa.2010.11.027,10.1016/j.physa.2012.06.003,CITES,2011
10.1016/j.physa.2010.11.027,10.7498/aps.60.038901,CITES,2011
10.1016/j.physa.2010.11.027,10.1142/S0129183110015786,CITES,2010
10.1016/j.physa.2010.11.027,10.1016/J.PHPRO.2010.07.019,CITES,2010
10.1016/j.physa.2010.11.027,10.1016/J.PHPRO.2010.07.033,CITES,2010
10.1016/j.physa.2010.11.027,10.1145/1835804.1835855,CITES,2010
10.1016/j.physa.2010.11.027,10.1016/J.PHYSA.2010.03.006,CITES,2010
10.1016/j.physa.2010.11.027,10.1007/978-3-642-14049-5_39,CITES,2010
10.1016/j.physa.2010.11.027,10.1109/TPAMI.2009.78,CITES,2010
10.1016/j.physa.2010.11.027,10.1016/j.eswa.2012.03.025,CITES,2010
10.1016/j.physa.2010.11.027,10.1073/pnas.1004008107,CITES,2010
10.1016/j.physa.2010.11.027,10.1145/1772690.1772756,CITES,2010
10.1016/j.physa.2010.11.027,10.1142/S012918311001549X,CITES,2010
10.1016/j.physa.2010.11.027,10.1209/0295-5075/89/58007,CITES,2010
10.1016/j.physa.2010.11.027,10.1098/rsif.2009.0495,CITES,2010
10.1016/j.physa.2010.11.027,10.1073/pnas.0908366106,CITES,2009
10.1016/j.physa.2010.11.027,10.1209/0295-5075/88/68008,CITES,2009
10.1016/j.physa.2010.11.027,10.1103/PHYSREVE.80.046122,CITES,2009
10.1016/j.physa.2010.11.027,10.1209/0295-5075/90/48006,CITES,2009
10.1016/j.physa.2010.11.027,10.1016/J.PHYSA.2009.03.026,CITES,2009
10.1016/j.physa.2010.11.027,10.1145/1731011.1731020,CITES,2009
10.1016/j.physa.2010.11.027,10.1103/PhysRevLett.103.198701,CITES,2009
10.1016/j.physa.2010.11.027,10.1145/1526709.1526809,CITES,2009
10.1016/j.physa.2010.11.027,10.1016/j.physa.2009.08.036,CITES,2009
10.1016/j.physa.2010.11.027,10.1287/ijoc.1080.0292,CITES,2009
10.1016/j.physa.2010.11.027,10.1140/EPJB/E2009-00335-8,CITES,2009
10.1016/j.physa.2010.11.027,10.1103/PhysRevE.80.036115,CITES,2008
10.1016/j.physa.2010.11.027,10.1073/pnas.0811511106,CITES,2008
10.1016/j.physa.2010.11.027,10.1103/PhysRevLett.103.108701,CITES,2008
10.1016/j.physa.2010.11.027,10.1145/1401890.1401925,CITES,2008
10.1016/j.physa.2010.11.027,10.1007/978-3-642-14929-0_6,CITES,2008
10.1016/j.physa.2010.11.027,10.1073/pnas.1000488107,CITES,2008
10.1016/j.physa.2010.11.027,10.1103/PhysRevE.80.017101,CITES,2008
10.1016/j.physa.2010.11.027,10.1016/j.physrep.2008.09.002,CITES,2008
10.1016/j.physa.2010.11.027,10.1073/pnas.0802459105,CITES,2008
10.1016/j.physa.2010.11.027,10.1073/pnas.0708078105,CITES,2008
10.1016/j.physa.2010.11.027,10.1038/nature06830,CITES,2008
10.1016/j.physa.2010.11.027,10.1038/453047a,CITES,2008
10.1016/j.physa.2010.11.027,10.1177/003804070808100202,CITES,2008
10.1016/j.physa.2010.11.027,10.1145/1353343.1353424,CITES,2008
10.1016/j.physa.2010.11.027,10.1016/j.physa.2008.05.014,CITES,2008
10.1016/j.physa.2010.11.027,10.1109/WI.2007.71,CITES,2007
10.1016/j.physa.2010.11.027,10.1103/PHYSREVE.76.046115,CITES,2007
10.1016/j.physa.2010.11.027,10.1209/0295-5075/81/48005,CITES,2007
10.1016/j.physa.2010.11.027,10.1140/epjb/e2007-00340-y,CITES,2007
10.1016/j.physa.2010.11.027,10.1103/PHYSREVE.76.017101,CITES,2007
10.1016/j.physa.2010.11.027,10.1038/nrg2102,CITES,2007
10.1016/j.physa.2010.11.027,10.5555/1390681.1442798,CITES,2007
10.1016/j.physa.2010.11.027,10.1073/pnas.0703740104,CITES,2007
10.1016/j.physa.2010.11.027,10.5555/1314498.1314522,CITES,2007
10.1016/j.physa.2010.11.027,10.1038/nphys489,CITES,2007
10.1016/j.physa.2010.11.027,10.7498/aps.56.106,CITES,2007
10.1016/j.physa.2010.11.027,10.1109/ICDM.2006.70,CITES,2006
10.1016/j.physa.2010.11.027,10.1109/ICDM.2006.18,CITES,2006
10.1016/j.physa.2010.11.027,10.1103/PHYSREVLETT.97.238103,CITES,2006
10.1016/j.physa.2010.11.027,10.7551/mitpress/7503.003.0199,CITES,2006
10.1016/j.physa.2010.11.027,10.1103/PHYSREVE.74.047102,CITES,2006
10.1016/j.physa.2010.11.027,10.1109/ICSMC.2006.384552,CITES,2006
10.1016/j.physa.2010.11.027,10.1103/PhysRevE.74.036104,CITES,2006
10.1016/j.physa.2010.11.027,10.1049/iet-syb:20060077,CITES,2006
10.1016/j.physa.2010.11.027,10.1103/PhysRevE.75.021102,CITES,2006
10.1016/j.physa.2010.11.027,10.1103/PhysRevE.76.037102,CITES,2006
10.1016/j.physa.2010.11.027,10.1038/nphys209,CITES,2006
10.1016/j.physa.2010.11.027,10.1073/pnas.0701175104,CITES,2006
10.1016/j.physa.2010.11.027,10.1016/j.physa.2007.11.005,CITES,2005
10.1016/j.physa.2010.11.027,10.1145/1117454.1117456,CITES,2005
10.1016/j.physa.2010.11.027,10.1145/1117454.1117458,CITES,2005
10.1016/j.physa.2010.11.027,10.1103/PhysRevE.73.026120,CITES,2005
10.1016/j.physa.2010.11.027,10.1126/SCIENCE.1115493,CITES,2005
10.1016/j.physa.2010.11.027,10.1080/10020070612330019,CITES,2005
10.1016/j.physa.2010.11.027,10.1145/1102351.1102478,CITES,2005
10.1016/j.physa.2010.11.027,10.1145/1065385.1065415,CITES,2005
10.1016/j.physa.2010.11.027,10.1103/PhysRevE.73.046108,CITES,2005
10.1016/j.physa.2010.11.027,10.1080/00018730601170527,CITES,2005
10.1016/j.physa.2010.11.027,10.1098/rsif.2005.0046,CITES,2005
10.1016/j.physa.2010.11.027,10.1140/epjb/e2006-00046-8,CITES,2004
10.1016/j.physa.2010.11.027,10.1103/PhysRevE.70.056131,CITES,2004
10.1016/j.physa.2010.11.027,10.1145/988672.988727,CITES,2004
10.1016/j.physa.2010.11.027,10.1140/epjb/e2005-00065-y,CITES,2004
10.1016/j.physa.2010.11.027,10.1103/PhysRevE.70.066108,CITES,2004
10.1016/j.physa.2010.11.027,10.1073/pnas.0407994102,CITES,2005
10.1016/j.physa.2010.11.027,10.1145/956863.956972,CITES,2003
10.1016/j.physa.2010.11.027,10.1186/gb-2003-4-9-r54,CITES,2003
10.1016/j.physa.2010.11.027,10.1109/LCOMM.2004.823426,CITES,2003
10.1016/j.physa.2010.11.027,10.1103/PhysRevE.69.026113,CITES,2003
10.1016/j.physa.2010.11.027,10.1016/S0378-8733(03)00009-1,CITES,2003
10.1016/j.physa.2010.11.027,10.1007/s00265-003-0651-y,CITES,2003
10.1016/j.physa.2010.11.027,10.1016/j.socnet.2005.07.002,CITES,2003
10.1016/j.physa.2010.11.027,10.1103/PhysRevE.68.047103,CITES,2003
10.1016/j.physa.2010.11.027,10.1016/S0378-8733(02)00038-2,CITES,2003
10.1016/j.physa.2010.11.027,10.1137/S003614450342480,CITES,2003
10.1016/j.physa.2010.11.027,10.1103/PHYSREVLETT.89.258702,CITES,2002
10.1016/j.physa.2010.11.027,10.1023/A:1021240730564,CITES,2002
10.1016/j.physa.2010.11.027,10.1109/TNET.2003.822655,CITES,2002
10.1016/j.physa.2010.11.027,10.1103/PhysRevE.67.026126,CITES,2002
10.1016/j.physa.2010.11.027,10.1126/science.1073374,CITES,2002
10.1016/j.physa.2010.11.027,10.1145/775047.775126,CITES,2002
10.1016/j.physa.2010.11.027,10.1103/PhysRevLett.89.248701,CITES,2002
10.1016/j.physa.2010.11.027,10.1037/1082-989X.7.2.147,CITES,2002
10.1016/j.physa.2010.11.027,10.1038/nature750,CITES,2002
10.1016/j.physa.2010.11.027,10.1103/PhysRevLett.89.208701,CITES,2002
10.1016/j.physa.2010.11.027,10.1002/3527602755.CH5,CITES,2002
10.1016/j.physa.2010.11.027,10.1209/epl/i2002-00248-2,CITES,2002
10.1016/j.physa.2010.11.027,10.1016/S0968-090X(01)00004-3,CITES,2002
10.1016/j.physa.2010.11.027,10.1103/PhysRevE.65.056109,CITES,2002
10.1016/j.physa.2010.11.027,10.1111/1467-9876.00101,CITES,2002
10.1016/j.physa.2010.11.027,10.1103/PhysRevE.65.066130,CITES,2001
10.1016/j.physa.2010.11.027,10.1103/PhysRevLett.89.054101,CITES,2001
10.1016/j.physa.2010.11.027,10.1073/pnas.122653799,CITES,2002
10.1016/j.physa.2010.11.027,10.1080/00018730110112519,CITES,2001
10.1016/j.physa.2010.11.027,10.1103/RevModPhys.74.47,CITES,2002
10.1016/j.physa.2010.11.027,10.1103/PhysRevLett.87.258701,CITES,2001
10.1016/j.physa.2010.11.027,10.1103/PhysRevE.64.025102,CITES,2001
10.1016/j.physa.2010.11.027,10.1007/978-3-642-96483-1,CITES,1999
10.1016/j.physa.2010.11.027,10.1038/30918,CITES,1998
10.1016/j.physa.2010.11.027,10.1016/S0169-7552(98)00110-X,CITES,1998
10.1016/j.physa.2010.11.027,10.2307/5850,CITES,1995
10.1016/j.physa.2010.11.027,10.1002/RSA.3240060204,CITES,1995
10.1016/j.physa.2010.11.027,10.1080/00401706.1995.10485905,CITES,1995
10.1016/j.physa.2010.11.027,10.1613/JAIR.62,CITES,1994
10.1016/j.physa.2010.11.027,10.1023/A:1022623210503,CITES,1994
10.1016/j.physa.2010.11.027,10.2307/1403680,CITES,1992
10.1016/j.physa.2010.11.027,10.1080/00031305.1992.10475878,CITES,1992
10.1016/j.physa.2010.11.027,10.5860/choice.27-0351,CITES,1989
10.1016/j.physa.2010.11.027,10.1098/RSTB.1986.0056,CITES,1986
10.1016/j.physa.2010.11.027,10.1016/0378-8733(83)90025-4,CITES,1983
10.1016/j.physa.2010.11.027,10.1016/0378-8733(83)90021-7,CITES,1983
10.1016/j.physa.2010.11.027,10.1148/RADIOLOGY.143.1.7063747,CITES,1982
10.1016/j.physa.2010.11.027,10.1086/jar.33.4.3629752,CITES,1977
10.1016/j.physa.2010.11.027,10.1086/226141,CITES,1976
10.1016/j.physa.2010.11.027,10.1017/CBO9780511753978.002,CITES,1969
10.1016/j.physa.2010.11.027,10.2307/2343943,CITES,1964
10.1016/j.physa.2010.11.027,10.1007/BF02289026,CITES,1953
10.1016/j.physa.2010.11.027,10.1214/AOMS/1177730491,CITES,1947
10.1016/j.physa.2010.11.027,10.1007/978-1-4612-4380-9_16,CITES,1945
10.1016/j.physa.2010.11.027,10.1002/9781118150719.p2,CITES,2012
10.1016/j.physa.2010.11.027,10.1007/978-1-4419-9887-3_3,CITES,2011
10.1016/j.physa.2010.11.027,10.1209/0295-5075/89/18001,CITES,2010
10.1016/j.physa.2010.11.027,10.1155/2009/421425,CITES,2009
10.1016/j.physa.2010.11.027,10.1007/978-1-4020-5468-6_3,CITES,2005
10.1016/j.physa.2010.11.027,10.1017/CBO9780511584176.005,CITES,2005
10.1016/j.physa.2010.11.027,10.1145/963770.963772,CITES,2004
10.1016/j.physa.2010.11.027,10.1023/A:1009804230409,CITES,2004
10.1016/j.physa.2010.11.027,10.1017/CBO9780511809682,CITES,2004
10.1016/j.physa.2010.11.027,10.1007/BF02883540,CITES,2003
10.1016/j.physa.2010.11.027,10.1109/ICTAI.2003.10009,CITES,2003
10.1016/j.physa.2010.11.027,10.1515/9781400841356.349,CITES,1999
10.1016/j.physa.2010.11.027,10.2307/2983423,CITES,1995
10.1016/j.physa.2010.11.027,10.1007/BF01164627,CITES,1993
10.1016/j.physa.2010.11.027,10.1007/978-3-662-01154-6_1,CITES,1978
10.1016/j.physa.2010.11.027,10.5169/SEALS-266450,CITES,
10.1016/j.knosys.2018.03.022,10.1109/JPROC.2010.2044470,CITES,2010
10.1109/JPROC.2010.2044470,10.1109/ISCAS.1999.779928,CITES,
10.1109/JPROC.2010.2044470,10.1109/TIP.2009.2022459,CITES,2009
10.1109/JPROC.2010.2044470,10.1073/pnas.0437847100,CITES,2003
10.1109/JPROC.2010.2044470,10.1109/TIT.2006.871582,CITES,2006
10.1109/JPROC.2010.2044470,10.1109/CVPR.2009.5206547,CITES,2009
10.1109/JPROC.2010.2044470,10.1109/TIP.2006.881969,CITES,2006
10.1109/JPROC.2010.2044470,10.1109/TSP.2007.900760,CITES,2007
10.1109/JPROC.2010.2044470,10.1214/009053604000000067,CITES,2004
10.1109/JPROC.2010.2044470,10.1002/cpa.20132,CITES,2006
10.1109/JPROC.2010.2044470,10.1073/pnas.0437847100,CITES,2003
10.1109/JPROC.2010.2044470,10.1109/TIP.2009.2038764,CITES,2010
10.1109/JPROC.2010.2044470,10.1137/S1064827596304010,CITES,1998
10.1109/JPROC.2010.2044470,10.1002/cpa.20042,CITES,2004
10.1109/JPROC.2010.2044470,10.1109/TPAMI.2005.242,CITES,2005
10.1109/JPROC.2010.2044470,10.1109/TPAMI.2005.127,CITES,2005
10.1109/JPROC.2010.2044470,10.1109/TIP.2007.911828,CITES,2008
10.1109/JPROC.2010.2044470,10.1109/ICCV.2009.5459452,CITES,2009
10.1109/JPROC.2010.2044470,10.1109/CVPR.2008.4587652,CITES,2008
10.1109/JPROC.2010.2044470,10.1109/CVPR.2001.990477,CITES,
10.1109/JPROC.2010.2044470,10.1109/TPAMI.2005.92,CITES,2005
10.1109/JPROC.2010.2044470,10.1109/TSP.2006.881199,CITES,2006
10.1109/JPROC.2010.2044470,10.1364/AO.45.007382,CITES,2006
10.1109/JPROC.2010.2044470,10.1109/TPAMI.2006.64,CITES,2006
10.1109/JPROC.2010.2044470,10.1364/OE.16.001764,CITES,2008
10.1109/JPROC.2010.2044470,10.1007/978-1-4757-1904-8,CITES,1986
10.1109/JPROC.2010.2044470,10.1364/AO.47.000B21,CITES,2008
10.1109/JPROC.2010.2044470,10.1109/TPAMI.2003.1177153,CITES,2003
10.1109/JPROC.2010.2044470,10.1137/070698920,CITES,2008
10.1109/JPROC.2010.2044470,10.1109/34.291440,CITES,1994
10.1109/JPROC.2010.2044470,10.1155/2009/403689,CITES,2009
10.1109/JPROC.2010.2044470,10.1109/34.927464,CITES,2001
10.1109/JPROC.2010.2044470,10.1109/TIT.2003.820031,CITES,2003
10.1109/JPROC.2010.2044470,10.1109/EEEI.2008.4736653,CITES,2008
10.1109/JPROC.2010.2044470,10.1109/TSP.2007.911494,CITES,2008
10.1109/JPROC.2010.2044470,10.1126/science.290.5500.2323,CITES,2000
10.1109/JPROC.2010.2044470,10.1126/science.290.5500.2319,CITES,2000
10.1109/JPROC.2010.2044470,10.1109/34.868688,CITES,2000
10.1109/JPROC.2010.2044470,10.1111/j.2517-6161.1996.tb02080.x,CITES,1996
10.1109/JPROC.2010.2044470,10.1162/15324430152748236,CITES,2000
10.1109/JPROC.2010.2044470,10.1137/070697653,CITES,2008
10.1109/JPROC.2010.2044470,10.1109/CVPR.2009.5206657,CITES,2009
10.1109/JPROC.2010.2044470,10.1016/S0042-6989(97)00169-7,CITES,1997
10.1109/JPROC.2010.2044470,10.1109/CVPR.2008.4587637,CITES,2008
10.1109/JPROC.2010.2044470,10.1145/1273496.1273592,CITES,2007
10.1109/JPROC.2010.2044470,10.1109/CVPR.2008.4587437,CITES,2008
10.1109/JPROC.2010.2044470,10.1109/CVPR.2003.1211497,CITES,
10.1109/JPROC.2010.2044470,10.1145/954339.954342,CITES,2003
10.1109/JPROC.2010.2044470,10.1198/016214506000000735,CITES,2006
10.1109/JPROC.2010.2044470,10.1109/34.598228,CITES,1997
10.1109/JPROC.2010.2044470,10.1162/089976603321780317,CITES,2003
10.1109/JPROC.2010.2044470,10.1137/060657704,CITES,2009
10.1109/JPROC.2010.2044470,10.1016/j.jvcir.2008.03.001,CITES,2008
10.1109/JPROC.2010.2044470,10.1137/040616024,CITES,2005
10.1109/JPROC.2010.2044470,10.1109/CVPR.1991.139758,CITES,
10.1109/JPROC.2010.2044470,10.1109/TIT.2005.858979,CITES,2005
10.1109/JPROC.2010.2044470,10.1109/TIT.2004.834793,CITES,2004
10.1109/JPROC.2010.2044470,10.1007/s00041-008-9045-x,CITES,2008
10.1109/JPROC.2010.2044470,10.1109/CVPR.2009.5206654,CITES,2009
10.1109/JPROC.2010.2044470,10.21236/ADA633835,CITES,2009
10.1109/JPROC.2010.2044470,10.1109/TPAMI.2007.250598,CITES,2007
10.1109/JPROC.2010.2044470,10.1109/TPAMI.2008.79,CITES,2009
10.1109/JPROC.2010.2044470,10.1137/1.9781611972795.68,CITES,2009
10.1016/j.knosys.2018.03.022,10.1145/1645953.1646094,CITES,2009
10.1145/1645953.1646094,10.1145/361002.361007,CITES,1975
10.1145/1645953.1646094,10.1145/1056808.1056919,CITES,2005
10.1145/1645953.1646094,10.1007/s10115-005-0210-0,CITES,2006
10.1145/1645953.1646094,10.1109/TPAMI.2002.1017616,CITES,2002
10.1145/1645953.1646094,10.21236/ADA452802,CITES,2003
10.1145/1645953.1646094,10.1146/annurev.soc.27.1.415,CITES,2001
10.1145/1645953.1646094,10.1145/1090193.1090201,CITES,2005
10.1145/1645953.1646094,10.1080/00107510500052444,CITES,2005
10.1145/1645953.1646094,10.1103/PhysRevE.74.036104,CITES,2006
10.1145/1645953.1646094,10.1145/882082.882087,CITES,2003
10.1145/1645953.1646094,10.1162/089976600300015853,CITES,2000
10.1145/1645953.1646094,10.1145/1557019.1557109,CITES,2009
10.1145/1645953.1646094,10.1145/1401890.1401972,CITES,2008
10.1145/1645953.1646094,10.1145/1526709.1526738,CITES,2009
10.1016/j.knosys.2018.03.022,10.14778/1687627.1687709,CITES,2009
10.14778/1687627.1687709,10.1145/276304.276314,CITES,1998
10.14778/1687627.1687709,10.1145/1134271.1134280,CITES,2005
10.14778/1687627.1687709,10.1145/1014052.1014068,CITES,2004
10.14778/1687627.1687709,10.1145/276627.276652,CITES,1998
10.14778/1687627.1687709,10.1145/312624.312649,CITES,1999
10.14778/1687627.1687709,10.1145/775047.775126,CITES,2002
10.14778/1687627.1687709,10.1109/ICDM.2008.112,CITES,2008
10.14778/1687627.1687709,10.1145/1376616.1376661,CITES,2008
10.14778/1687627.1687709,10.1103/PhysRevE.69.026113,CITES,2003
10.14778/1687627.1687709,10.7155/jgaa.00124,CITES,2006
10.14778/1687627.1687709,10.1109/34.868688,CITES,2000
10.14778/1687627.1687709,10.1145/1281192.1281266,CITES,2007
10.14778/1687627.1687709,10.1145/1516360.1516426,CITES,2009
10.14778/1687627.1687709,10.1145/1376616.1376675,CITES,2008
10.14778/1687627.1687709,10.1145/1150402.1150448,CITES,2006
10.14778/1687627.1687709,10.1109/ICDM.2006.70,CITES,2006
10.14778/1687627.1687709,10.1016/j.csda.2008.03.002,CITES,2008
10.14778/1687627.1687709,10.1145/1281192.1281280,CITES,2007
10.14778/1687627.1687709,10.1145/1014052.1014150,CITES,2004
10.1016/j.knosys.2018.03.022,10.1145/1557019.1557109,CITES,2009
10.1145/1557019.1557109,10.1145/1132952.1132954,CITES,2006
10.1145/1557019.1557109,10.1145/276304.276332,CITES,1998
10.1145/1557019.1557109,10.1137/1.9781611972788.37,CITES,2008
10.1145/1557019.1557109,10.1088/1742-5468/2005/09/P09008,CITES,2005
10.1145/1557019.1557109,10.1145/1401890.1401925,CITES,2008
10.1145/1557019.1557109,10.1111/j.1467-985X.2007.00471.x,CITES,2007
10.1145/1557019.1557109,10.1198/016214502388618906,CITES,2002
10.1145/1557019.1557109,10.1145/956750.956816,CITES,2003
10.1145/1557019.1557109,10.1145/1014052.1014125,CITES,2004
10.1145/1557019.1557109,10.1137/S1064827595287997,CITES,1998
10.1145/1557019.1557109,10.21236/ADA452802,CITES,2003
10.1145/1557019.1557109,10.1146/annurev.soc.27.1.415,CITES,2001
10.1145/1557019.1557109,10.1145/1090193.1090201,CITES,2005
10.1145/1557019.1557109,10.1145/956750.956830,CITES,2003
10.1145/1557019.1557109,10.1103/PhysRevE.74.036104,CITES,2006
10.1145/1557019.1557109,10.1073/pnas.0601602103,CITES,2006
10.1145/1557019.1557109,10.1103/PhysRevE.69.026113,CITES,2003
10.1145/1557019.1557109,10.1198/016214501753208735,CITES,2001
10.1145/1557019.1557109,10.1145/1117454.1117459,CITES,2005
10.1145/1557019.1557109,10.1145/1324172.1324173,CITES,2008
10.1145/1557019.1557109,10.1145/1401890.1401972,CITES,2008
10.1145/1557019.1557109,10.1145/1526709.1526738,CITES,2009
10.1145/1557019.1557109,10.2307/2786545,CITES,1969
10.1145/1557019.1557109,10.1145/1015330.1015341,CITES,2004
10.1145/1557019.1557109,10.1093/bioinformatics/bth906,CITES,2004
10.1145/1557019.1557109,10.1007/s11222-007-9033-z,CITES,2007
10.1016/j.knosys.2018.03.022,10.1145/1553374.1553494,CITES,2009
10.1145/1553374.1553494,10.1145/1007352.1007355,CITES,2004
10.1145/1553374.1553494,10.1162/089976603321780317,CITES,2003
10.1145/1553374.1553494,10.1145/1390156.1390195,CITES,2008
10.1145/1553374.1553494,10.1002/(SICI)1097-0037(199901)33:1<1::AID-NET1>3.0.CO;2-M,CITES,1999
10.1145/1553374.1553494,10.1126/science.290.5500.2323,CITES,2000
10.1145/1553374.1553494,10.1214/aos/1024691080,CITES,1998
10.1145/1553374.1553494,10.1126/science.290.5500.2319,CITES,2000
10.1016/j.knosys.2018.03.022,10.1109/CVPR.2008.4587665,CITES,2008
10.1109/CVPR.2008.4587665,10.1109/TPAMI.2007.250598,CITES,2007
10.1109/CVPR.2008.4587665,10.1109/CVPR.2007.382983,CITES,2007
10.1109/CVPR.2008.4587665,10.1109/CVPR.1991.139758,CITES,
10.1109/CVPR.2008.4587665,10.1109/CVPR.2001.990477,CITES,
10.1109/CVPR.2008.4587665,10.1109/34.908974,CITES,2001
10.1109/CVPR.2008.4587665,10.1109/34.598228,CITES,1997
10.1109/CVPR.2008.4587665,10.1109/TNN.2005.860852,CITES,2006
10.1109/CVPR.2008.4587665,10.1109/ICCV.2005.228,CITES,2005
10.1109/CVPR.2008.4587665,10.1038/44565,CITES,1999
10.1109/CVPR.2008.4587665,10.1109/TIFS.2007.902017,CITES,2007
10.1016/j.knosys.2018.03.022,10.1145/1376616.1376661,CITES,2008
10.1145/1376616.1376661,10.1137/S0036144502415960,CITES,2004
10.1145/1376616.1376661,10.1145/988672.988752,CITES,2004
10.1145/1376616.1376661,10.1145/872757.872838,CITES,2003
10.1145/1376616.1376661,10.1145/1081870.1081948,CITES,2005
10.1145/1376616.1376661,10.1145/800061.808776,CITES,1983
10.1145/1376616.1376661,10.1145/253260.253291,CITES,1997
10.1145/1376616.1376661,10.1145/1298306.1298349,CITES,2007
10.1145/1376616.1376661,10.1137/S1064827595287997,CITES,1998
10.1145/1376616.1376661,10.1145/324133.324140,CITES,1999
10.1145/1376616.1376661,10.1145/1166074.1166082,CITES,2006
10.1145/1376616.1376661,10.1016/0005-1098(78)90005-5,CITES,1978
10.1145/1376616.1376661,10.1101/gr.1239303,CITES,2003
10.1016/j.knosys.2018.03.022,10.1145/1376616.1376675,CITES,2008
10.1145/1376616.1376675,10.1145/1134271.1134277,CITES,2005
10.1145/1376616.1376675,10.1145/988672.988752,CITES,2004
10.1145/1376616.1376675,10.1145/1132952.1132954,CITES,2006
10.1145/1376616.1376675,10.1016/j.ijhcs.2006.11.002,CITES,2007
10.1145/1376616.1376675,10.1137/1.9781611972740.43,CITES,2004
10.1145/1376616.1376675,10.1145/321556.321562,CITES,1970
10.1145/1376616.1376675,10.1109/2945.841119,CITES,2000
10.1145/1376616.1376675,10.1145/1014052.1014123,CITES,2004
10.1145/1376616.1376675,10.1137/S003614450342480,CITES,2003
10.1145/1376616.1376675,10.1103/PhysRevE.69.026113,CITES,2003
10.1145/1376616.1376675,10.1002/1097-0037(200103)37:2<67::AID-NET1>3.0.CO;2-9,CITES,2001
10.1145/1376616.1376675,10.1109/ISM.2006.143,CITES,2006
10.1145/1376616.1376675,10.1145/1066157.1066273,CITES,2005
10.1145/1376616.1376675,10.1145/959242.959249,CITES,2003
10.1145/1376616.1376675,10.1016/0378-8733(83)90025-4,CITES,1983
10.1145/1376616.1376675,10.1145/1281192.1281280,CITES,2007
10.1016/j.knosys.2018.03.022,10.1038/nature06830,CITES,2008
10.1038/nature06830,10.1073/pnas.0703740104,CITES,2007
10.1038/nature06830,10.1073/pnas.0609023104,CITES,2007
10.1038/nature06830,10.1049/iet-syb:20060077,CITES,2006
10.1038/nature06830,10.1038/nature03607,CITES,2005
10.1038/nature06830,10.1088/1478-3975/2/2/S01,CITES,2005
10.1038/nature06830,10.1038/nature03288,CITES,2005
10.1038/nature06830,10.1103/PhysRevE.70.066111,CITES,2004
10.1038/nature06830,10.1088/1478-3975/1/2/e01,CITES,2004
10.1038/nature06830,10.1103/PhysRevLett.94.018701,CITES,2003
10.1038/nature06830,10.1038/nature02115,CITES,2003
10.1038/nature06830,10.1145/956863.956972,CITES,2003
10.1038/nature06830,10.1073/pnas.0400054101,CITES,2004
10.1038/nature06830,10.1016/S0022-2836(03)00239-0,CITES,2003
10.1038/nature06830,10.1137/S003614450342480,CITES,2003
10.1038/nature06830,10.1017/cbo9780511800528.013,CITES,2003
10.1038/nature06830,10.1073/pnas.192407699,CITES,2002
10.1038/nature06830,10.1126/science.1073374,CITES,2002
10.1038/nature06830,10.1103/PhysRevLett.89.208701,CITES,2002
10.1038/nature06830,10.1126/science.1070120,CITES,2002
10.1038/nature06830,10.1073/pnas.122653799,CITES,2002
10.1038/nature06830,10.1109/SFCS.2001.959929,CITES,2001
10.1038/nature06830,10.1103/RevModPhys.74.47,CITES,2002
10.1038/nature06830,10.1073/pnas.061034498,CITES,2001
10.1038/nature06830,10.1007/978-3-642-96483-1,CITES,1999
10.1038/nature06830,10.1890/0012-9658(1999)080[1044:EOSEOC]2.0.CO;2,CITES,1999
10.1038/nature06830,10.2307/5850,CITES,1995
10.1038/nature06830,10.1002/RSA.3240060204,CITES,1995
10.1038/nature06830,10.1177/0038038588022001007,CITES,1988
10.1038/nature06830,10.1148/RADIOLOGY.143.1.7063747,CITES,1982
10.1038/nature06830,10.2307/2256397,CITES,1974
10.1038/nature06830,10.2307/2343943,CITES,1964
10.1038/nature06830,10.1080/10256010008055158,CITES,1964
10.1038/nature06830,10.1177/0284185172012S31604,CITES,1938
10.1038/nature06830,10.1007/978-1-137-10325-3_25,CITES,2004
10.1038/nature06830,10.1007/978-0-387-84858-7,CITES,2009
10.1038/nature06830,10.2307/1269442,CITES,1990
10.1016/j.knosys.2018.03.022,10.1145/1367497.1367618,CITES,2008
10.1145/1367497.1367618,10.1109/TKDE.2005.99,CITES,2005
10.1145/1367497.1367618,10.1145/1273496.1273503,CITES,2007
10.1145/1367497.1367618,10.1016/S0169-7552(98)00110-X,CITES,1998
10.1145/1367497.1367618,10.1007/978-3-540-73499-4_41,CITES,
10.1145/1367497.1367618,10.1109/ICDE.2008.4497427,CITES,2008
10.1145/1367497.1367618,10.1023/B:MTAP.0000046380.27575.a5,CITES,2005
10.1016/j.knosys.2018.03.022,10.1093/nar/gkm1001,CITES,2007
10.1093/nar/gkm1001,10.1093/nar/gkn892,CITES,2008
10.1093/nar/gkm1001,10.1038/nmeth1098,CITES,2007
10.1093/nar/gkm1001,10.1038/nbt1324,CITES,2007
10.1093/nar/gkm1001,10.1371/journal.pbio.0050154,CITES,2007
10.1093/nar/gkm1001,10.1093/nar/gkl958,CITES,2006
10.1093/nar/gkm1001,10.1093/nar/gkl950,CITES,2006
10.1093/nar/gkm1001,10.1093/nar/gkl931,CITES,2006
10.1093/nar/gkm1001,10.1147/rd.506.0561,CITES,2006
10.1093/nar/gkm1001,10.1002/YEA.1421,CITES,2006
10.1093/nar/gkm1001,10.1371/JOURNAL.PBIO.0040317,CITES,2006
10.1093/nar/gkm1001,10.1038/nbt1222,CITES,2006
10.1093/nar/gkm1001,10.1186/jbiol36,CITES,2006
10.1093/nar/gkm1001,10.1038/nature04532,CITES,2006
10.1093/nar/gkm1001,10.1038/nature04670,CITES,2006
10.1093/nar/gkm1001,10.1093/nar/gkj109,CITES,2005
10.1093/nar/gkm1001,10.1186/1471-2105-6-29,CITES,2005
10.1093/nar/gkm1001,10.1371/journal.pbio.0020309,CITES,2004
10.1093/nar/gkm1001,10.1016/J.YMETH.2003.11.019,CITES,2004
10.1093/nar/gkm1001,10.1101/GR.1239303,CITES,2003
10.1093/nar/gkm1001,10.1002/pmic.200300496,CITES,2003
10.1093/nar/gkm1001,10.1186/gb-2003-4-3-r22,CITES,2003
10.1093/nar/gkm1001,10.1101/GR.403602,CITES,2002
10.1093/nar/gkm1001,10.1038/415180a,CITES,2002
10.1093/nar/gkm1001,10.1093/nar/gkj148,CITES,2006
10.1093/nar/gkm1001,10.1093/nar/gkh036,CITES,2004
10.1093/nar/gkm1001,10.1101/SQB.2003.68.431,CITES,2003
10.1093/nar/gkm1001,10.1093/NAR/GKG076,CITES,2003
10.1016/j.knosys.2018.03.022,10.1145/1281192.1281280,CITES,2007
10.1145/1281192.1281280,10.1017/CBO9780511815478,CITES,1994
10.1145/1281192.1281280,10.1038/43601,CITES,1999
10.1145/1281192.1281280,10.1109/34.868688,CITES,2000
10.1145/1281192.1281280,10.1038/nature03288,CITES,2005
10.1145/1281192.1281280,10.1145/502512.502525,CITES,2001
10.1145/1281192.1281280,10.1103/PhysRevE.69.026113,CITES,2003
10.1145/1281192.1281280,10.1103/PhysRevE.70.066111,CITES,2004
10.1145/1281192.1281280,10.1038/30918,CITES,1998
10.1145/1281192.1281280,10.1080/01621459.1971.10482356,CITES,1971
10.1145/1281192.1281280,10.1007/BF01908075,CITES,1985
10.1145/1281192.1281280,10.1207/s15327906mbr2104_5,CITES,1986
10.1145/1281192.1281280,10.5486/PMD.1959.6.3-4.12,CITES,2022
10.1145/1281192.1281280,10.1145/316188.316229,CITES,1999
10.1145/1281192.1281280,10.1038/nrg1272,CITES,2004
10.1016/j.knosys.2018.03.022,10.1145/1348549.1348560,CITES,2007
10.1145/1348549.1348560,10.1145/1134271.1134277,CITES,2005
10.1145/1348549.1348560,10.1145/276304.276332,CITES,1998
10.1145/1348549.1348560,10.1145/1242572.1242594,CITES,2007
10.1145/1348549.1348560,10.1145/276698.276876,CITES,1998
10.1145/1348549.1348560,10.21236/ADA452802,CITES,2003
10.1145/1348549.1348560,10.1146/annurev.soc.27.1.415,CITES,2001
10.1145/1348549.1348560,10.1145/956750.956830,CITES,2003
10.1145/1348549.1348560,10.1145/1150402.1150510,CITES,2006
10.1145/1348549.1348560,10.1145/1102351.1102482,CITES,2005
10.1016/j.knosys.2018.03.022,10.1145/1273496.1273503,CITES,2007
10.1145/1273496.1273503,10.1109/CVPR.2006.289,CITES,
10.1145/1273496.1273503,10.1162/089976603321780317,CITES,2003
10.1145/1273496.1273503,10.7551/mitpress/6173.003.0016,CITES,2006
10.1145/1273496.1273503,10.7551/mitpress/6173.003.0019,CITES,2006
10.1145/1273496.1273503,10.7551/mitpress/9780262033589.001.0001,CITES,2006
10.1145/1273496.1273503,10.1109/34.868688,CITES,2000
10.1145/1273496.1273503,10.1093/bioinformatics/bti497,CITES,2005
10.1145/1273496.1273503,10.7551/mitpress/6173.003.0018,CITES,2006
10.1016/j.knosys.2018.03.022,10.1007/978-3-540-72903-7_35,CITES,2007
10.1007/978-3-540-72903-7_35,10.1109/TNN.2005.860873,CITES,2006
10.1007/978-3-540-72903-7_35,10.1016/j.patcog.2005.06.012,CITES,2006
10.1007/978-3-540-72903-7_35,10.1007/11815921_31,CITES,2006
10.1007/978-3-540-72903-7_35,10.1016/0167-8655(83)90033-8,CITES,1983
10.1007/978-3-540-72903-7_35,10.1109/TSMC.1983.6313167,CITES,1983
10.1007/978-3-540-72903-7_35,10.1109/TSSC.1968.300136,CITES,1968
10.1007/978-3-540-72903-7_35,10.1109/TPAMI.2005.145,CITES,2005
10.1007/978-3-540-72903-7_35,10.1109/TPAMI.2003.1195989,CITES,2003
10.1007/978-3-540-72903-7_35,10.1109/TPAMI.2003.1251147,CITES,2003
10.1007/978-3-540-72903-7_35,10.1023/A:1009715923555,CITES,1998
10.1007/978-3-540-72903-7_35,10.1017/CBO9780511809682,CITES,2004
10.1007/978-3-540-72903-7_35,10.1007/11492542_19,CITES,2005
10.1007/978-3-540-72903-7_35,10.1007/11527923_20,CITES,2005
10.1016/j.knosys.2018.03.022,10.1109/TKDE.2007.46,CITES,2007
10.1109/TKDE.2007.46,10.1023/A:1002862312617,CITES,2001
10.1109/TKDE.2007.46,10.1002/047086799x,CITES,2002
10.1109/TKDE.2007.46,10.7551/mitpress/1120.003.0080,CITES,2002
10.1109/TKDE.2007.46,10.1162/089976603321780317,CITES,2003
10.1109/TKDE.2007.46,10.1007/978-1-4757-2711-1,CITES,1997
10.1109/TKDE.2007.46,10.1137/1.9781611972757.2,CITES,2005
10.1109/TKDE.2007.46,10.1137/1.9780898719048,CITES,2009
10.1109/TKDE.2007.46,10.1137/S1064827594262649,CITES,1997
10.1109/TKDE.2007.46,10.1145/73007.73062,CITES,1989
10.1109/TKDE.2007.46,10.1109/TSMCA.2003.818877,CITES,2004
10.1109/TKDE.2007.46,10.1090/cbms/092,CITES,1996
10.1109/TKDE.2007.46,10.5948/UPO9781614440222,CITES,1984
10.1109/TKDE.2007.46,10.1145/959242.959245,CITES,2003
10.1109/TKDE.2007.46,10.1145/1014052.1014068,CITES,2004
10.1109/TKDE.2007.46,10.21136/cmj.1975.101357,CITES,1975
10.1109/TKDE.2007.46,10.1109/WI.2005.9,CITES,
10.1109/TKDE.2007.46,10.1016/0304-4149(74)90001-5,CITES,1974
10.1109/TKDE.2007.46,10.1007/BF01896809,CITES,1986
10.1109/TKDE.2007.46,10.1137/1.9781611970937,CITES,1997
10.1109/TKDE.2007.46,10.1007/3-540-45294-X_3,CITES,2001
10.1109/TKDE.2007.46,10.1145/963770.963772,CITES,2004
10.1109/TKDE.2007.46,10.1016/j.aml.2004.07.034,CITES,2005
10.1109/TKDE.2007.46,10.1145/963770.963775,CITES,2004
10.1109/TKDE.2007.46,10.1145/502585.502627,CITES,2001
10.1109/TKDE.2007.46,10.1007/BF02289026,CITES,1953
10.1109/TKDE.2007.46,10.1007/BF01164627,CITES,1993
10.1109/TKDE.2007.46,10.1145/324133.324140,CITES,1999
10.1109/TKDE.2007.46,10.1137/1017044,CITES,1975
10.1109/TKDE.2007.46,10.1016/0012-365X(92)90288-Q,CITES,1992
10.1109/TKDE.2007.46,10.1016/j.socnet.2004.11.009,CITES,2003
10.1109/TKDE.2007.46,10.1017/CBO9780511810633,CITES,1997
10.1109/TKDE.2007.46,10.1007/3-540-36175-8_49,CITES,2003
10.1109/TKDE.2007.46,10.1137/0611030,CITES,1990
10.1109/TKDE.2007.46,10.1137/1.9780898718003,CITES,2003
10.1109/TKDE.2007.46,10.1007/978-3-540-30115-8_35,CITES,2004
10.1109/TKDE.2007.46,10.7551/mitpress/4175.001.0001,CITES,2001
10.1109/TKDE.2007.46,10.1017/CBO9780511809682,CITES,2004
10.1109/TKDE.2007.46,10.1109/34.868688,CITES,2000
10.1109/TKDE.2007.46,10.1007/978-3-540-45167-9_12,CITES,2003
10.1109/TKDE.2007.46,10.1017/CBO9780511815478,CITES,1994
10.1109/TKDE.2007.46,10.1145/956750.956782,CITES,2003
10.1109/TKDE.2007.46,10.1145/1102351.1102482,CITES,2005
10.1016/j.knosys.2018.03.022,10.7551/mitpress/7503.003.0199,CITES,2006
10.1016/j.knosys.2018.03.022,10.1145/1217299.1217301,CITES,2006
10.1145/1217299.1217301,10.1145/1217299.1217300,CITES,2007
10.1145/1217299.1217301,10.1145/1150402.1150479,CITES,2006
10.1145/1217299.1217301,10.1145/1132952.1132954,CITES,2006
10.1145/1217299.1217301,10.1126/SCIENCE.1116869,CITES,2006
10.1145/1217299.1217301,10.1007/11564126_17,CITES,2005
10.1145/1217299.1217301,10.1145/1134707.1134732,CITES,2005
10.1145/1217299.1217301,10.1080/00107510500052444,CITES,2005
10.1145/1217299.1217301,10.1145/1081870.1081893,CITES,2005
10.1145/1217299.1217301,10.1207/s15366359mea0301_3,CITES,2005
10.1145/1217299.1217301,10.1080/15427951.2005.10129111,CITES,2005
10.1145/1217299.1217301,10.1103/PhysRevE.71.036118,CITES,2004
10.1145/1217299.1217301,10.1063/1.1825279,CITES,2004
10.1145/1217299.1217301,10.1016/j.cag.2004.03.012,CITES,2004
10.1145/1217299.1217301,10.1145/988672.988674,CITES,2004
10.1145/1217299.1217301,10.1080/15427951.2004.10129088,CITES,2004
10.1145/1217299.1217301,10.1145/980972.980992,CITES,2003
10.1145/1217299.1217301,10.1002/rsa.10084,CITES,2003
10.1145/1217299.1217301,10.1137/S003614450342480,CITES,2003
10.1145/1217299.1217301,10.1002/3527602755,CITES,2003
10.1145/1217299.1217301,10.1073/pnas.252631999,CITES,2002
10.1145/1217299.1217301,10.1103/PhysRevE.67.056104,CITES,2002
10.1145/1217299.1217301,10.1073/pnas.212348399,CITES,2002
10.1145/1217299.1217301,10.1145/775047.775059,CITES,2002
10.1145/1217299.1217301,10.1126/science.1070120,CITES,2002
10.1145/1217299.1217301,10.1002/3527602755.CH14,CITES,2002
10.1145/1217299.1217301,10.1109/GLOCOM.2001.965863,CITES,2001
10.1145/1217299.1217301,10.1145/502512.502521,CITES,2001
10.1145/1217299.1217301,10.1098/rspb.2001.1824,CITES,2001
10.1145/1217299.1217301,10.1209/EPL/I2001-00259-Y,CITES,2001
10.1145/1217299.1217301,10.7551/mitpress/1120.003.0060,CITES,2001
10.1145/1217299.1217301,10.1109/SFCS.2000.892065,CITES,2000
10.1145/1217299.1217301,10.1103/PhysRevE.63.066123,CITES,2000
10.1145/1217299.1217301,10.1103/PhysRevE.63.025101,CITES,2000
10.1145/1217299.1217301,10.1016/S1389-1286(00)00083-9,CITES,2000
10.1145/1217299.1217301,10.1126/science.286.5439.509,CITES,1999
10.1145/1217299.1217301,10.1145/316188.316229,CITES,1999
10.1145/1217299.1217301,10.1007/3-540-48686-0_1,CITES,1999
10.1145/1217299.1217301,10.1038/43601,CITES,1999
10.1145/1217299.1217301,10.1016/S1389-1286(99)00040-7,CITES,1999
10.1145/1217299.1217301,10.1007/s00453-001-0088-5,CITES,1998
10.1145/1217299.1217301,10.1038/30918,CITES,1998
10.1145/1217299.1217301,10.2307/3619149,CITES,1992
10.1145/1217299.1217301,10.1007/s00493-004-0002-2,CITES,2004
10.1145/1217299.1217301,10.1007/978-1-4615-0005-6,CITES,2002
10.1145/1217299.1217301,10.1515/9781400841356.349,CITES,1999
10.1145/1217299.1217301,10.1037/e400002009-005,CITES,1967
10.1016/j.knosys.2018.03.022,10.1145/1101149.1101193,CITES,2005
10.1145/1101149.1101193,10.1109/34.598228,CITES,1997
10.1145/1101149.1101193,10.1109/CVPR.2005.216,CITES,
10.1145/1101149.1101193,10.1109/CVPR.2005.138,CITES,
10.1145/1101149.1101193,10.1145/1027527.1027530,CITES,2004
10.1145/1101149.1101193,10.1145/1027527.1027532,CITES,2004
10.1145/1101149.1101193,10.1145/1027527.1027533,CITES,2004
10.1145/1101149.1101193,10.1145/1027527.1027729,CITES,2004
10.1145/1101149.1101193,10.1023/B:VISI.0000029664.99615.94,CITES,2004
10.1145/1101149.1101193,10.1007/s005300050121,CITES,1999
10.1145/1101149.1101193,10.1109/CVPR.2003.1211478,CITES,
10.1145/1101149.1101193,10.1007/978-3-540-24671-8_6,CITES,2004
10.1145/1101149.1101193,10.1145/244130.244148,CITES,1996
10.1145/1101149.1101193,10.1145/319463.319613,CITES,1999
10.1145/1101149.1101193,10.1126/science.290.5500.2323,CITES,2000
10.1145/1101149.1101193,10.1023/A:1026543900054,CITES,2000
10.1145/1101149.1101193,10.1109/CVPR.2000.855825,CITES,
10.1145/1101149.1101193,10.1109/ICIP.1997.638621,CITES,
10.1145/1101149.1101193,10.1126/science.290.5500.2319,CITES,2000
10.1145/1101149.1101193,10.1109/CVPR.2000.855824,CITES,
10.1145/1101149.1101193,10.1145/500141.500159,CITES,2001
10.1145/1101149.1101193,10.1109/34.955109,CITES,2001
10.1016/j.knosys.2018.03.022,10.1002/9781118548387,CITES,2005
10.1016/j.knosys.2018.03.022,10.1002/0471667196.ess1206,CITES,2004
10.1016/j.knosys.2018.03.022,10.1002/0471602396.CH14,CITES,2004
10.1016/j.knosys.2018.03.022,10.1145/980972.980992,CITES,2003
10.1145/980972.980992,10.1073/pnas.98.2.404,CITES,2000
10.1145/980972.980992,10.1017/CBO9780511815478,CITES,1994
10.1016/j.knosys.2018.03.022,10.1145/956863.956972,CITES,2003
10.1145/956863.956972,10.1016/S0378-8733(03)00009-1,CITES,2003
10.1145/956863.956972,10.1016/S0378-4371(02)00736-7,CITES,2002
10.1145/956863.956972,10.1016/S0169-7552(98)00110-X,CITES,1998
10.1145/956863.956972,10.1002/(SICI)1097-4571(199009)41:6<391::AID-ASI1>3.0.CO;2-9,CITES,1990
10.1145/956863.956972,10.1145/775047.775126,CITES,2002
10.1145/956863.956972,10.1007/BF02289026,CITES,1953
10.1145/956863.956972,10.1145/245108.245123,CITES,1997
10.1145/956863.956972,10.3115/1034678.1034693,CITES,1999
10.1145/956863.956972,10.1137/S003614450342480,CITES,2003
10.1145/956863.956972,10.1145/775047.775059,CITES,2002
10.1145/956863.956972,10.1109/4236.989007,CITES,2002
10.1016/j.knosys.2018.03.022,10.1016/j.socnet.2004.11.009,CITES,2003
10.1016/j.socnet.2004.11.009,10.1103/PhysRevE.69.026113,CITES,2003
10.1016/j.socnet.2004.11.009,10.1126/SCIENCE.1081058,CITES,2003
10.1016/j.socnet.2004.11.009,10.1103/PhysRevLett.92.118701,CITES,2003
10.1016/j.socnet.2004.11.009,10.1103/PhysRevE.68.036122,CITES,2003
10.1016/j.socnet.2004.11.009,10.1103/PhysRevE.67.017101,CITES,2002
10.1016/j.socnet.2004.11.009,10.1103/PhysRevE.66.066127,CITES,2002
10.1016/j.socnet.2004.11.009,10.1103/PhysRevLett.89.248701,CITES,2002
10.1016/j.socnet.2004.11.009,10.1136/sti.78.suppl_1.i159,CITES,2002
10.1016/j.socnet.2004.11.009,10.1073/pnas.122653799,CITES,2002
10.1016/j.socnet.2004.11.009,10.1080/0022250X.2001.9990249,CITES,2001
10.1016/j.socnet.2004.11.009,10.1103/PhysRevE.64.016132,CITES,2000
10.1016/j.socnet.2004.11.009,10.1136/BMJ.322.7295.1160,CITES,1998
10.1016/j.socnet.2004.11.009,10.1086/230190,CITES,1993
10.1016/j.socnet.2004.11.009,10.1016/0378-8733(91)90017-N,CITES,1991
10.1016/j.socnet.2004.11.009,10.1016/0378-8733(89)90016-6,CITES,1989
10.1016/j.socnet.2004.11.009,10.1177/0038038588022001007,CITES,1988
10.1016/j.socnet.2004.11.009,10.1086/228631,CITES,1987
10.1016/j.socnet.2004.11.009,10.2307/3033543,CITES,1977
10.1016/j.socnet.2004.11.009,10.2307/2786545,CITES,1969
10.1016/j.socnet.2004.11.009,10.2307/2583863,CITES,1993
10.1016/j.socnet.2004.11.009,10.1016/0378-8733(78)90021-7,CITES,1978
10.1016/j.socnet.2004.11.009,10.1037/e400002009-005,CITES,1967
10.1016/j.knosys.2018.03.022,10.1007/978-1-4899-7687-1_100268,CITES,2003
10.1016/j.knosys.2018.03.022,10.1103/PhysRevE.69.026113,CITES,2003
10.1103/PhysRevE.69.026113,10.1063/1.1825279,CITES,2004
10.1103/PhysRevE.69.026113,10.1142/S0219525903001067,CITES,2003
10.1103/PhysRevE.69.026113,10.1098/rsbl.2003.0057,CITES,2003
10.1103/PhysRevE.69.026113,10.1016/S0378-8733(03)00009-1,CITES,2003
10.1103/PhysRevE.69.026113,10.1007/s00265-003-0651-y,CITES,2003
10.1103/PhysRevE.69.026113,10.1137/S003614450342480,CITES,2003
10.1103/PhysRevE.69.026113,10.1103/PhysRevE.68.026112,CITES,2003
10.1103/PhysRevE.69.026113,10.1080/01972240590925348,CITES,2003
10.1103/PhysRevE.69.026113,10.1103/PhysRevE.68.065103,CITES,2002
10.1103/PhysRevE.69.026113,10.1103/PhysRevE.67.026126,CITES,2002
10.1103/PhysRevE.69.026113,10.1073/pnas.192407699,CITES,2002
10.1103/PhysRevE.69.026113,10.1093/bioinformatics/btg033,CITES,2002
10.1103/PhysRevE.69.026113,10.1109/2.989932,CITES,2002
10.1103/PhysRevE.69.026113,10.1073/pnas.122653799,CITES,2002
10.1103/PhysRevE.69.026113,10.1103/PHYSREVE.64.066112,CITES,2001
10.1103/PhysRevE.69.026113,10.1103/PhysRevE.65.065103,CITES,2001
10.1103/PhysRevE.69.026113,10.1103/PhysRevLett.87.278701,CITES,2001
10.1103/PhysRevE.69.026113,10.1103/RevModPhys.74.47,CITES,2002
10.1103/PhysRevE.69.026113,10.1080/0022250X.2001.9990249,CITES,2001
10.1103/PhysRevE.69.026113,10.1038/35065725,CITES,2001
10.1103/PhysRevE.69.026113,10.1103/PhysRevLett.88.228102,CITES,2001
10.1103/PhysRevE.69.026113,10.1103/PhysRevE.64.016132,CITES,2000
10.1103/PhysRevE.69.026113,10.1103/PhysRevLett.86.3200,CITES,2000
10.1103/PhysRevE.69.026113,10.1038/35036627,CITES,2000
10.1103/PhysRevE.69.026113,10.1016/S0378-4371(00)00311-3,CITES,2000
10.1103/PhysRevE.69.026113,10.1073/pnas.98.2.404,CITES,2000
10.1103/PhysRevE.69.026113,10.1098/rspb.2001.1711,CITES,2000
10.1103/PhysRevE.69.026113,10.1016/S1389-1286(00)00083-9,CITES,2000
10.1103/PhysRevE.69.026113,10.1073/pnas.200327197,CITES,2000
10.1103/PhysRevE.69.026113,10.1016/S0378-4371(99)00393-3,CITES,1999
10.1103/PhysRevE.69.026113,10.1103/PhysRevE.61.5678,CITES,1999
10.1103/PhysRevE.69.026113,10.1145/316188.316229,CITES,1999
10.1103/PhysRevE.69.026113,10.1038/43601,CITES,1999
10.1103/PhysRevE.69.026113,10.1109/mc.2004.1319252,CITES,1999
10.1103/PhysRevE.69.026113,10.1038/30918,CITES,1998
10.1103/PhysRevE.69.026113,10.1007/s100510050359,CITES,1998
10.1103/PhysRevE.69.026113,10.1007/BF02837777,CITES,1996
10.1103/PhysRevE.69.026113,10.1177/0038038588022001007,CITES,1988
10.1103/PhysRevE.69.026113,10.1137/1021092,CITES,1979
10.1103/PhysRevE.69.026113,10.1086/jar.33.4.3629752,CITES,1977
10.1103/PhysRevE.69.026113,10.2307/3033543,CITES,1977
10.1103/PhysRevE.69.026113,10.1016/0022-2496(75)90028-0,CITES,1975
10.1103/PhysRevE.69.026113,10.1002/J.1538-7305.1970.TB01770.X,CITES,1970
10.1103/PhysRevE.69.026113,10.1007/978-1-4612-0619-4,CITES,2002
10.1103/PhysRevE.69.026113,10.2307/2583863,CITES,1993
10.1016/j.knosys.2018.03.022,10.1016/S0378-8733(03)00009-1,CITES,2003
10.1016/S0378-8733(03)00009-1,10.1007/3-540-48155-9_27,CITES,1999
10.1016/S0378-8733(03)00009-1,10.1038/43601,CITES,1999
10.1016/S0378-8733(03)00009-1,10.1016/S0378-8733(00)00023-X,CITES,2000
10.1016/S0378-8733(03)00009-1,10.2307/2096108,CITES,1991
10.1016/S0378-8733(03)00009-1,10.1177/001872676702000206,CITES,1967
10.1016/S0378-8733(03)00009-1,10.1086/227352,CITES,1981
10.1016/S0378-8733(03)00009-1,10.1145/347090.347121,CITES,2000
10.1016/S0378-8733(03)00009-1,10.1145/276627.276652,CITES,1998
10.1016/S0378-8733(03)00009-1,10.1073/pnas.021544898,CITES,2001
10.1016/S0378-8733(03)00009-1,10.1145/163381.163402,CITES,1993
10.1016/S0378-8733(03)00009-1,10.1017/CBO9780511581670,CITES,1999
10.1016/S0378-8733(03)00009-1,10.1017/CBO9780511815478,CITES,1994
10.1016/S0378-8733(03)00009-1,10.1038/30918,CITES,1998
10.1016/j.knosys.2018.03.022,10.1109/ICDM.2001.989507,CITES,2001
10.1109/ICDM.2001.989507,10.21136/CMJ.1973.101168,CITES,1973
10.1109/ICDM.2001.989507,10.21136/CMJ.1975.101357,CITES,1975
10.1109/ICDM.2001.989507,10.1137/S0895479896312262,CITES,1998
10.1109/ICDM.2001.989507,10.1109/43.159993,CITES,1991
10.1109/ICDM.2001.989507,10.2172/815474,CITES,2001
10.1109/ICDM.2001.989507,10.1002/j.1538-7305.1970.tb01770.x,CITES,1970
10.1109/ICDM.2001.989507,10.1109/43.103500,CITES,1991
10.1109/ICDM.2001.989507,10.1145/502512.502551,CITES,2001
10.1109/ICDM.2001.989507,10.1147/rd.175.0420,CITES,1973
10.1109/ICDM.2001.989507,10.1007/3-540-44985-X_22,CITES,2000
10.1109/ICDM.2001.989507,10.1023/A:1009740529316,CITES,1998
10.1109/ICDM.2001.989507,10.1016/0167-8191(94)00059-J,CITES,1995
10.1109/ICDM.2001.989507,10.1137/1.9781611971163,CITES,1998
10.1109/ICDM.2001.989507,10.1137/0611030,CITES,1990
10.1109/ICDM.2001.989507,10.1145/502590.502591,CITES,2001
10.1109/ICDM.2001.989507,10.1109/SFCS.1996.548468,CITES,1996
10.1016/j.knosys.2018.03.022,10.1098/rspb.2001.1800,CITES,2001
10.1098/rspb.2001.1800,10.1038/35019019,CITES,2000
10.1098/rspb.2001.1800,10.1073/pnas.200327197,CITES,2000
10.1098/rspb.2001.1800,10.1080/09296179608599629,CITES,1996
10.1098/rspb.2001.1800,10.1126/science.286.5439.509,CITES,1999
10.1098/rspb.2001.1800,10.1016/S0022-5371(66)80040-3,CITES,1966
10.1098/rspb.2001.1800,10.1515/9783112316009,CITES,1957
10.1098/rspb.2001.1800,10.1007/BF02259530,CITES,1985
10.1098/rspb.2001.1800,10.1016/S0022-5371(73)80042-8,CITES,1973
10.1098/rspb.2001.1800,10.1038/35036627,CITES,2000
10.1098/rspb.2001.1800,10.1016/0010-0277(83)90029-X,CITES,1983
10.1098/rspb.2001.1800,10.1109/18.165464,CITES,1992
10.1098/rspb.2001.1800,10.1038/scientificamerican0987-94,CITES,1987
10.1098/rspb.2001.1800,10.1142/0984,CITES,1991
10.1098/rspb.2001.1800,10.1073/pnas.96.14.8028,CITES,1999
10.1098/rspb.2001.1800,10.1038/35006635,CITES,2000
10.1098/rspb.2001.1800,10.1037/0096-1523.3.1.1,CITES,1977
10.1098/rspb.2001.1800,10.1093/biomet/42.3-4.425,CITES,1955
10.1098/rspb.2001.1800,10.1038/35065725,CITES,2001
10.1098/rspb.2001.1800,10.1038/30918,CITES,1998
10.1016/j.knosys.2018.03.022,10.7551/mitpress/1120.003.0080,CITES,2002
10.1016/j.knosys.2018.03.022,10.1126/SCIENCE.290.5500.2323,CITES,2000
10.1126/SCIENCE.290.5500.2323,10.1007/BF02293745,CITES,1977
10.1126/SCIENCE.290.5500.2323,10.1002/aic.690370209,CITES,1991
10.1126/SCIENCE.290.5500.2323,10.1007/978-3-662-00784-6,CITES,1988
10.1126/SCIENCE.290.5500.2323,10.1162/089976698300017953,CITES,1998
10.1126/SCIENCE.290.5500.2323,10.1016/S0031-3203(99)00078-3,CITES,2000
10.1126/SCIENCE.290.5500.2323,10.1080/01621459.1989.10478797,CITES,1989
10.1126/SCIENCE.290.5500.2323,10.1016/0893-6080(94)90109-0,CITES,1994
10.1126/SCIENCE.290.5500.2323,10.1126/science.272.5270.1905,CITES,1996
10.1126/SCIENCE.290.5500.2323,10.1137/1.9780898719581,CITES,2000
10.1126/SCIENCE.290.5500.2323,10.1038/44565,CITES,1999
10.1126/SCIENCE.290.5500.2323,10.1137/1.9781611970265,CITES,1983
10.1126/SCIENCE.290.5500.2323,10.1162/neco.1997.9.7.1493,CITES,1997
10.1016/j.knosys.2018.03.022,10.1126/SCIENCE.290.5500.2319,CITES,2000
10.1126/SCIENCE.290.5500.2319,10.1126/science.1598577,CITES,1992
10.1126/SCIENCE.290.5500.2319,10.1126/science.210.4468.390,CITES,1980
10.1126/SCIENCE.290.5500.2319,10.1162/jocn.1991.3.1.71,CITES,1991
10.1126/SCIENCE.290.5500.2319,10.1007/BF01421486,CITES,1995
10.1126/SCIENCE.290.5500.2319,10.1126/science.1908118,CITES,1991
10.1126/SCIENCE.290.5500.2319,10.1121/1.395916,CITES,1988
10.1126/SCIENCE.290.5500.2319,10.1121/1.1912239,CITES,1970
10.1126/SCIENCE.290.5500.2319,10.1126/science.1857964,CITES,1991
10.1126/SCIENCE.290.5500.2319,10.1126/science.269.5224.676,CITES,1995
10.1126/SCIENCE.290.5500.2319,10.1046/j.1365-8711.1998.01596.x,CITES,1998
10.1126/SCIENCE.290.5500.2319,10.1126/science.356262,CITES,1978
10.1126/SCIENCE.290.5500.2319,10.1038/326689a0,CITES,1987
10.1126/SCIENCE.290.5500.2319,10.1007/978-3-662-00784-6_5,CITES,1988
10.1126/SCIENCE.290.5500.2319,10.1080/01621459.1989.10478797,CITES,1989
10.1126/SCIENCE.290.5500.2319,10.1002/aic.690370209,CITES,1991
10.1126/SCIENCE.290.5500.2319,10.1126/science.269.5232.1860,CITES,1995
10.1126/SCIENCE.290.5500.2319,10.1162/089976698300017953,CITES,1998
10.1126/SCIENCE.290.5500.2319,10.1016/0165-1684(94)90029-9,CITES,1994
10.1126/SCIENCE.290.5500.2319,10.1162/neco.1995.7.6.1129,CITES,1995
10.1126/SCIENCE.290.5500.2319,10.1126/science.1251207,CITES,1976
10.1126/SCIENCE.290.5500.2319,10.1111/j.1467-9280.1990.tb00210.x,CITES,1990
10.1126/SCIENCE.290.5500.2319,10.3758/BF03200759,CITES,1994
10.1126/SCIENCE.290.5500.2319,10.1016/0893-6080(94)90109-0,CITES,1994
10.1126/SCIENCE.290.5500.2319,10.1126/science.272.5270.1905,CITES,1996
10.1016/j.knosys.2018.03.022,10.1002/1097-024X(200009)30:11%3C1203::AID-SPE338%3E3.0.CO;2-N,CITES,2000
10.1002/1097-024X(200009)30:11%3C1203::AID-SPE338%3E3.0.CO;2-N,10.1002/spe.4380200102,CITES,1990
10.1002/1097-024X(200009)30:11%3C1203::AID-SPE338%3E3.0.CO;2-N,10.1002/spe.4380170107,CITES,1987
10.1002/1097-024X(200009)30:11%3C1203::AID-SPE338%3E3.0.CO;2-N,10.1007/BFb0029014,CITES,
10.1002/1097-024X(200009)30:11%3C1203::AID-SPE338%3E3.0.CO;2-N,10.1145/204865.204889,CITES,1995
10.1002/1097-024X(200009)30:11%3C1203::AID-SPE338%3E3.0.CO;2-N,10.1109/32.221135,CITES,1993
10.1002/1097-024X(200009)30:11%3C1203::AID-SPE338%3E3.0.CO;2-N,10.1002/spe.4380181104,CITES,1988
10.1002/1097-024X(200009)30:11%3C1203::AID-SPE338%3E3.0.CO;2-N,10.1109/TSMC.1980.4308390,CITES,1980
10.1002/1097-024X(200009)30:11%3C1203::AID-SPE338%3E3.0.CO;2-N,10.1109/TSMC.1981.4308636,CITES,1981
10.1002/1097-024X(200009)30:11%3C1203::AID-SPE338%3E3.0.CO;2-N,10.1016/0020-0190(89)90102-6,CITES,1989
10.1002/1097-024X(200009)30:11%3C1203::AID-SPE338%3E3.0.CO;2-N,10.1006/jvlc.1996.0002,CITES,1996
10.1002/1097-024X(200009)30:11%3C1203::AID-SPE338%3E3.0.CO;2-N,10.1109/50.511666,CITES,1996
10.1002/1097-024X(200009)30:11%3C1203::AID-SPE338%3E3.0.CO;2-N,10.1145/322261.322272,CITES,1981
10.1002/1097-024X(200009)30:11%3C1203::AID-SPE338%3E3.0.CO;2-N,10.1515/9783110854688,CITES,1981
10.1002/1097-024X(200009)30:11%3C1203::AID-SPE338%3E3.0.CO;2-N,10.7551/mitpress/2319.001.0001,CITES,1997
10.1002/1097-024X(200009)30:11%3C1203::AID-SPE338%3E3.0.CO;2-N,10.1016/0169-7552(96)00059-1,CITES,1996
10.1016/j.knosys.2018.03.022,10.1109/CVPR.1997.609407,CITES,1997
10.1109/CVPR.1997.609407,10.1109/TC.1984.1676443,CITES,1984
10.1109/CVPR.1997.609407,10.1007/BF00054839,CITES,1989
10.1109/CVPR.1997.609407,10.1364/JOSAA.7.000923,CITES,1990
10.1109/CVPR.1997.609407,10.1002/cpa.3160420503,CITES,1989
10.1109/CVPR.1997.609407,10.1109/CVPR.1996.517115,CITES,1996
10.1109/CVPR.1997.609407,10.1145/237218.237404,CITES,1996
10.1109/CVPR.1997.609407,10.1037/11496-005,CITES,1938
10.1109/CVPR.1997.609407,10.1109/34.244673,CITES,1993
10.1109/CVPR.1997.609407,10.1147/rd.175.0420,CITES,1973
10.1109/CVPR.1997.609407,10.1109/ICPR.1996.546886,CITES,1996
10.1109/CVPR.1997.609407,10.21136/CMJ.1975.101357,CITES,1975
10.1109/CVPR.1997.609407,10.1016/0167-8191(94)00059-J,CITES,1995
10.1109/CVPR.1997.609407,10.1109/TPAMI.1984.4767596,CITES,1984
10.1109/CVPR.1997.609407,10.7551/mitpress/7132.001.0001,CITES,1987
10.1109/CVPR.1997.609407,10.1137/0611030,CITES,1990
10.1016/j.knosys.2018.03.022,10.1109/65.587044,CITES,1997
10.1109/65.587044,10.1145/359657.359659,CITES,1978
10.1016/j.knosys.2018.03.022,10.1007/BF01098364,CITES,1994
10.1007/BF01098364,10.1007/BF02122549,CITES,1988
10.1007/BF01098364,10.1137/0202001,CITES,1973
10.1007/BF01098364,10.1002/jgt.3190020102,CITES,1978
10.1007/BF01098364,10.1016/0196-6774(86)90019-2,CITES,1986
10.1007/BF01098364,10.1137/0122052,CITES,1972
10.1007/BF01098364,10.1145/321607.321608,CITES,1970
10.1007/BF01098364,10.1016/0022-0000(80)90046-X,CITES,1980
10.1007/BF01098364,10.1007/BF02257777,CITES,1991
10.1007/BF01098364,10.1007/BF01415983,CITES,1990
10.1007/BF01098364,10.1016/0166-218X(86)90036-3,CITES,1986
10.1007/BF01098364,10.1287/moor.12.3.522,CITES,1987
10.1007/BF01098364,10.1002/nav.3800240203,CITES,1977
10.1007/BF01098364,10.1137/0220012,CITES,1991
10.1007/BF01098364,10.21236/ADA275328,CITES,1993
10.1007/BF01098364,10.1137/0215075,CITES,1986
10.1007/BF01098364,10.1002/net.3230190206,CITES,1989
10.1007/BF01098364,10.1287/opre.40.1.S14,CITES,1992
10.1007/BF01098364,10.1007/BFb0060104,CITES,1969
10.1007/BF01098364,10.1016/S0304-0208(08)72921-9,CITES,1984
10.1007/BF01098364,10.1007/BFb0028990,CITES,1989
10.1007/BF01098364,10.1002/jgt.3190050206,CITES,1981
10.1007/BF01098364,10.1017/S0305004100053056,CITES,1976
10.1007/BF01098364,10.1147/rd.81.0022,CITES,1964
10.1007/BF01098364,10.1007/3-540-52846-6_74,CITES,1990
10.1007/BF01098364,10.1016/0012-365X(79)90160-2,CITES,1979
10.1007/BF01098364,10.1145/359094.359101,CITES,1979
10.1007/BF01098364,10.1145/362342.362367,CITES,1973
10.1007/BF01098364,10.1109/18.59932,CITES,1990
10.1007/BF01098364,10.1016/B978-0-12-566780-7.50010-6,CITES,1984
10.1007/BF01098364,10.1002/net.3230190307,CITES,1989
10.1007/BF01098364,10.1016/0167-6377(90)90057-C,CITES,1990
10.1007/BF01098364,10.1016/0020-0190(92)90262-T,CITES,1992
10.1007/BF01098364,10.1137/0214017,CITES,1985
10.1007/BF01098364,10.1137/0211055,CITES,1982
10.1007/BF01098364,10.1002/net.3230130209,CITES,1983
10.1007/BF01098364,10.1002/net.3230160402,CITES,1986
10.1007/BF01098364,10.1007/BF01759072,CITES,1991
10.1007/BF01098364,10.1016/0095-8956(75)90041-6,CITES,1975
10.1007/BF01098364,10.1137/0206046,CITES,1977
10.1007/BF01098364,10.1287/moor.4.3.233,CITES,1979
10.1007/BF01098364,10.1007/BF01946848,CITES,1990
10.1007/BF01098364,10.1016/S0020-0190(05)80002-X,CITES,1991
10.1007/BF01098364,10.1112/jlms/s1-27.1.85,CITES,1952
10.1007/BF01098364,10.1007/BF02992776,CITES,1961
10.1007/BF01098364,10.2307/2786266,CITES,1969
10.1007/BF01098364,10.1090/S0002-9904-1962-10791-5,CITES,1962
10.1007/BF01098364,10.1016/0166-218X(83)90015-X,CITES,1983
10.1007/BF01098364,10.1016/0012-365X(86)90170-6,CITES,1986
10.1007/BF01098364,10.1007/BF02992818,CITES,1973
10.1007/BF01098364,10.1287/opre.42.5.860,CITES,1994
10.1007/BF01098364,10.1137/0603059,CITES,1982
10.1007/BF01098364,10.1007/BF02243141,CITES,1989
10.1007/BF01098364,10.1016/0305-0548(90)90048-C,CITES,1990
10.1007/BF01098364,10.1016/0012-365X(90)90149-C,CITES,1990
10.1007/BF01098364,10.1002/jgt.3190110403,CITES,1987
10.1007/BF01098364,10.1137/0201013,CITES,1972
10.1007/BF01098364,10.1002/net.3230030305,CITES,1973
10.1007/BF01098364,10.1002/net.3230040407,CITES,1974
10.1007/BF01098364,10.1007/978-3-642-46629-8_6,CITES,1988
10.1007/BF01098364,10.1007/BF02248731,CITES,1979
10.1007/BF01098364,10.1016/0095-8956(81)90033-2,CITES,1981
10.1007/BF01098364,10.1137/0218029,CITES,1989
10.1007/BF01098364,10.1137/0402028,CITES,1989
10.1007/BF01098364,10.1016/0020-0190(92)90184-W,CITES,1992
10.1007/BF01098364,10.1016/0196-6774(88)90023-5,CITES,1988
10.1007/BF01098364,10.1016/0095-8956(83)90003-5,CITES,1983
10.1007/BF01098364,10.1016/0012-365X(88)90114-8,CITES,1988
10.1007/BF01098364,10.1016/0167-6377(85)90024-0,CITES,1985
10.1007/BF01098364,10.1007/BF02579273,CITES,1981
10.1007/BF01098364,10.1016/0095-8956(86)90087-0,CITES,1986
10.1007/BF01098364,10.1007/978-3-642-97881-4,CITES,1988
10.1007/BF01098364,10.1002/net.3230120410,CITES,1982
10.1007/BF01098364,10.1007/BF00940067,CITES,1991
10.1007/BF01098364,10.1016/0022-247X(69)90233-9,CITES,1969
10.1007/BF01098364,10.2307/2785673,CITES,1957
10.1007/BF01098364,10.1007/BF01096415,CITES,1993
10.1007/BF01098364,10.1016/0095-8956(85)90050-4,CITES,1985
10.1007/BF01098364,10.1007/BF01788689,CITES,1989
10.1007/BF01098364,10.1016/0012-365X(85)90077-9,CITES,1985
10.1007/BF01098364,10.2140/pjm.1957.7.1351,CITES,1957
10.1007/BF01098364,10.1016/0020-0190(88)90178-0,CITES,1988
10.1007/BF01098364,10.1016/0012-365X(88)90207-5,CITES,1988
10.1007/BF01098364,10.1287/opre.25.5.773,CITES,1977
10.1007/BF01098364,10.1137/0214018,CITES,1985
10.1007/BF01098364,10.1145/44483.44486,CITES,1988
10.1007/BF01098364,10.1007/BF01589347,CITES,1981
10.1007/BF01098364,10.2307/2785990,CITES,1965
10.1007/BF01098364,10.1109/IJCNN.1992.227000,CITES,
10.1007/BF01098364,10.1016/S0022-0000(74)80044-9,CITES,1974
10.1007/BF01098364,10.1016/0020-0190(88)90065-8,CITES,1988
10.1007/BF01098364,10.1007/BF01460797,CITES,1983
10.1007/BF01098364,10.1007/BF00991836,CITES,1976
10.1007/BF01098364,10.1007/3-540-55210-3_198,CITES,1992
10.1007/BF01098364,10.1090/conm/114/1097880,CITES,1990
10.1007/BF01098364,10.1145/4221.4226,CITES,1985
10.1007/BF01098364,10.1016/0196-6774(92)90012-2,CITES,1992
10.1007/BF01098364,10.1109/SFCS.1988.21933,CITES,1988
10.1007/BF01098364,10.1145/3341.3350,CITES,1985
10.1007/BF01098364,10.1090/S0273-0979-1992-00318-X,CITES,1992
10.1007/BF01098364,10.1137/0209042,CITES,1980
10.1007/BF01098364,10.1109/43.35554,CITES,1989
10.1007/BF01098364,10.1137/0607036,CITES,1986
10.1007/BF01098364,10.1137/0136016,CITES,1979
10.1007/BF01098364,10.1137/0209046,CITES,1980
10.1007/BF01098364,10.1016/0898-1221(83)90115-3,CITES,1983
10.1007/BF01098364,10.1007/BF02277184,CITES,1981
10.1007/BF01098364,10.1080/00207168208803311,CITES,1982
10.1007/BF01098364,10.1080/00207168308803357,CITES,1983
10.1007/BF01098364,10.1109/TIT.1979.1055985,CITES,1979
10.1007/BF01098364,10.1137/1.9781611970203,CITES,1986
10.1007/BF01098364,10.1137/0215074,CITES,1986
10.1007/BF01098364,10.1007/BF02289199,CITES,1950
10.1007/BF01098364,10.1147/rd.85.0537,CITES,1964
10.1007/BF01098364,10.1137/0217003,CITES,1988
10.1007/BF01098364,10.1002/net.3230200203,CITES,1990
10.1007/BF01098364,10.1016/0771-050X(75)90035-2,CITES,1975
10.1007/BF01098364,10.1016/S0012-365X(76)80008-8,CITES,1976
10.1007/BF01098364,10.1016/0095-8956(80)90074-X,CITES,1980
10.1007/BF01098364,10.1007/BF02760024,CITES,1965
10.1007/BF01098364,10.4153/CJM-1965-053-6,CITES,1965
10.1007/BF01098364,10.1145/321694.321698,CITES,1972
10.1007/BF01098364,10.1016/0166-218X(92)90041-8,CITES,1992
10.1007/BF01098364,10.1145/28395.28433,CITES,1987
10.1007/BF01098364,10.1057/jors.1992.71,CITES,1992
10.1007/BF01098364,10.1007/BF01580222,CITES,1974
10.1007/BF01098364,10.1007/BF01580444,CITES,1975
10.1007/BF01098364,10.1002/9781118627372,CITES,1988
10.1007/BF01098364,10.1016/0012-365X(89)90208-2,CITES,1989
10.1007/BF01098364,10.1137/0126009,CITES,1974
10.1007/BF01098364,10.1007/BF00985661,CITES,1973
10.1007/BF01098364,10.1007/BF01580121,CITES,1973
10.1007/BF01098364,10.1016/S0167-5060(08)70750-7,CITES,1977
10.1007/BF01098364,10.1016/S0167-5060(08)70831-8,CITES,1979
10.1007/BF01098364,10.1007/BF01588301,CITES,1980
10.1007/BF01098364,10.1016/0020-0190(81)90041-7,CITES,1981
10.1007/BF01098364,10.1080/00207169108803967,CITES,1991
10.1007/BF01098364,10.1080/00207169008803851,CITES,1990
10.1007/BF01098364,10.1007/BF02023057,CITES,1990
10.1007/BF01098364,10.1007/BF02247879,CITES,1990
10.1007/BF01098364,10.1016/0305-0548(92)90067-F,CITES,1992
10.1007/BF01098364,10.1007/BFb0000035,CITES,1987
10.1007/BF01098364,10.1109/TEC.1959.5222697,CITES,1959
10.1007/BF01098364,10.2307/2786466,CITES,1974
10.1007/BF01098364,10.1007/BF01181421,CITES,1940
10.1007/BF01098364,10.1007/BF01593772,CITES,1977
10.1007/BF01098364,10.1017/S0305004100060205,CITES,1982
10.1007/BF01098364,10.1137/0212053,CITES,1983
10.1007/BF01098364,10.1007/BF01588228,CITES,1979
10.1007/BF01098364,10.1016/0022-0000(88)90003-7,CITES,1988
10.1007/BF01098364,10.1016/0196-6774(86)90032-5,CITES,1986
10.1007/BF01098364,10.1016/0022-247X(70)90282-9,CITES,1970
10.1007/BF01098364,10.1137/0205021,CITES,1976
10.1007/BF01098364,10.1002/net.3230110305,CITES,1981
10.1007/BF01098364,10.1137/0401012,CITES,1988
10.1007/BF01098364,10.1016/0020-0190(90)90082-9,CITES,1990
10.1007/BF01098364,10.1016/0012-365X(90)90287-R,CITES,1980
10.1007/BF01098364,10.1109/TIT.1956.1056798,CITES,1956
10.1007/BF01098364,10.1016/0166-218X(93)90032-J,CITES,1993
10.1007/BF01098364,10.1007/BF02771457,CITES,1971
10.1007/BF01098364,10.1090/S0002-9947-1979-0546922-6,CITES,1979
10.1007/BF01098364,10.1080/00029890.1974.11993587,CITES,1974
10.1007/BF01098364,10.1109/72.80251,CITES,1990
10.1007/BF01098364,10.1137/0206038,CITES,1977
10.1007/BF01098364,10.1137/0213035,CITES,1984
10.1007/BF01098364,10.1016/0012-365X(75)90077-1,CITES,1975
10.1007/BF01098364,10.1137/0206036,CITES,1977
10.1007/BF01098364,10.4064/cm-3-1-19-30,CITES,1954
10.1007/BF01098364,10.1137/0208032,CITES,1979
10.1007/BF01098364,10.1016/0022-2836(91)90871-3,CITES,1991
10.1007/BF01098364,10.1145/2157.2158,CITES,1983
10.1007/BF01098364,10.1137/0607015,CITES,1986
10.1007/BF01098364,10.1016/0095-8956(86)90069-9,CITES,1986
10.1007/BF01098364,10.1109/TCAD.1987.1270322,CITES,1987
10.1007/BF01098364,10.1002/net.3230240208,CITES,1994
10.1007/BF01098364,10.1016/0020-0190(93)90188-F,CITES,1993
10.1016/j.knosys.2018.03.022,10.1145/103418.103424,CITES,1991
10.1016/j.knosys.2018.03.022,10.1016/0893-6080(90)90005-6,CITES,1990
10.1016/0893-6080(90)90005-6,10.2307/1912114,CITES,1983
10.1016/0893-6080(90)90005-6,10.1016/0893-6080(89)90003-8,CITES,1989
10.1016/0893-6080(90)90005-6,10.1016/0893-6080(89)90020-8,CITES,1989
10.1016/0893-6080(90)90005-6,10.2307/135443,CITES,1988
10.1016/j.knosys.2018.03.022,10.1109/WVL.1989.77035,CITES,1989
10.1109/WVL.1989.77035,10.1137/0604033,CITES,1983
10.1109/WVL.1989.77035,10.1080/00207169008803921,CITES,1990
10.1109/WVL.1989.77035,10.1002/spe.4380170107,CITES,1987
10.1109/WVL.1989.77035,10.1007/3-540-17218-1_65,CITES,1987
10.1109/WVL.1989.77035,10.1109/4.1001,CITES,1988
10.1109/WVL.1989.77035,10.1016/0304-3975(88)90123-5,CITES,1988
10.1109/WVL.1989.77035,10.1007/978-1-349-03521-2,CITES,1976
10.1109/WVL.1989.77035,10.1109/21.87055,CITES,1988
10.1109/WVL.1989.77035,10.1080/01969728708902150,CITES,1987
10.1109/WVL.1989.77035,10.1109/TSMC.1977.4309760,CITES,1977
10.1109/WVL.1989.77035,10.1112/plms/s3-13.1.743,CITES,1963
10.1016/j.knosys.2018.03.022,10.1016/0925-7721(94)00014-X,CITES,1988
10.1016/j.knosys.2018.03.022,10.1080/01621459.1987.10478385,CITES,1987
10.1080/01621459.1987.10478385,10.1080/01621459.1981.10477599,CITES,1981
10.1080/01621459.1987.10478385,10.1016/0022-2496(75)90028-0,CITES,1975
10.1080/01621459.1987.10478385,10.1214/aoms/1177692379,CITES,1972
10.1080/01621459.1987.10478385,10.1016/0378-8733(82)90030-2,CITES,1982
10.1080/01621459.1987.10478385,10.1080/0022250X.1982.9989933,CITES,1982
10.1080/01621459.1987.10478385,10.1016/0378-8733(83)90006-0,CITES,1983
10.1080/01621459.1987.10478385,10.1016/0378-8733(83)90010-2,CITES,1983
10.1080/01621459.1987.10478385,10.1080/01621459.1985.10477129,CITES,1985
10.1080/01621459.1987.10478385,10.2307/3033634,CITES,1984
10.1080/01621459.1987.10478385,10.1002/bs.3830210105,CITES,1976
10.1080/01621459.1987.10478385,10.1016/0378-8733(83)90021-7,CITES,1983
10.1080/01621459.1987.10478385,10.1080/01621459.1981.10477598,CITES,1981
10.1080/01621459.1987.10478385,10.1080/0022250X.1971.9989788,CITES,1971
10.1080/01621459.1987.10478385,10.1177/001316446802800201,CITES,1968
10.1080/01621459.1987.10478385,10.1016/0378-8733(82)90025-9,CITES,1982
10.1080/01621459.1987.10478385,10.1515/9783112538784,CITES,1977
10.1080/01621459.1987.10478385,10.1086/226141,CITES,1976
10.1080/01621459.1987.10478385,10.1080/01621459.1987.10478406,CITES,1987
10.1016/j.knosys.2018.03.022,10.1016/0378-8733(83)90021-7,CITES,1983
10.1016/0378-8733(83)90021-7,10.2307/2287038,CITES,1981
10.1016/0378-8733(83)90021-7,10.1002/bs.3830210105,CITES,1976
10.1016/0378-8733(83)90021-7,10.2307/2287037,CITES,1981
10.1016/0378-8733(83)90021-7,10.2307/2287042,CITES,1981
10.1016/0378-8733(83)90021-7,10.1080/0022250X.1971.9989788,CITES,1971
10.1016/0378-8733(83)90021-7,10.1086/226141,CITES,1976
10.1016/j.knosys.2018.03.022,10.2307/3010642,CITES,1980
10.1016/j.knosys.2018.03.022,10.1016/0005-1098(78)90005-5,CITES,1978
10.1016/0005-1098(78)90005-5,10.1214/aos/1176344136,CITES,1978
10.1016/0005-1098(78)90005-5,10.1147/rd.203.0198,CITES,1976
10.1016/0005-1098(78)90005-5,10.1093/comjnl/11.2.185,CITES,1968
10.1016/0005-1098(78)90005-5,10.1016/0005-1098(71)90059-8,CITES,1971
10.1016/j.knosys.2018.03.022,10.1086/jar.33.4.3629752,CITES,1977
10.1086/jar.33.4.3629752,10.1287/moor.2.3.225,CITES,1977
10.1086/jar.33.4.3629752,10.1016/0049-089X(76)90011-9,CITES,1976
10.1086/jar.33.4.3629752,10.1086/224954,CITES,1970
10.1086/jar.33.4.3629752,10.2307/3316686,CITES,1970
10.1086/jar.33.4.3629752,10.1002/J.1834-4461.1968.TB00983.X,CITES,1968
10.1086/jar.33.4.3629752,10.1080/00664677.1967.9967214,CITES,1967
10.1086/jar.33.4.3629752,10.2307/2314684,CITES,1966
10.1086/jar.33.4.3629752,10.1038/146568a0,CITES,1940
10.1016/j.knosys.2018.03.022,10.1137/0713009,CITES,1976
10.1137/0713009,10.1016/0045-7825(75)90038-9,CITES,1975
10.1137/0713009,10.1093/imamat/12.3.329,CITES,1973
10.1137/0713009,10.1007/BF02163027,CITES,1970
10.1137/0713009,10.1137/0702016,CITES,1965
10.1137/0713009,10.1137/0710024,CITES,1973
10.1137/0713009,10.1137/0709056,CITES,1972
10.1137/0713009,10.1137/0712061,CITES,1975
10.1016/j.knosys.2018.03.022,10.1086/226141,CITES,1976
10.1016/j.knosys.2018.03.022,10.1007/BF02289026,CITES,1953
10.1007/BF02289026,10.1177/001872674900200205,CITES,1949
10.1007/BF02289026,10.2307/2785498,CITES,1946
10.1007/BF02289026,10.1215/S0012-7094-46-01333-6,CITES,1946
10.1016/j.knosys.2018.03.022,10.1080/14786440109462720,CITES,1901
10.1016/j.knosys.2018.03.022,10.7551/mitpress/11884.003.0005,CITES,2020
10.1016/j.knosys.2018.03.022,10.4018/978-1-4666-9964-9.CH003,CITES,2020
10.4018/978-1-4666-9964-9.CH003,10.1109/ICDMW.2009.54,CITES,2009
10.4018/978-1-4666-9964-9.CH003,10.1016/S0378-8733(03)00009-1,CITES,2003
10.4018/978-1-4666-9964-9.CH003,10.1145/2492517.2492558,CITES,2013
10.4018/978-1-4666-9964-9.CH003,10.1126/science.286.5439.509,CITES,1999
10.4018/978-1-4666-9964-9.CH003,10.1109/ASONAM.2010.87,CITES,2010
10.4018/978-1-4666-9964-9.CH003,10.1007/978-3-642-04180-8_25,CITES,2009
10.4018/978-1-4666-9964-9.CH003,10.1088/1742-5468/2008/10/P10008,CITES,2008
10.4018/978-1-4666-9964-9.CH003,10.1613/jair.953,CITES,2002
10.4018/978-1-4666-9964-9.CH003,10.1038/nature06830,CITES,2008
10.4018/978-1-4666-9964-9.CH003,10.1007/s13278-012-0068-6,CITES,2013
10.4018/978-1-4666-9964-9.CH003,10.1145/1143844.1143874,CITES,2006
10.4018/978-1-4666-9964-9.CH003,10.1145/1921632.1921636,CITES,2011
10.4018/978-1-4666-9964-9.CH003,10.1145/371920.372165,CITES,2001
10.4018/978-1-4666-9964-9.CH003,10.1186/1471-2105-13-119,CITES,2012
10.4018/978-1-4666-9964-9.CH003,10.1109/PASSAT/SocialCom.2011.20,CITES,2011
10.4018/978-1-4666-9964-9.CH003,10.1016/j.physrep.2009.11.002,CITES,2010
10.4018/978-1-4666-9964-9.CH003,10.1145/2063576.2063744,CITES,2011
10.4018/978-1-4666-9964-9.CH003,10.1287/ijoc.1080.0292,CITES,2009
10.4018/978-1-4666-9964-9.CH003,10.1007/BF02289026,CITES,1953
10.4018/978-1-4666-9964-9.CH003,10.1007/978-3-642-14049-5_39,CITES,2010
10.4018/978-1-4666-9964-9.CH003,10.1002/asi.20591,CITES,2007
10.4018/978-1-4666-9964-9.CH003,10.1109/ASONAM.2012.68,CITES,2012
10.4018/978-1-4666-9964-9.CH003,10.1145/1835804.1835837,CITES,2010
10.4018/978-1-4666-9964-9.CH003,10.1209/0295-5075/96/48007,CITES,2011
10.4018/978-1-4666-9964-9.CH003,10.1007/978-3-642-23783-6_28,CITES,2011
10.4018/978-1-4666-9964-9.CH003,10.1073/pnas.0307545100,CITES,2004
10.4018/978-1-4666-9964-9.CH003,10.7155/jgaa.00124,CITES,2006
10.4018/978-1-4666-9964-9.CH003,10.1109/ICTAI.2012.111,CITES,2012
10.4018/978-1-4666-9964-9.CH003,10.3934/nhm.2015.10.17,CITES,2015
10.4018/978-1-4666-9964-9.CH003,10.1145/1117454.1117460,CITES,2005
10.4018/978-1-4666-9964-9.CH003,10.1140/epjst/e2010-01179-1,CITES,2009
10.4018/978-1-4666-9964-9.CH003,10.1145/1644893.1644932,CITES,2009
10.4018/978-1-4666-9964-9.CH003,10.1145/2187980.2188150,CITES,2012
10.4018/978-1-4666-9964-9.CH003,10.1371/journal.pone.0107056,CITES,2014
10.4018/978-1-4666-9964-9.CH003,10.1109/ICDM.2007.108,CITES,2007
10.4018/978-1-4666-9964-9.CH003,10.1145/2492517.2492584,CITES,2013
10.4018/978-1-4666-9964-9.CH003,10.1007/s40595-014-0025-6,CITES,2014
10.4018/978-1-4666-9964-9.CH003,10.1145/2063576.2063743,CITES,2011
10.4018/978-1-4666-9964-9.CH003,10.1137/0135023,CITES,1978
10.4018/978-1-4666-9964-9.CH003,10.1137/1.9781611972825.96,CITES,2012
10.1016/j.knosys.2018.03.022,10.1007/978-1-4939-7131-2_100470,CITES,2018
10.1016/j.knosys.2018.03.022,10.1007/978-1-4419-8462-3_9,CITES,2011
10.1007/978-1-4419-8462-3_9,10.1109/ICDMW.2009.54,CITES,2009
10.1007/978-1-4419-8462-3_9,10.1145/1134271.1134284,CITES,2005
10.1007/978-1-4419-8462-3_9,10.1109/TKDE.2007.250581,CITES,2007
10.1007/978-1-4419-8462-3_9,10.1073/pnas.0901910106,CITES,2009
10.1007/978-1-4419-8462-3_9,10.1126/science.286.5439.509,CITES,1999
10.1007/978-1-4419-8462-3_9,10.1016/S0378-4371(02)00736-7,CITES,2002
10.1007/978-1-4419-8462-3_9,10.1145/1015330.1015394,CITES,2004
10.1007/978-1-4419-8462-3_9,10.1109/ICDMW.2007.35,CITES,2007
10.1007/978-1-4419-8462-3_9,10.1016/S0169-7552(98)00110-X,CITES,1998
10.1007/978-1-4419-8462-3_9,10.1613/jair.953,CITES,2002
10.1007/978-1-4419-8462-3_9,10.1007/978-3-642-13580-4_3,CITES,2010
10.1007/978-1-4419-8462-3_9,10.1038/nature06830,CITES,2008
10.1007/978-1-4419-8462-3_9,10.1145/1277741.1277927,CITES,2007
10.1007/978-1-4419-8462-3_9,10.1145/872035.872088,CITES,2003
10.1007/978-1-4419-8462-3_9,10.1007/978-3-642-11169-3_18,CITES,2009
10.1007/978-1-4419-8462-3_9,10.1162/jmlr.2003.3.4-5.679,CITES,2000
10.1007/978-1-4419-8462-3_9,10.1162/153244301753344614,CITES,2000
10.1007/978-1-4419-8462-3_9,10.1145/1065385.1065415,CITES,2005
10.1007/978-1-4419-8462-3_9,10.1145/775047.775126,CITES,2002
10.1007/978-1-4419-8462-3_9,10.1109/ICDM.2006.8,CITES,2006
10.1007/978-1-4419-8462-3_9,10.1007/978-3-642-01307-2_110,CITES,2009
10.1007/978-1-4419-8462-3_9,10.1007/BF02289026,CITES,1953
10.1007/978-1-4419-8462-3_9,10.1038/35022643,CITES,2000
10.1007/978-1-4419-8462-3_9,10.1145/1553374.1553447,CITES,2009
10.1007/978-1-4419-8462-3_9,10.1145/1081870.1081893,CITES,2005
10.1007/978-1-4419-8462-3_9,10.1145/1555400.1555433,CITES,2009
10.1007/978-1-4419-8462-3_9,10.1002/asi.20591,CITES,2007
10.1007/978-1-4419-8462-3_9,10.1145/1345448.1345462,CITES,2007
10.1007/978-1-4419-8462-3_9,10.1145/1117454.1117458,CITES,2005
10.1007/978-1-4419-8462-3_9,10.1007/s10588-005-3940-3,CITES,2005
10.1007/978-1-4419-8462-3_9,10.1145/1401890.1401957,CITES,2008
10.1007/978-1-4419-8462-3_9,10.1103/PhysRevE.64.025102,CITES,2001
10.1007/978-1-4419-8462-3_9,10.1145/1102351.1102430,CITES,2005
10.1007/978-1-4419-8462-3_9,10.1007/978-3-540-30115-8_31,CITES,2004
10.1007/978-1-4419-8462-3_9,10.1023/A:1007601015854,CITES,2001
10.1007/978-1-4419-8462-3_9,10.1145/1117454.1117460,CITES,2005
10.1007/978-1-4419-8462-3_9,10.1016/S1389-1286(00)00044-X,CITES,2000
10.1007/978-1-4419-8462-3_9,10.1145/1644893.1644932,CITES,2009
10.1007/978-1-4419-8462-3_9,10.7551/mitpress/7432.003.0008,CITES,2007
10.1007/978-1-4419-8462-3_9,10.1145/1731011.1731020,CITES,2009
10.1007/978-1-4419-8462-3_9,10.1109/ICDM.2007.108,CITES,2007
10.1007/978-1-4419-8462-3_9,10.1038/30918,CITES,1998
10.1007/978-1-4419-8462-3_9,10.1145/1007730.1007734,CITES,2004
10.1007/978-1-4419-8462-3_9,10.1145/1102351.1102478,CITES,2005
10.1007/978-1-4419-8462-3_9,10.1016/j.neucom.2009.08.006,CITES,2009
10.1007/978-1-4419-8462-3_9,10.1145/513338.513381,CITES,2002
10.1016/j.knosys.2018.03.022,10.1007/978-1-4419-8462-3_11,CITES,2011
10.1007/978-1-4419-8462-3_11,10.1057/palgrave.ivs.9500162,CITES,2007
10.1007/978-1-4419-8462-3_11,10.1145/1562849.1562851,CITES,2009
10.1007/978-1-4419-8462-3_11,10.1080/0022250X.1972.9989806,CITES,1972
10.1007/978-1-4419-8462-3_11,10.1007/3-540-44969-8_4,CITES,2001
10.1007/978-1-4419-8462-3_11,10.1109/TVCG.2003.1196010,CITES,2003
10.1007/978-1-4419-8462-3_11,10.1007/978-3-642-00219-9_21,CITES,2009
10.1007/978-1-4419-8462-3_11,10.1007/978-3-642-18638-7_15,CITES,2004
10.1007/978-1-4419-8462-3_11,10.1109/ASONAM.2009.56,CITES,2009
10.1007/978-1-4419-8462-3_11,10.1017/CBO9780511584176,CITES,2004
10.1007/978-1-4419-8462-3_11,10.1016/0378-8733(78)90021-7,CITES,1978
10.1007/978-1-4419-8462-3_11,10.1007/11618058_22,CITES,2006
10.1007/978-1-4419-8462-3_11,10.1109/INFOVIS.2005.39,CITES,
10.1007/978-1-4419-8462-3_11,10.1007/978-3-540-74800-7_24,CITES,2007
10.1007/978-1-4419-8462-3_11,10.1109/TVCG.2007.70582,CITES,2007
10.1007/978-1-4419-8462-3_11,10.1109/2945.841119,CITES,2000
10.1007/978-1-4419-8462-3_11,10.1109/TVCG.2006.147,CITES,2006
10.1007/978-1-4419-8462-3_11,10.1109/TVCG.2008.151,CITES,2008
10.1007/978-1-4419-8462-3_11,10.1145/1345448.1345452,CITES,2007
10.1007/978-1-4419-8462-3_11,10.1016/0378-8733(81)90016-2,CITES,1981
10.1007/978-1-4419-8462-3_11,10.1007/3-540-45071-8_50,CITES,2003
10.1007/978-1-4419-8462-3_11,10.1086/421509,CITES,2005
10.1007/978-1-4419-8462-3_11,10.1109/TVCG.2008.158,CITES,2008
10.1007/978-1-4419-8462-3_11,10.1145/1321440.1321580,CITES,2007
10.1007/978-1-4419-8462-3_11,10.1103/PhysRevE.79.026102,CITES,2009
10.1007/978-1-4419-8462-3_11,10.2307/2785439,CITES,1940
10.1007/978-1-4419-8462-3_11,10.1109/TVCG.2006.122,CITES,2006
10.1007/978-1-4419-8462-3_11,10.1145/1357054.1357101,CITES,2008
10.1007/978-1-4419-8462-3_11,10.1057/ivs.2009.22,CITES,2009
10.1007/978-1-4419-8462-3_11,10.1109/PACIFICVIS.2008.4475474,CITES,2008
10.1007/978-1-4419-8462-3_11,10.1109/TVCG.2006.107,CITES,2006
10.1007/978-1-4419-8462-3_11,10.1109/PACIFICVIS.2009.4906836,CITES,2009
10.1007/978-1-4419-8462-3_11,10.1111/j.1467-8659.2008.01232.x,CITES,2008
10.1007/978-1-4419-8462-3_11,10.1109/TVCG.2009.108,CITES,2009
10.1007/978-1-4419-8462-3_11,10.1109/HICSS.2004.1265287,CITES,2004
10.1007/978-1-4419-8462-3_11,10.1109/HICSS.2004.1265287,CITES,2004
10.1007/978-1-4419-8462-3_11,10.1145/1124772.1124891,CITES,2006
10.1016/j.knosys.2018.03.022,10.1038/nprot.2009.177,CITES,2009
10.1038/nprot.2009.177,10.1038/nrg1769,CITES,2006
10.1038/nprot.2009.177,10.1038/nature01254,CITES,2002
10.1038/nprot.2009.177,10.1038/424883a,CITES,2003
10.1038/nprot.2009.177,10.1038/4381079a,CITES,2005
10.1038/nprot.2009.177,10.1093/nar/30.7.1575,CITES,2002
10.1038/nprot.2009.177,10.1093/nar/gkg495,CITES,2003
10.1038/nprot.2009.177,10.1371/journal.pcbi.0030206,CITES,2007
10.1038/nprot.2009.177,10.1101/gr.1224503,CITES,2003
10.1038/nprot.2009.177,10.1186/1752-0509-2-104,CITES,2008
10.1038/nprot.2009.177,10.1186/1471-2105-7-109,CITES,2006
10.1038/nprot.2009.177,10.1093/bioinformatics/18.7.996,CITES,2002
10.1038/nprot.2009.177,10.1038/nprot.2007.324,CITES,2007
10.1038/nprot.2009.177,10.1093/bioinformatics/btm401,CITES,2007
10.1038/nprot.2009.177,10.1186/1756-0381-1-12,CITES,2008
10.1038/nprot.2009.177,10.1086/504300,CITES,2006
10.1038/nprot.2009.177,10.1126/science.1061603,CITES,2001
10.1038/nprot.2009.177,10.1101/gr.1910904,CITES,2004
10.1038/nprot.2009.177,10.2202/1544-6115.1128,CITES,2005
10.1038/nprot.2009.177,10.1186/1471-2105-7-488,CITES,2006
10.1038/nprot.2009.177,10.1186/gb-2003-4-5-p3,CITES,2003
10.1038/nprot.2009.177,10.1073/pnas.0506580102,CITES,2005
10.1038/nprot.2009.177,10.1073/pnas.0400782101,CITES,2004
10.1038/nprot.2009.177,10.1186/1752-0509-2-36,CITES,2008
10.1038/nprot.2009.177,10.1002/spe.4380211102,CITES,1991
10.1016/j.knosys.2018.03.022,10.1007/b138283,CITES,2007
10.1016/j.knosys.2018.03.022,10.1109/TPAMI.2007.12,CITES,2007
10.1016/j.knosys.2018.03.022,10.1137/1.9781611972757.25,CITES,2005
10.1016/j.knosys.2018.03.022,10.1109/2945.841119,CITES,2000
10.1109/2945.841119,10.1145/948496.948503,CITES,1998
10.1109/2945.841119,10.1109/INFVIS.1999.801869,CITES,
10.1109/2945.841119,10.1007/3-540-37623-2_44,CITES,1998
10.1109/2945.841119,10.1109/INFVIS.1996.559226,CITES,
10.1109/2945.841119,10.1006/jvlc.1995.1010,CITES,1995
10.1109/2945.841119,10.1145/223904.223947,CITES,1995
10.1109/2945.841119,10.1145/217306.217311,CITES,1995
10.1109/2945.841119,10.1109/INFVIS.1997.636718,CITES,
10.1109/2945.841119,10.1145/234972.234975,CITES,1996
10.1109/2945.841119,10.1007/978-3-7091-6783-0_3,CITES,2000
10.1109/2945.841119,10.1109/43.87601,CITES,1991
10.1109/2945.841119,10.1145/146802.146826,CITES,1992
10.1109/2945.841119,10.1109/INFVIS.1999.801860,CITES,
10.1109/2945.841119,10.1016/0925-7721(94)00014-X,CITES,1988
10.1109/2945.841119,10.1007/3-540-52590-4_38,CITES,1990
10.1109/2945.841119,10.1016/0167-9260(95)00008-4,CITES,1995
10.1109/2945.841119,10.1109/INFVIS.1995.528692,CITES,
10.1109/2945.841119,10.1002/spe.4380200705,CITES,1990
10.1109/2945.841119,10.1016/S1389-1286(99)00045-6,CITES,1999
10.1109/2945.841119,10.1109/2945.468391,CITES,1995
10.1109/2945.841119,10.1109/INFVIS.1999.801859,CITES,
10.1109/2945.841119,10.1109/38.595268,CITES,1997
10.1109/2945.841119,10.1145/238386.238446,CITES,1996
10.1109/2945.841119,10.1145/215585.215978,CITES,1995
10.1109/2945.841119,10.1109/VISUAL.1999.809927,CITES,1999
10.1109/2945.841119,10.1109/INFVIS.1998.729557,CITES,
10.1109/2945.841119,10.1109/INFVIS.1995.528684,CITES,
10.1109/2945.841119,10.1109/INFVIS.1995.528689,CITES,
10.1109/2945.841119,10.1109/VISUAL.1991.175815,CITES,
10.1109/2945.841119,10.7155/jgaa.00001,CITES,1997
10.1109/2945.841119,10.1007/978-3-662-03822-2,CITES,1999
10.1109/2945.841119,10.1016/0020-0190(89)90102-6,CITES,1989
10.1109/2945.841119,10.1007/3-540-58950-3_382,CITES,1995
10.1109/2945.841119,10.1109/INFVIS.1996.559214,CITES,
10.1109/2945.841119,10.1016/S0305-0548(96)00083-4,CITES,1997
10.1109/2945.841119,10.1109/INFVIS.1998.729555,CITES,
10.1109/2945.841119,10.1016/S0378-8733(96)00299-7,CITES,1997
10.1109/2945.841119,10.1006/jvlc.1996.0003,CITES,1996
10.1109/2945.841119,10.1145/180171.180173,CITES,1994
10.1109/2945.841119,10.1007/978-1-4613-0457-9,CITES,1996
10.1109/2945.841119,10.1007/s004539900046,CITES,1996
10.1109/2945.841119,10.1145/223904.223956,CITES,1995
10.1109/2945.841119,10.1287/ijoc.11.1.44,CITES,1999
10.1109/2945.841119,10.1002/spe.4380211102,CITES,1991
10.1109/2945.841119,10.1007/978-3-642-59195-2_2,CITES,1997
10.1109/2945.841119,10.1007/978-3-642-77586-4_19,CITES,1992
10.1109/2945.841119,10.1007/3-540-58950-3_384,CITES,1995
10.1109/2945.841119,10.1137/0604033,CITES,1983
10.1109/2945.841119,10.1145/288392.288579,CITES,1998
10.1109/2945.841119,10.1145/223904.223934,CITES,1995
10.1109/2945.841119,10.1145/22627.22342,CITES,1986
10.1109/2945.841119,10.1007/978-3-7091-6803-5_23,CITES,1999
10.1109/2945.841119,10.1109/INFVIS.1995.528691,CITES,
10.1109/2945.841119,10.1006/jvlc.1998.0094,CITES,1998
10.1109/2945.841119,10.1145/321850.321852,CITES,1974
10.1109/2945.841119,10.1111/1467-8659.00235,CITES,1998
10.1109/2945.841119,10.1007/3-540-46648-7_40,CITES,1999
10.1109/2945.841119,10.1145/234535.234538,CITES,1996
10.1109/2945.841119,10.1109/IV.1997.626486,CITES,
10.1109/2945.841119,10.1145/255950.153577,CITES,1993
10.1109/2945.841119,10.1145/108844.108883,CITES,1991
10.1109/2945.841119,10.1109/WVL.1989.77035,CITES,1989
10.1109/2945.841119,10.1109/TSE.1981.234519,CITES,1981
10.1109/2945.841119,10.1145/264216.264222,CITES,1997
10.1109/2945.841119,10.1145/276627.276635,CITES,1998
10.1109/2945.841119,10.1016/0304-3975(94)90179-1,CITES,1994
10.1109/2945.841119,10.1109/2.722291,CITES,1998
10.1109/2945.841119,10.1109/21.108304,CITES,1991
10.1109/2945.841119,10.1109/TSMC.1981.4308636,CITES,1981
10.1109/2945.841119,10.1109/INFVIS.1998.729562,CITES,
10.1109/2945.841119,10.1109/VL.1993.269613,CITES,
10.1109/2945.841119,10.1112/plms/s3-13.1.743,CITES,1963
10.1109/2945.841119,10.1145/142750.142763,CITES,1992
10.1109/2945.841119,10.1109/INFVIS.1999.801861,CITES,
10.1109/2945.841119,10.1016/B978-0-12-745045-2.50011-8,CITES,1993
10.1109/2945.841119,10.1145/230562.230577,CITES,1996
10.1109/2945.841119,10.1109/INFVIS.1998.729553,CITES,
10.1109/2945.841119,10.1145/198366.198384,CITES,1994
10.1016/j.knosys.2018.03.022,10.5169/SEALS-266450,CITES,
10.1145/3543873.3587570,10.1007/s11192-021-03984-1,CITES,2021
10.1007/s11192-021-03984-1,10.1162/qss_e_00061,CITES,2020
10.1162/qss_e_00061,10.1515/9781400821617,CITES,2020
10.1162/qss_e_00061,10.1162/qss_a_00062,CITES,2020
10.1162/qss_e_00061,10.1162/qss_a_00057,CITES,2020
10.1162/qss_e_00061,10.1162/qss_a_00059,CITES,2020
10.1162/qss_e_00061,10.1162/qss_a_00065,CITES,2020
10.1162/qss_e_00061,10.1162/qss_a_00055,CITES,2020
10.1162/qss_e_00061,10.1162/qss_a_00054,CITES,2020
10.1162/qss_e_00061,10.1162/qss_a_00056,CITES,2020
10.1162/qss_e_00061,10.1162/qss_a_00060,CITES,2020
10.1162/qss_e_00061,10.1162/qss_a_00058,CITES,2020
10.1162/qss_e_00061,10.1162/qss_a_00063,CITES,2020
10.1162/qss_e_00061,10.1162/qss_a_00064,CITES,2020
10.1162/qss_e_00061,10.1093/RESEVAL/RVY030,CITES,2018
10.1162/qss_e_00061,10.1093/RESEVAL/RVY029,CITES,2018
10.1162/qss_e_00061,10.1371/journal.pone.0199031,CITES,2018
10.1162/qss_e_00061,10.2307/j.ctvgd30v,CITES,2018
10.1162/qss_e_00061,10.1162/qss_a_00053,CITES,2018
10.1162/qss_e_00061,10.1097/ACM.0000000000001261,CITES,2016
10.1162/qss_e_00061,10.1177/0306312716652249,CITES,2016
10.1162/qss_e_00061,10.1093/RESEVAL/RVV038,CITES,2016
10.1162/qss_e_00061,10.1038/520429a,CITES,2015
10.1162/qss_e_00061,10.1177/0011392113512839,CITES,2014
10.1162/qss_e_00061,10.1016/J.JOI.2014.06.003,CITES,2014
10.1162/qss_e_00061,10.1242/jcs.134460,CITES,2013
10.1162/qss_e_00061,10.1007/s11192-012-0861-z,CITES,2012
10.1162/qss_e_00061,10.1111/j.1467-954X.2012.02077.x,CITES,2012
10.1162/qss_e_00061,10.1525/AUK.2011.128.2.435,CITES,2011
10.1162/qss_e_00061,10.1016/J.RESPOL.2012.03.010,CITES,2011
10.1162/qss_e_00061,10.3152/095820210X512069,CITES,2010
10.1162/qss_e_00061,10.1007/BF02461129,CITES,2010
10.1162/qss_e_00061,10.1080/00221546.2007.11772329,CITES,2007
10.1162/qss_e_00061,10.5465/amr.2006.22528646,CITES,2007
10.1162/qss_e_00061,10.1093/OXFORDHB/9780199226443.003.0015,CITES,2007
10.1162/qss_e_00061,10.1126/SCIENCE.1114801,CITES,2005
10.1162/qss_e_00061,10.1007/s11192-005-0007-7,CITES,2005
10.1162/qss_e_00061,10.1080/0034340052000320887,CITES,2005
10.1162/qss_e_00061,10.7208/CHICAGO/9780226668253.001.0001,CITES,1997
10.1162/qss_e_00061,10.1215/00182702-28-3-529,CITES,1996
10.1162/qss_e_00061,10.1162/posc_a_00484,CITES,1995
10.1162/qss_e_00061,10.2307/2076669,CITES,1994
10.1162/qss_e_00061,10.1007/BF02017073,CITES,1989
10.1162/qss_e_00061,10.1007/BF02017060,CITES,1989
10.1162/qss_e_00061,10.1007/BF02017058,CITES,1989
10.1162/qss_e_00061,10.1007/BF02017070,CITES,1989
10.1162/qss_e_00061,10.1177/030631285015004002,CITES,1985
10.1162/qss_e_00061,10.1111/j.1467-954X.1984.tb00113.x,CITES,1984
10.1162/qss_e_00061,10.1177/053901883022002003,CITES,1983
10.1162/qss_e_00061,10.2307/1316979,CITES,1980
10.1162/qss_e_00061,10.1177/007327537901700202,CITES,1979
10.1162/qss_e_00061,10.2307/590007,CITES,1977
10.1162/qss_e_00061,10.1177/030631277700700112,CITES,1977
10.1162/qss_e_00061,10.2307/2087142,CITES,1948
10.1162/qss_e_00061,10.1038/143262A0,CITES,1939
10.1162/qss_e_00061,10.5860/choice.49-0822,CITES,2011
10.1162/qss_e_00061,10.1007/978-1-349-07408-2,CITES,1986
10.1007/s11192-021-03984-1,10.1162/qss_a_00056,CITES,2020
10.1162/qss_a_00056,10.1177/0049124117729703,CITES,2020
10.1162/qss_a_00056,10.1177/1536504219883850,CITES,2019
10.1162/qss_a_00056,10.18653/v1/D19-1661,CITES,2019
10.1162/qss_a_00056,10.5465/ANNALS.2017.0099,CITES,2019
10.1162/qss_a_00056,10.1038/s41586-019-0941-9,CITES,2019
10.1162/qss_a_00056,10.1016/J.RESPOL.2018.06.014,CITES,2018
10.1162/qss_a_00056,10.18653/v1/P18-1228,CITES,2018
10.1162/qss_a_00056,10.1177/0003122419877135,CITES,2018
10.1162/qss_a_00056,10.1126/science.aao0185,CITES,2018
10.1162/qss_a_00056,10.1073/pnas.1720347115,CITES,2017
10.1162/qss_a_00056,10.1126/science.aal4230,CITES,2016
10.1162/qss_a_00056,10.18653/v1/P16-1141,CITES,2016
10.1162/qss_a_00056,10.1162/COLI_a_00239,CITES,2015
10.1162/qss_a_00056,10.1177/2053951715604334,CITES,2015
10.1162/qss_a_00056,10.1037/xlm0000037,CITES,2015
10.1162/qss_a_00056,10.3115/v1/D14-1162,CITES,2014
10.1162/qss_a_00056,10.1016/J.JOI.2014.06.003,CITES,2014
10.1162/qss_a_00056,10.1086/675893,CITES,2013
10.1162/qss_a_00056,10.1086/675891,CITES,2013
10.1162/qss_a_00056,10.1073/pnas.1205259109,CITES,2012
10.1162/qss_a_00056,10.1017/CBO9781139196949,CITES,2012
10.1162/qss_a_00056,10.1525/AA.1964.66.3.02A00880,CITES,2009
10.1162/qss_a_00056,10.1126/science.317.5837.435b,CITES,2007
10.1162/qss_a_00056,10.1177/030631201031005001,CITES,2001
10.1162/qss_a_00056,10.1177/030631297027001004,CITES,1997
10.1162/qss_a_00056,10.1177/0003603X8603100308,CITES,1986
10.1162/qss_a_00056,10.1177/030631278101100101,CITES,1981
10.1162/qss_a_00056,10.1038/184411A0,CITES,1959
10.1162/qss_a_00056,10.2307/411335,CITES,1958
10.1162/qss_a_00056,10.5860/choice.35-3932,CITES,2016
10.1162/qss_a_00056,10.2307/40252749,CITES,2005
10.1162/qss_a_00056,10.5860/choice.37-0887,CITES,1999
10.1162/qss_a_00056,10.1088/0031-9120/20/4/304,CITES,1985
10.1162/qss_a_00056,10.2307/2184355,CITES,1975
10.1162/qss_a_00056,10.2307/2181906,CITES,1951
10.1007/s11192-021-03984-1,10.1007/s11192-020-03563-w,CITES,2020
10.1007/s11192-020-03563-w,10.1177/2056846013114,CITES,2020
10.1007/s11192-020-03563-w,10.4324/9780429039072-5,CITES,2019
10.1007/s11192-020-03563-w,10.1016/J.ENPOL.2018.04.048,CITES,2018
10.1007/s11192-020-03563-w,10.1177/1077699018792270,CITES,2018
10.1007/s11192-020-03563-w,10.1007/s11192-018-2858-8,CITES,2018
10.1007/s11192-020-03563-w,10.1215/9781478002000,CITES,2018
10.1007/s11192-020-03563-w,10.1080/01596306.2016.1278357,CITES,2018
10.1007/s11192-020-03563-w,10.1215/9780822371779,CITES,2018
10.1007/s11192-020-03563-w,10.1177/1028315318762582,CITES,2018
10.1007/s11192-020-03563-w,10.1007/S10734-018-0237-2,CITES,2018
10.1007/s11192-020-03563-w,10.1007/s10734-018-0237-2,CITES,2018
10.1007/s11192-020-03563-w,10.1080/09636412.2017.1416824,CITES,2018
10.1007/s11192-020-03563-w,10.1007/s11192-017-2634-1,CITES,2017
10.1007/s11192-020-03563-w,10.1007/S12109-017-9540-5,CITES,2017
10.1007/s11192-020-03563-w,10.1007/s12109-017-9535-2,CITES,2017
10.1007/s11192-020-03563-w,10.1080/0309877X.2017.1323192,CITES,2017
10.1007/s11192-020-03563-w,10.4324/9781315313733,CITES,2017
10.1007/s11192-020-03563-w,10.1177/0268580916675526,CITES,2017
10.1007/s11192-020-03563-w,10.1007/s11192-016-2126-8,CITES,2016
10.1007/s11192-020-03563-w,10.1515/9781614516378-004,CITES,2015
10.1007/s11192-020-03563-w,10.1126/sciadv.1500036,CITES,2015
10.1007/s11192-020-03563-w,10.1126/sciadv.1400005,CITES,2015
10.1007/s11192-020-03563-w,10.1177/1440783312448687,CITES,2014
10.1007/s11192-020-03563-w,10.1007/S10993-013-9272-0,CITES,2013
10.1007/s11192-020-03563-w,10.1177/1075547012472684,CITES,2013
10.1007/s11192-020-03563-w,10.1057/9781137265050.0011,CITES,2012
10.1007/s11192-020-03563-w,10.1163/9789460913082_007,CITES,2010
10.1007/s11192-020-03563-w,10.1007/s11192-010-0190-z,CITES,2010
10.1007/s11192-020-03563-w,10.1016/J.JEAP.2008.03.009,CITES,2008
10.1007/s11192-020-03563-w,10.1177/000312240507000602,CITES,2005
10.1007/s11192-020-03563-w,10.1111/J.1460-2466.2005.TB02663.X,CITES,2005
10.1007/s11192-020-03563-w,10.1016/j.mce.2004.09.001,CITES,2004
10.1007/s11192-020-03563-w,10.1023/B:HIGH.0000033770.24848.41,CITES,2004
10.1007/s11192-020-03563-w,10.1177/000312240406900205,CITES,2004
10.1007/s11192-020-03563-w,10.1177/000312240406900204,CITES,2004
10.1007/s11192-020-03563-w,10.1080/00221546.2004.11778900,CITES,2004
10.1007/s11192-020-03563-w,10.1002/JOB.178,CITES,2003
10.1007/s11192-020-03563-w,10.2307/4140703,CITES,2002
10.1007/s11192-020-03563-w,10.1080/1361332022000030879,CITES,2002
10.1007/s11192-020-03563-w,10.1023/A:1026790026117,CITES,2001
10.1007/s11192-020-03563-w,10.2307/2654129,CITES,1999
10.1007/s11192-020-03563-w,10.5195/JWSR.1998.148,CITES,1998
10.1007/s11192-020-03563-w,10.2307/591334,CITES,1998
10.1007/s11192-020-03563-w,10.1007/BF02459289,CITES,1997
10.1007/s11192-020-03563-w,10.1086/231174,CITES,1997
10.1007/s11192-020-03563-w,10.1515/9781503615427,CITES,1996
10.1007/s11192-020-03563-w,10.1007/BF02691988,CITES,1994
10.1007/s11192-020-03563-w,10.2307/2112679,CITES,1992
10.1007/s11192-020-03563-w,10.1111/J.1365-4362.1988.TB02325.X,CITES,1988
10.1007/s11192-020-03563-w,10.2307/2579159,CITES,1987
10.1007/s11192-020-03563-w,10.2307/1388941,CITES,1986
10.1007/s11192-020-03563-w,10.2307/1389073,CITES,1985
10.1007/s11192-020-03563-w,10.2307/2094529,CITES,1979
10.1007/s11192-020-03563-w,10.2307/2094628,CITES,1978
10.1007/s11192-020-03563-w,10.1126/SCIENCE.149.3683.510,CITES,1965
10.1007/s11192-020-03563-w,10.17646/kome.75672.40,CITES,2019
10.1007/s11192-020-03563-w,10.1007/978-3-319-73299-2_4,CITES,2018
10.1007/s11192-020-03563-w,10.17646/KOME.75692.94,CITES,2018
10.1007/s11192-020-03563-w,10.1007/978-3-319-73299-2_1,CITES,2018
10.1007/s11192-020-03563-w,10.1007/978-3-319-10720-2,CITES,2015
10.1007/s11192-020-03563-w,10.1057/9781137265050,CITES,2012
10.1007/s11192-020-03563-w,10.1163/9789460913082,CITES,2010
10.1007/s11192-020-03563-w,10.1111/1467-9310.00154,CITES,2000
10.1007/s11192-021-03984-1,10.1177/0038038519853146,CITES,2020
10.1177/0038038519853146,10.1002/9781405165518.wbeos1232,CITES,2018
10.1177/0038038519853146,10.21105/JOSS.00772,CITES,2018
10.1177/0038038519853146,10.1007/S12108-017-9348-Y,CITES,2018
10.1177/0038038519853146,10.1515/zfsoz-2018-1000,CITES,2018
10.1177/0038038519853146,10.1080/19460171.2017.1403342,CITES,2018
10.1177/0038038519853146,10.1177/1360780417734146,CITES,2017
10.1177/0038038519853146,10.1177/0539018416675071,CITES,2017
10.1177/0038038519853146,10.1007/s10734-017-0116-2,CITES,2017
10.1177/0038038519853146,10.1007/S12108-015-9296-3,CITES,2016
10.1177/0038038519853146,10.1086/686942,CITES,2016
10.1177/0038038519853146,10.1017/S0003975616000047,CITES,2016
10.1177/0038038519853146,10.1111/cars.12079,CITES,2015
10.1177/0038038519853146,10.1177/0038038514542495,CITES,2015
10.1177/0038038519853146,10.1007/S12108-015-9260-2,CITES,2015
10.1177/0038038519853146,10.1007/s11192-013-1218-y,CITES,2014
10.1177/0038038519853146,10.1177/2329496514540131,CITES,2014
10.1177/0038038519853146,10.1111/AJPS.12103,CITES,2014
10.1177/0038038519853146,10.1093/acrefore/9780190228637.013.15,CITES,2013
10.1177/0038038519853146,10.18637/JSS.V055.I08,CITES,2013
10.1177/0038038519853146,10.1093/pan/mps028,CITES,2013
10.1177/0038038519853146,10.17169/FQS-14.1.1813,CITES,2012
10.1177/0038038519853146,10.1145/2133806.2133826,CITES,2012
10.1177/0038038519853146,10.1177/0038038511419178,CITES,2012
10.1177/0038038519853146,10.1007/s11192-011-0342-9,CITES,2011
10.1177/0038038519853146,10.1007/S10734-011-9414-2,CITES,2011
10.1177/0038038519853146,10.1177/0038038510362477,CITES,2010
10.1177/0038038519853146,10.1016/J.RSSM.2009.12.001,CITES,2010
10.1177/0038038519853146,10.1007/s10734-008-9139-z,CITES,2009
10.1177/0038038519853146,10.1007/S11024-009-9129-Z,CITES,2008
10.1177/0038038519853146,10.1007/S12108-008-9051-0,CITES,2008
10.1177/0038038519853146,10.1007/S12108-008-9042-1,CITES,2008
10.1177/0038038519853146,10.18637/JSS.V025.I01,CITES,2008
10.1177/0038038519853146,10.1016/J.POETIC.2007.10.001,CITES,2007
10.1177/0038038519853146,10.1111/J.1540-5907.2008.00338.X,CITES,2007
10.1177/0038038519853146,10.1007/S12108-006-1006-8,CITES,2006
10.1177/0038038519853146,10.1111/j.1533-8525.2006.00053.x,CITES,2006
10.1177/0038038519853146,10.1016/J.SSRESEARCH.2006.03.001,CITES,2006
10.1177/0038038519853146,10.1177/0306312705052359,CITES,2005
10.1177/0038038519853146,10.1007/S12108-005-1014-0,CITES,2005
10.1177/0038038519853146,10.1177/000312240507000102,CITES,2005
10.1177/0038038519853146,10.1177/000312240406900204,CITES,2004
10.1177/0038038519853146,10.1177/0038038504039372,CITES,2004
10.1177/0038038519853146,10.1525/SP.2003.50.2.251,CITES,2003
10.1177/0038038519853146,10.1146/ANNUREV.SOC.28.110601.141107,CITES,2002
10.1177/0038038519853146,10.2307/1389475,CITES,1998
10.1177/0038038519853146,10.1007/BF01476360,CITES,1994
10.1177/0038038519853146,10.3102/0013189X018007004,CITES,1989
10.1177/0038038519853146,10.2307/2095666,CITES,1989
10.1177/0038038519853146,10.2307/202060,CITES,1989
10.1177/0038038519853146,10.1086/354848,CITES,1988
10.1177/0038038519853146,10.4135/9781412961288.n223,CITES,1988
10.1177/0038038519853146,10.1111/J.1365-4362.1988.TB02325.X,CITES,1988
10.1177/0038038519853146,10.1016/0304-422X(85)90003-8,CITES,1985
10.1177/0038038519853146,10.1007/s11192-012-0738-1,CITES,2012
10.1177/0038038519853146,10.4135/9781446212165.N2,CITES,2008
10.1177/0038038519853146,10.4324/9780203793206-1,CITES,1967
10.1007/s11192-021-03984-1,10.1007/s10734-020-00500-x,CITES,2020
10.1007/s10734-020-00500-x,10.18637/JSS.V091.I02,CITES,2019
10.1007/s10734-020-00500-x,10.4324/9780429039072-5,CITES,2019
10.1007/s10734-020-00500-x,10.1177/1028315317710093,CITES,2018
10.1007/s10734-020-00500-x,10.1080/07294360.2017.1389858,CITES,2018
10.1007/s10734-020-00500-x,10.1177/1749975518764861,CITES,2018
10.1007/s10734-020-00500-x,10.1007/S10734-018-0230-9,CITES,2018
10.1007/s10734-020-00500-x,10.1007/s11192-016-2228-3,CITES,2017
10.1007/s10734-020-00500-x,10.1080/01621459.2015.1051182,CITES,2016
10.1007/s10734-020-00500-x,10.1017/CBO9781316257340.004,CITES,2016
10.1007/s10734-020-00500-x,10.1080/1360080X.2015.1035523,CITES,2015
10.1007/s10734-020-00500-x,10.1057/HEP.2014.31,CITES,2015
10.1007/s10734-020-00500-x,10.1080/03075079.2014.977858,CITES,2015
10.1007/s10734-020-00500-x,10.1177/0098628314562683,CITES,2015
10.1007/s10734-020-00500-x,10.1108/IJSHE-08-2012-0075,CITES,2014
10.1007/s10734-020-00500-x,10.1007/S10734-013-9695-8,CITES,2014
10.1007/s10734-020-00500-x,10.1111/AJPS.12103,CITES,2014
10.1007/s10734-020-00500-x,10.1002/asi.23329,CITES,2014
10.1007/s10734-020-00500-x,10.2139/SSRN.2353846,CITES,2014
10.1007/s10734-020-00500-x,10.1007/S10734-014-9718-0,CITES,2014
10.1007/s10734-020-00500-x,10.1080/03075079.2011.646258,CITES,2014
10.1007/s10734-020-00500-x,10.1016/J.POETIC.2013.08.004,CITES,2013
10.1007/s10734-020-00500-x,10.1016/J.POETIC.2013.10.001,CITES,2013
10.1007/s10734-020-00500-x,10.1111/HEQU.12015,CITES,2013
10.1007/s10734-020-00500-x,10.1057/hep.2013.30,CITES,2013
10.1007/s10734-020-00500-x,10.1093/pan/mps028,CITES,2013
10.1007/s10734-020-00500-x,10.1080/07294360.2012.750275,CITES,2013
10.1007/s10734-020-00500-x,10.1080/07294360.2012.751864,CITES,2013
10.1007/s10734-020-00500-x,10.1080/13562517.2012.658554,CITES,2012
10.1007/s10734-020-00500-x,10.1080/07294360.2012.690369,CITES,2012
10.1007/s10734-020-00500-x,10.1080/07294360.2012.719283,CITES,2012
10.1007/s10734-020-00500-x,10.1080/07294360.2012.642846,CITES,2012
10.1007/s10734-020-00500-x,10.1007/S10734-010-9404-9,CITES,2011
10.1007/s10734-020-00500-x,10.1080/07448481.2010.483706,CITES,2010
10.1007/s10734-020-00500-x,10.1007/S11162-010-9166-3,CITES,2010
10.1007/s10734-020-00500-x,10.1080/13562510903186824,CITES,2009
10.1007/s10734-020-00500-x,10.1353/CSD.0.0080,CITES,2009
10.1007/s10734-020-00500-x,10.1201/9781420059458,CITES,2009
10.1007/s10734-020-00500-x,10.1007/S10734-008-9173-X,CITES,2009
10.1007/s10734-020-00500-x,10.1080/13600800802558833,CITES,2009
10.1007/s10734-020-00500-x,10.1177/0306312707086190,CITES,2008
10.1007/s10734-020-00500-x,10.1177/0890334407304190,CITES,2007
10.1007/s10734-020-00500-x,10.1214/07-AOAS114,CITES,2007
10.1007/s10734-020-00500-x,10.1007/S10734-005-2429-9,CITES,2007
10.1007/s10734-020-00500-x,10.1353/CSD.2005.0061,CITES,2005
10.1007/s10734-020-00500-x,10.1073/PNAS.0307752101,CITES,2004
10.1007/s10734-020-00500-x,10.1023/B:IHIE.0000018911.00811.5C,CITES,2003
10.1007/s10734-020-00500-x,10.1023/A:1015573429956,CITES,2002
10.1007/s10734-020-00500-x,10.1353/RHE.1998.0004,CITES,1998
10.1007/s10734-020-00500-x,10.1007/BF01383735,CITES,1993
10.1007/s10734-020-00500-x,10.2307/2392977,CITES,1986
10.1007/s10734-020-00500-x,10.2307/2112203,CITES,1973
10.1007/s10734-020-00500-x,10.1119/1.1969660,CITES,1963
10.1007/s10734-020-00500-x,10.1007/978-3-319-94724-2,CITES,2014
10.1007/s10734-020-00500-x,10.1007/0-306-47662-2,CITES,2002
10.1007/s10734-020-00500-x,10.1007/0-306-47662-2_2,CITES,2000
10.1007/s10734-020-00500-x,10.1080/00221546.1990.11775093,CITES,1990
10.1007/s11192-021-03984-1,10.1016/J.NEUNET.2020.06.006,CITES,2019
10.1016/J.NEUNET.2020.06.006,10.1016/j.neucom.2019.11.112,CITES,2020
10.1016/J.NEUNET.2020.06.006,10.1093/bioinformatics/btz307,CITES,2019
10.1016/J.NEUNET.2020.06.006,10.1016/j.knosys.2019.105020,CITES,2019
10.1016/J.NEUNET.2020.06.006,10.1186/s13321-019-0396-x,CITES,2019
10.1016/J.NEUNET.2020.06.006,10.1609/AAAI.V34I04.5803,CITES,2019
10.1016/J.NEUNET.2020.06.006,10.1186/s40649-019-0069-y,CITES,2019
10.1016/J.NEUNET.2020.06.006,10.1007/978-0-387-39940-9_609,CITES,2019
10.1016/J.NEUNET.2020.06.006,10.1371/journal.pone.0220782,CITES,2019
10.1016/J.NEUNET.2020.06.006,10.1007/978-3-030-35166-3_21,CITES,2019
10.1016/J.NEUNET.2020.06.006,10.24963/ijcai.2019/563,CITES,2019
10.1016/J.NEUNET.2020.06.006,10.24963/ijcai.2019/366,CITES,2019
10.1016/J.NEUNET.2020.06.006,10.1109/TPAMI.2021.3081010,CITES,2019
10.1016/J.NEUNET.2020.06.006,10.1109/TKDE.2019.2957786,CITES,2019
10.1016/J.NEUNET.2020.06.006,10.1007/978-3-030-16841-4_25,CITES,2019
10.1016/J.NEUNET.2020.06.006,10.1109/tkde.2020.2981333,CITES,2018
10.1016/J.NEUNET.2020.06.006,10.1007/978-3-030-22038-9_15,CITES,2018
10.1016/J.NEUNET.2020.06.006,10.1016/J.NEUCOM.2018.05.095,CITES,2018
10.1016/J.NEUNET.2020.06.006,10.1002/0471667196.ess2165.pub2,CITES,2018
10.1016/J.NEUNET.2020.06.006,10.1609/AAAI.V33I01.33013558,CITES,2018
10.1016/J.NEUNET.2020.06.006,10.1007/s13748-018-0160-x,CITES,2018
10.1016/J.NEUNET.2020.06.006,10.18653/v1/W18-5101,CITES,2018
10.1016/J.NEUNET.2020.06.006,10.24963/ijcai.2018/439,CITES,2018
10.1016/J.NEUNET.2020.06.006,10.18653/v1/P18-1026,CITES,2018
10.1016/J.NEUNET.2020.06.006,10.1145/3219819.3219890,CITES,2018
10.1016/J.NEUNET.2020.06.006,10.1007/978-3-030-01228-1_25,CITES,2018
10.1016/J.NEUNET.2020.06.006,10.1145/3219819.3220078,CITES,2018
10.1016/J.NEUNET.2020.06.006,10.1609/aaai.v32i1.11782,CITES,2018
10.1016/J.NEUNET.2020.06.006,10.18653/v1/N18-2078,CITES,2018
10.1016/J.NEUNET.2020.06.006,10.1109/TNNLS.2018.2805098,CITES,2018
10.1016/J.NEUNET.2020.06.006,10.1109/TNNLS.2018.2803523,CITES,2018
10.1016/J.NEUNET.2020.06.006,10.1609/aaai.v33i01.33011110,CITES,2018
10.1016/J.NEUNET.2020.06.006,10.1007/978-3-030-01418-6_41,CITES,2018
10.1016/J.NEUNET.2020.06.006,10.1093/bioinformatics/bty294,CITES,2018
10.1016/J.NEUNET.2020.06.006,10.1145/3326362,CITES,2018
10.1016/J.NEUNET.2020.06.006,10.1609/aaai.v32i1.11604,CITES,2018
10.1016/J.NEUNET.2020.06.006,10.1016/j.patcog.2018.07.023,CITES,2017
10.1016/J.NEUNET.2020.06.006,10.1609/aaai.v32i1.11872,CITES,2017
10.1016/J.NEUNET.2020.06.006,10.17863/CAM.48429,CITES,2017
10.1016/J.NEUNET.2020.06.006,10.24963/ijcai.2018/505,CITES,2017
10.1016/J.NEUNET.2020.06.006,10.1109/TNNLS.2018.2804443,CITES,2017
10.1016/J.NEUNET.2020.06.006,10.1145/3097983.3098061,CITES,2017
10.1016/J.NEUNET.2020.06.006,10.1109/CVPR.2017.11,CITES,2017
10.1016/J.NEUNET.2020.06.006,10.1007/978-3-319-93417-4_38,CITES,2017
10.1016/J.NEUNET.2020.06.006,10.18653/v1/D17-1159,CITES,2017
10.1016/J.NEUNET.2020.06.006,10.1109/MSP.2017.2693418,CITES,2016
10.1016/J.NEUNET.2020.06.006,10.1145/2939672.2939754,CITES,2016
10.1016/J.NEUNET.2020.06.006,10.1145/2783258.2783417,CITES,2015
10.1016/J.NEUNET.2020.06.006,10.3115/v1/P15-1150,CITES,2015
10.1016/J.NEUNET.2020.06.006,10.3115/v1/D14-1179,CITES,2014
10.1016/J.NEUNET.2020.06.006,10.1145/2623330.2623732,CITES,2014
10.1016/J.NEUNET.2020.06.006,10.1016/J.KNOSYS.2013.03.012,CITES,2013
10.1016/J.NEUNET.2020.06.006,10.1109/TNNLS.2012.2222044,CITES,2012
10.1016/J.NEUNET.2020.06.006,10.1016/j.artint.2014.08.003,CITES,2012
10.1016/J.NEUNET.2020.06.006,10.5555/1953048.2078187,CITES,2011
10.1016/J.NEUNET.2020.06.006,10.1109/IJCNN.2010.5596796,CITES,2010
10.1016/J.NEUNET.2020.06.006,10.1016/J.ACHA.2010.04.005,CITES,2009
10.1016/J.NEUNET.2020.06.006,10.1007/978-3-642-04274-4_5,CITES,2009
10.1016/J.NEUNET.2020.06.006,10.1109/TNN.2008.2010350,CITES,2009
10.1016/J.NEUNET.2020.06.006,10.1016/j.neucom.2008.12.021,CITES,2009
10.1016/J.NEUNET.2020.06.006,10.1201/b17320-16,CITES,2008
10.1016/J.NEUNET.2020.06.006,10.5555/1756006.1859891,CITES,2008
10.1016/J.NEUNET.2020.06.006,10.1007/s11222-007-9033-z,CITES,2007
10.1016/J.NEUNET.2020.06.006,10.1109/TPAMI.2007.1115,CITES,2007
10.1016/J.NEUNET.2020.06.006,10.2174/138161207780765981,CITES,2007
10.1016/J.NEUNET.2020.06.006,10.1007/s10115-007-0103-5,CITES,2008
10.1016/J.NEUNET.2020.06.006,10.7551/mitpress/7503.003.0205,CITES,2007
10.1016/J.NEUNET.2020.06.006,10.7551/MITPRESS/9780262033589.001.0001,CITES,2006
10.1016/J.NEUNET.2020.06.006,10.1016/J.NEUNET.2005.07.009,CITES,2005
10.1016/J.NEUNET.2020.06.006,10.1109/TSMCB.2005.846635,CITES,2005
10.1016/J.NEUNET.2020.06.006,10.1162/0899766053491878,CITES,2005
10.1016/J.NEUNET.2020.06.006,10.1109/TNN.2004.837783,CITES,2004
10.1016/J.NEUNET.2020.06.006,10.1016/J.NEUNET.2004.06.009,CITES,2004
10.1016/J.NEUNET.2020.06.006,10.1016/J.NEUCOM.2004.01.008,CITES,2004
10.1016/J.NEUNET.2020.06.006,10.1198/tech.2003.s770,CITES,2003
10.1016/J.NEUNET.2020.06.006,10.1016/S0022-2836(03)00628-4,CITES,2003
10.1016/J.NEUNET.2020.06.006,10.1080/0371750X.2003.11012105,CITES,2003
10.1016/J.NEUNET.2020.06.006,10.1109/TNN.2003.810735,CITES,2003
10.1016/J.NEUNET.2020.06.006,10.1017/CBO9780511814068,CITES,2001
10.1016/J.NEUNET.2020.06.006,10.1023/A:1007649326333,CITES,1999
10.1016/J.NEUNET.2020.06.006,10.1109/72.712151,CITES,1998
10.1016/J.NEUNET.2020.06.006,10.1162/neco.1997.9.8.1735,CITES,1997
10.1016/J.NEUNET.2020.06.006,10.1109/72.572108,CITES,1997
10.1016/J.NEUNET.2020.06.006,10.1109/72.279181,CITES,1994
10.1016/J.NEUNET.2020.06.006,10.1021/JM00106A046,CITES,1991
10.1016/J.NEUNET.2020.06.006,10.1016/S0925-2312(98)00030-7,CITES,1990
10.1016/J.NEUNET.2020.06.006,10.1007/BF02551274,CITES,1989
10.1016/J.NEUNET.2020.06.006,10.1109/TNNLS.2020.2978386,CITES,2019
10.1016/J.NEUNET.2020.06.006,10.1109/TNN.2008.2005605,CITES,2009
10.1016/J.NEUNET.2020.06.006,10.1109/TNN.2009.2015974,CITES,2009
10.1016/J.NEUNET.2020.06.006,10.1093/bioinformatics/bti1007,CITES,2005
10.1016/J.NEUNET.2020.06.006,10.1533/9780857099464.1.30,CITES,2005
10.1016/J.NEUNET.2020.06.006,10.1007/BF00994018,CITES,2004
10.1016/J.NEUNET.2020.06.006,10.1093/bioinformatics/17.1.107,CITES,2001
10.1016/J.NEUNET.2020.06.006,10.1007/978-0-387-84858-7,CITES,2009
10.1016/J.NEUNET.2020.06.006,10.1090/cbms/062/06,CITES,2001
10.1016/J.NEUNET.2020.06.006,10.1090/S0002-9947-1984-0756039-5,CITES,1984
10.1016/J.NEUNET.2020.06.006,10.1090/s0002-9947-1984-0756039-5,CITES,1984
10.1007/s11192-021-03984-1,10.1007/s11192-019-03206-9,CITES,2019
10.1007/s11192-019-03206-9,10.1145/2970398.2970409,CITES,2016
10.1007/s11192-019-03206-9,10.1145/2911451.2914688,CITES,2016
10.1007/s11192-019-03206-9,10.1016/j.joi.2019.01.010,CITES,2019
10.1007/s11192-019-03206-9,10.3115/1225403.1225421,CITES,2006
10.1007/s11192-019-03206-9,10.1016/S0169-7552(98)00110-X,CITES,1998
10.1007/s11192-019-03206-9,10.1109/ICDE.2008.4497429,CITES,2008
10.1007/s11192-019-03206-9,10.1145/2806416.2806512,CITES,2015
10.1007/s11192-019-03206-9,10.1145/3097983.3098036,CITES,2017
10.1007/s11192-019-03206-9,10.1002/aris.1440380105,CITES,2004
10.1007/s11192-019-03206-9,10.1007/s11192-010-0160-5,CITES,2010
10.1007/s11192-019-03206-9,10.1007/978-3-319-56608-5_30,CITES,2017
10.1007/s11192-019-03206-9,10.1016/j.knosys.2018.03.022,CITES,2017
10.1007/s11192-019-03206-9,10.1145/2939672.2939754,CITES,2016
10.1007/s11192-019-03206-9,10.1007/s11192-018-2718-6,CITES,2018
10.1007/s11192-019-03206-9,10.1145/3132733,CITES,2018
10.1007/s11192-019-03206-9,10.1007/s11192-018-2783-x,CITES,2018
10.1007/s11192-019-03206-9,10.1109/TETC.2018.2830698,CITES,2021
10.1007/s11192-019-03206-9,10.1007/s00799-017-0219-5,CITES,2018
10.1007/s11192-019-03206-9,10.1007/s00799-017-0220-z,CITES,2018
10.1007/s11192-019-03206-9,10.1007/978-3-319-67008-9_24,CITES,2017
10.1007/s11192-019-03206-9,10.1145/3109859.3109889,CITES,2017
10.1007/s11192-019-03206-9,10.1007/978-3-319-98192-5_22,CITES,2018
10.1007/s11192-019-03206-9,10.3115/v1/D14-1162,CITES,2014
10.1007/s11192-019-03206-9,10.1145/2623330.2623732,CITES,2014
10.1007/s11192-019-03206-9,10.1108/eb046814,CITES,1980
10.1007/s11192-019-03206-9,10.1017/CBO9781139058452,CITES,2011
10.1007/s11192-019-03206-9,10.21437/Interspeech.2014-80,CITES,2014
10.1007/s11192-019-03206-9,10.1007/978-3-319-66808-6_16,CITES,2017
10.1007/s11192-019-03206-9,10.1145/2740908.2742839,CITES,2015
10.1007/s11192-019-03206-9,10.1145/1401890.1402008,CITES,2008
10.1007/s11192-019-03206-9,10.1145/2783258.2783307,CITES,2015
10.1007/s11192-019-03206-9,10.1145/2736277.2741093,CITES,2015
10.1007/s11192-019-03206-9,10.1145/2939672.2939753,CITES,2016
10.1007/s11192-019-03206-9,10.1145/3269206.3269252,CITES,2018
10.1007/s11192-019-03206-9,10.1145/2983323.2983755,CITES,2016
10.1007/s11192-019-03206-9,10.1007/s11192-011-0456-0,CITES,2011
10.1007/s11192-019-03206-9,10.1109/ICDM.2016.0072,CITES,2016
10.1007/s11192-019-03206-9,10.1145/3269206.3269320,CITES,2018
10.1007/s11192-019-03206-9,10.24963/ijcai.2018/438,CITES,2018
10.1007/s11192-019-03206-9,10.1007/s11192-019-03010-5,CITES,2019
10.1007/s11192-019-03206-9,10.1007/s11192-018-2726-6,CITES,2018
10.1007/s11192-019-03206-9,10.1016/j.websem.2019.02.001,CITES,2019
10.1007/s11192-019-03206-9,10.1145/1277741.1277825,CITES,2007
10.1007/s11192-021-03984-1,10.18653/v1/P19-1452,CITES,2019
10.18653/v1/P19-1452,10.18653/v1/P19-1441,CITES,2019
10.18653/v1/P19-1452,10.18653/v1/D18-1179,CITES,2018
10.18653/v1/P19-1452,10.18653/v1/D18-1151,CITES,2018
10.18653/v1/P19-1452,10.18653/v1/p18-2003,CITES,2018
10.18653/v1/P19-1452,10.18653/v1/P18-1198,CITES,2018
10.18653/v1/P19-1452,10.18653/v1/N18-1202,CITES,2018
10.18653/v1/P19-1452,10.1609/aaai.v31i1.11165,CITES,2017
10.18653/v1/P19-1452,10.18653/v1/D16-1159,CITES,2016
10.18653/v1/P19-1452,10.1162/tacl_a_00152,CITES,2015
10.18653/v1/P19-1452,10.3115/v1/P14-5010,CITES,2014
10.18653/v1/P19-1452,10.3115/1621969.1621986,CITES,2009
10.18653/v1/P19-1452,10.18653/v1/N19-1423,CITES,2019
10.1007/s11192-021-03984-1,10.1109/TPAMI.2021.3081010,CITES,2019
10.1109/TPAMI.2021.3081010,10.1145/3219819.3219947,CITES,2018
10.1109/TPAMI.2021.3081010,10.1109/TSP.2018.2887403,CITES,2018
10.1109/TPAMI.2021.3081010,10.1609/aaai.v32i1.11782,CITES,2018
10.1109/TPAMI.2021.3081010,10.1109/CVPR.2018.00097,CITES,2017
10.1109/TPAMI.2021.3081010,10.1109/ICDM.2017.107,CITES,2017
10.1109/TPAMI.2021.3081010,10.17863/CAM.48429,CITES,2017
10.1109/TPAMI.2021.3081010,10.1093/bioinformatics/btx252,CITES,2017
10.1109/TPAMI.2021.3081010,10.1109/CVPR.2017.11,CITES,2017
10.1109/TPAMI.2021.3081010,10.1007/978-3-319-93417-4_38,CITES,2017
10.1109/TPAMI.2021.3081010,10.1109/CVPRW.2017.156,CITES,2016
10.1109/TPAMI.2021.3081010,10.1109/CVPR.2017.576,CITES,2016
10.1109/TPAMI.2021.3081010,10.1109/MSP.2017.2693418,CITES,2016
10.1109/TPAMI.2021.3081010,10.1109/CVPR.2017.632,CITES,2016
10.1109/TPAMI.2021.3081010,10.1109/CVPR.2017.243,CITES,2016
10.1109/TPAMI.2021.3081010,10.1007/978-3-319-46723-8_49,CITES,2016
10.1109/TPAMI.2021.3081010,10.1109/SAM.2016.7569707,CITES,2016
10.1109/TPAMI.2021.3081010,10.1109/TPAMI.2016.2644615,CITES,2015
10.1109/TPAMI.2021.3081010,10.1007/978-3-319-24574-4_28,CITES,2015
10.1109/TPAMI.2021.3081010,10.1109/ICCV.2015.178,CITES,2015
10.1109/TPAMI.2021.3081010,10.1109/CVPR.2015.7298965,CITES,2014
10.1109/TPAMI.2021.3081010,10.3115/v1/P14-1062,CITES,2014
10.1109/TPAMI.2021.3081010,10.1145/2623330.2623732,CITES,2014
10.1109/TPAMI.2021.3081010,10.1201/b17320-16,CITES,2008
10.1109/TPAMI.2021.3081010,10.1109/IJCNN.2005.1555942,CITES,2005
10.1109/TPAMI.2021.3081010,10.1016/S0022-2836(03)00628-4,CITES,2003
10.1109/TPAMI.2021.3081010,10.1016/b978-0-32-385787-1.00009-9,CITES,2022
10.1109/TPAMI.2021.3081010,10.5555/2627435.2670313,CITES,2014
10.1109/TPAMI.2021.3081010,10.1007/978-3-642-35289-8_3,CITES,2012
10.1109/TPAMI.2021.3081010,10.1109/TNN.2008.2005605,CITES,2009
10.1109/TPAMI.2021.3081010,10.1093/bioinformatics/bti1007,CITES,2005
10.1007/s11192-021-03984-1,10.1007/s11192-020-03561-y,CITES,2019
10.1007/s11192-020-03561-y,10.1016/J.JOI.2019.01.010,CITES,2019
10.1007/s11192-020-03561-y,10.1109/ACCESS.2018.2872730,CITES,2018
10.1007/s11192-020-03561-y,10.18653/v1/N18-1149,CITES,2018
10.1007/s11192-020-03561-y,10.1145/3183370,CITES,2018
10.1007/s11192-020-03561-y,10.1145/3077136.3080730,CITES,2017
10.1007/s11192-020-03561-y,10.1145/3072606,CITES,2017
10.1007/s11192-020-03561-y,10.1109/ACCESS.2015.2481320,CITES,2015
10.1007/s11192-020-03561-y,10.1007/s11192-015-1595-5,CITES,2015
10.1007/s11192-020-03561-y,10.1002/asi.23394,CITES,2015
10.1007/s11192-020-03561-y,10.1609/aaai.v29i1.9528,CITES,2015
10.1007/s11192-020-03561-y,10.1145/2600428.2609564,CITES,2014
10.1007/s11192-020-03561-y,10.1145/1935826.1935926,CITES,2011
10.1007/s11192-020-03561-y,10.1145/1772690.1772734,CITES,2010
10.1007/s11192-020-03561-y,10.1016/j.joi.2010.01.002,CITES,2009
10.1007/s11192-020-03561-y,10.1007/s10579-012-9211-2,CITES,2009
10.1007/s11192-020-03561-y,10.3115/1075096.1075167,CITES,2003
10.1007/s11192-020-03561-y,10.3115/1075096.1075117,CITES,2003
10.1007/s11192-020-03561-y,10.3115/1073083.1073135,CITES,2002
10.1007/s11192-020-03561-y,10.5555/972705.972707,CITES,1997
10.1007/s11192-020-03561-y,10.18653/v1/N19-1423,CITES,2019
10.1007/s11192-020-03561-y,10.18653/v1/n18-3,CITES,2018
10.1007/s11192-020-03561-y,10.1007/10579.1574-0218,CITES,1966
10.1007/s11192-021-03984-1,10.1016/J.AIOPEN.2021.01.001,CITES,2018
10.1016/J.AIOPEN.2021.01.001,10.1145/3394486.3403140,CITES,2020
10.1016/J.AIOPEN.2021.01.001,10.1145/3394486.3403296,CITES,2020
10.1016/J.AIOPEN.2021.01.001,10.24963/ijcai.2020/619,CITES,2020
10.1016/J.AIOPEN.2021.01.001,10.1145/3394486.3403237,CITES,2020
10.1016/J.AIOPEN.2021.01.001,10.1145/3394486.3403168,CITES,2020
10.1016/J.AIOPEN.2021.01.001,10.1609/AAAI.V34I01.5455,CITES,2020
10.1016/J.AIOPEN.2021.01.001,10.1145/3366423.3380027,CITES,2020
10.1016/J.AIOPEN.2021.01.001,10.1145/3366423.3380297,CITES,2020
10.1016/J.AIOPEN.2021.01.001,10.1609/AAAI.V34I01.5477,CITES,2019
10.1016/J.AIOPEN.2021.01.001,10.1186/s40649-019-0069-y,CITES,2019
10.1016/J.AIOPEN.2021.01.001,10.1145/3357384.3358156,CITES,2019
10.1016/J.AIOPEN.2021.01.001,10.18653/v1/2020.acl-main.655,CITES,2019
10.1016/J.AIOPEN.2021.01.001,10.18653/v1/2020.acl-main.549,CITES,2019
10.1016/J.AIOPEN.2021.01.001,10.1609/AAAI.V34I04.5747,CITES,2020
10.1016/J.AIOPEN.2021.01.001,10.1145/3394486.3403132,CITES,2019
10.1016/J.AIOPEN.2021.01.001,10.1109/ICCV.2019.00662,CITES,2019
10.1016/J.AIOPEN.2021.01.001,10.1145/3292500.3330785,CITES,2019
10.1016/J.AIOPEN.2021.01.001,10.1145/3292500.3330961,CITES,2019
10.1016/J.AIOPEN.2021.01.001,10.1145/3292500.3330851,CITES,2019
10.1016/J.AIOPEN.2021.01.001,10.18653/v1/P19-1085,CITES,2019
10.1016/J.AIOPEN.2021.01.001,10.1609/AAAI.V33I01.3301922,CITES,2019
10.1016/J.AIOPEN.2021.01.001,10.24963/ijcai.2019/601,CITES,2019
10.1016/J.AIOPEN.2021.01.001,10.24963/ijcai.2019/551,CITES,2019
10.1016/J.AIOPEN.2021.01.001,10.1145/3292500.3330925,CITES,2019
10.1016/J.AIOPEN.2021.01.001,10.18653/v1/P19-1617,CITES,2019
10.1016/J.AIOPEN.2021.01.001,10.18653/v1/P19-1259,CITES,2019
10.1016/J.AIOPEN.2021.01.001,10.1109/TPAMI.2021.3081010,CITES,2019
10.1016/J.AIOPEN.2021.01.001,10.1145/3292500.3330956,CITES,2019
10.1016/J.AIOPEN.2021.01.001,10.18653/v1/P19-1260,CITES,2019
10.1016/J.AIOPEN.2021.01.001,10.18653/v1/P19-1304,CITES,2019
10.1016/J.AIOPEN.2021.01.001,10.1145/3292500.3330982,CITES,2019
10.1016/J.AIOPEN.2021.01.001,10.1109/ICCV.2019.00936,CITES,2019
10.1016/J.AIOPEN.2021.01.001,10.1145/3308558.3313442,CITES,2019
10.1016/J.AIOPEN.2021.01.001,10.1145/3308558.3313562,CITES,2019
10.1016/J.AIOPEN.2021.01.001,10.1145/3308558.3313508,CITES,2019
10.1016/J.AIOPEN.2021.01.001,10.1609/AAAI.V34I04.5984,CITES,2019
10.1016/J.AIOPEN.2021.01.001,10.14778/3352063.3352127,CITES,2019
10.1016/J.AIOPEN.2021.01.001,10.1145/3308558.3313488,CITES,2019
10.1016/J.AIOPEN.2021.01.001,10.1145/3314148.3314357,CITES,2019
10.1016/J.AIOPEN.2021.01.001,10.1145/3292500.3330958,CITES,2018
10.1016/J.AIOPEN.2021.01.001,10.1109/tkde.2020.2981333,CITES,2018
10.1016/J.AIOPEN.2021.01.001,10.1016/j.neunet.2018.08.010,CITES,2018
10.1016/J.AIOPEN.2021.01.001,10.1609/aaai.v33i01.33011544,CITES,2018
10.1016/J.AIOPEN.2021.01.001,10.1088/1742-5468/ab3456,CITES,2018
10.1016/J.AIOPEN.2021.01.001,10.1145/3269206.3269269,CITES,2018
10.1016/J.AIOPEN.2021.01.001,10.1609/aaai.v33i01.33014602,CITES,2018
10.1016/J.AIOPEN.2021.01.001,10.18653/v1/D18-1244,CITES,2018
10.1016/J.AIOPEN.2021.01.001,10.1609/AAAI.V33I01.33013558,CITES,2018
10.1016/J.AIOPEN.2021.01.001,10.18653/v1/D18-1156,CITES,2018
10.1016/J.AIOPEN.2021.01.001,10.1007/978-3-319-99978-4_16,CITES,2018
10.1016/J.AIOPEN.2021.01.001,10.1609/aaai.v33i01.33017370,CITES,2018
10.1016/J.AIOPEN.2021.01.001,10.18653/v1/N19-1240,CITES,2018
10.1016/J.AIOPEN.2021.01.001,10.18653/v1/D18-1246,CITES,2018
10.1016/J.AIOPEN.2021.01.001,10.1007/978-3-030-01240-3_25,CITES,2018
10.1016/J.AIOPEN.2021.01.001,10.1109/ICDM.2018.00113,CITES,2018
10.1016/J.AIOPEN.2021.01.001,10.1137/1.9781611975673.74,CITES,2018
10.1016/J.AIOPEN.2021.01.001,10.1109/ICPR.2018.8545310,CITES,2018
10.1016/J.AIOPEN.2021.01.001,10.1145/3363574,CITES,2018
10.1016/J.AIOPEN.2021.01.001,10.1145/3219819.3219947,CITES,2018
10.1016/J.AIOPEN.2021.01.001,10.1145/3219819.3220000,CITES,2018
10.1016/J.AIOPEN.2021.01.001,10.1145/3219819.3220068,CITES,2018
10.1016/J.AIOPEN.2021.01.001,10.24963/ijcai.2018/142,CITES,2018
10.1016/J.AIOPEN.2021.01.001,10.24963/ijcai.2018/296,CITES,2018
10.1016/J.AIOPEN.2021.01.001,10.18653/v1/P18-1026,CITES,2018
10.1016/J.AIOPEN.2021.01.001,10.1145/3219819.3219890,CITES,2018
10.1016/J.AIOPEN.2021.01.001,10.1109/DSW.2018.8439919,CITES,2018
10.1016/J.AIOPEN.2021.01.001,10.1109/CVPR.2019.01175,CITES,2018
10.1016/J.AIOPEN.2021.01.001,10.1145/3219819.3220078,CITES,2018
10.1016/J.AIOPEN.2021.01.001,10.18653/v1/P18-1150,CITES,2018
10.1016/J.AIOPEN.2021.01.001,10.18653/v1/P18-1030,CITES,2018
10.1016/J.AIOPEN.2021.01.001,10.1609/aaai.v32i1.11782,CITES,2018
10.1016/J.AIOPEN.2021.01.001,10.1609/aaai.v32i1.12039,CITES,2018
10.1016/J.AIOPEN.2021.01.001,10.18653/v1/N18-2078,CITES,2018
10.1016/J.AIOPEN.2021.01.001,10.18653/v1/P18-1187,CITES,2018
10.1016/J.AIOPEN.2021.01.001,10.1145/3178876.3186005,CITES,2018
10.1016/J.AIOPEN.2021.01.001,10.1145/3178876.3186106,CITES,2018
10.1016/J.AIOPEN.2021.01.001,10.1145/3178876.3186116,CITES,2018
10.1016/J.AIOPEN.2021.01.001,10.1109/CVPR.2018.00756,CITES,2018
10.1016/J.AIOPEN.2021.01.001,10.1109/CVPR.2018.00717,CITES,2018
10.1016/J.AIOPEN.2021.01.001,10.1007/978-3-030-01258-8_24,CITES,2018
10.1016/J.AIOPEN.2021.01.001,10.1109/TITS.2019.2950416,CITES,2018
10.1016/J.AIOPEN.2021.01.001,10.1093/bioinformatics/bty294,CITES,2018
10.1016/J.AIOPEN.2021.01.001,10.1145/3326362,CITES,2018
10.1016/J.AIOPEN.2021.01.001,10.1609/aaai.v32i1.12328,CITES,2018
10.1016/J.AIOPEN.2021.01.001,10.1609/aaai.v32i1.11604,CITES,2018
10.1016/J.AIOPEN.2021.01.001,10.1609/aaai.v32i1.11691,CITES,2018
10.1016/J.AIOPEN.2021.01.001,10.1109/TBDATA.2018.2850013,CITES,2017
10.1016/J.AIOPEN.2021.01.001,10.1109/CVPR.2018.00378,CITES,2017
10.1016/J.AIOPEN.2021.01.001,10.1109/CVPR.2018.00479,CITES,2017
10.1016/J.AIOPEN.2021.01.001,10.1109/TKDE.2018.2849727,CITES,2017
10.1016/J.AIOPEN.2021.01.001,10.1109/CVPR.2018.00813,CITES,2017
10.1016/J.AIOPEN.2021.01.001,10.1109/CVPR.2018.00170,CITES,2017
10.1016/J.AIOPEN.2021.01.001,10.24963/ijcai.2018/490,CITES,2017
10.1016/J.AIOPEN.2021.01.001,10.1145/3132847.3132967,CITES,2017
10.1016/J.AIOPEN.2021.01.001,10.17863/CAM.48429,CITES,2017
10.1016/J.AIOPEN.2021.01.001,10.1109/ICCV.2017.556,CITES,2017
10.1016/J.AIOPEN.2021.01.001,10.1109/TKDE.2018.2807452,CITES,2018
10.1016/J.AIOPEN.2021.01.001,10.24963/ijcai.2018/505,CITES,2017
10.1016/J.AIOPEN.2021.01.001,10.1093/bioinformatics/btx252,CITES,2017
10.1016/J.AIOPEN.2021.01.001,10.1609/aaai.v32i1.11573,CITES,2017
10.1016/J.AIOPEN.2021.01.001,10.1527/tjsai.F-H72,CITES,2017
10.1016/J.AIOPEN.2021.01.001,10.1016/j.knosys.2018.03.022,CITES,2017
10.1016/J.AIOPEN.2021.01.001,10.1016/j.patcog.2019.107000,CITES,2017
10.1016/J.AIOPEN.2021.01.001,10.18653/v1/D17-1209,CITES,2017
10.1016/J.AIOPEN.2021.01.001,10.1109/CVPR.2017.11,CITES,2017
10.1016/J.AIOPEN.2021.01.001,10.1162/tacl_a_00009,CITES,2017
10.1016/J.AIOPEN.2021.01.001,10.1162/tacl_a_00049,CITES,2017
10.1016/J.AIOPEN.2021.01.001,10.1007/978-3-319-93417-4_38,CITES,2017
10.1016/J.AIOPEN.2021.01.001,10.18653/v1/D17-1159,CITES,2017
10.1016/J.AIOPEN.2021.01.001,10.1609/icwsm.v11i1.14972,CITES,2017
10.1016/J.AIOPEN.2021.01.001,10.1109/CVPR.2017.234,CITES,2017
10.1016/J.AIOPEN.2021.01.001,10.1109/CVPR.2017.10,CITES,2016
10.1016/J.AIOPEN.2021.01.001,10.1109/CVPR.2017.16,CITES,2016
10.1016/J.AIOPEN.2021.01.001,10.1109/CVPR.2017.576,CITES,2016
10.1016/J.AIOPEN.2021.01.001,10.1109/MSP.2017.2693418,CITES,2016
10.1016/J.AIOPEN.2021.01.001,10.18653/v1/P17-1012,CITES,2016
10.1016/J.AIOPEN.2021.01.001,10.1038/ncomms13890,CITES,2016
10.1016/J.AIOPEN.2021.01.001,10.1109/CVPR.2017.344,CITES,2016
10.1016/J.AIOPEN.2021.01.001,10.1609/aaai.v31i1.10851,CITES,2016
10.1016/J.AIOPEN.2021.01.001,10.1109/CVPR.2017.243,CITES,2016
10.1016/J.AIOPEN.2021.01.001,10.1145/2939672.2939753,CITES,2016
10.1016/J.AIOPEN.2021.01.001,10.1145/2939672.2939754,CITES,2016
10.1016/J.AIOPEN.2021.01.001,10.1007/978-3-319-46448-0_8,CITES,2016
10.1016/J.AIOPEN.2021.01.001,10.1007/978-3-319-46493-0_38,CITES,2016
10.1016/J.AIOPEN.2021.01.001,10.1007/s10822-016-9938-8,CITES,2016
10.1016/J.AIOPEN.2021.01.001,10.1609/aaai.v30i1.10179,CITES,2016
10.1016/J.AIOPEN.2021.01.001,10.18653/v1/D16-1053,CITES,2016
10.1016/J.AIOPEN.2021.01.001,10.18653/v1/P16-1105,CITES,2016
10.1016/J.AIOPEN.2021.01.001,10.1109/cvpr.2016.90,CITES,2015
10.1016/J.AIOPEN.2021.01.001,10.1109/CVPR.2016.573,CITES,2015
10.1016/J.AIOPEN.2021.01.001,10.1145/2736277.2741093,CITES,2015
10.1016/J.AIOPEN.2021.01.001,10.3115/v1/P15-1150,CITES,2015
10.1016/J.AIOPEN.2021.01.001,10.1109/ICCVW.2015.112,CITES,2015
10.1016/J.AIOPEN.2021.01.001,10.1007/s11263-015-0816-y,CITES,2014
10.1016/J.AIOPEN.2021.01.001,10.3115/v1/D14-1179,CITES,2014
10.1016/J.AIOPEN.2021.01.001,10.1145/2623330.2623732,CITES,2014
10.1016/J.AIOPEN.2021.01.001,10.1145/3065386,CITES,2012
10.1016/J.AIOPEN.2021.01.001,10.1109/MSP.2012.2235192,CITES,2012
10.1016/J.AIOPEN.2021.01.001,10.14778/3402707.3402736,CITES,2011
10.1016/J.AIOPEN.2021.01.001,10.1109/IJCNN.2010.5596796,CITES,2010
10.1016/J.AIOPEN.2021.01.001,10.1016/J.ACHA.2010.04.005,CITES,2009
10.1016/J.AIOPEN.2021.01.001,10.1109/TNN.2008.2010350,CITES,2009
10.1016/J.AIOPEN.2021.01.001,10.1136/ebmh.11.4.102,CITES,2008
10.1016/J.AIOPEN.2021.01.001,10.1145/1401890.1402008,CITES,2008
10.1016/J.AIOPEN.2021.01.001,10.1109/TPAMI.2007.1115,CITES,2007
10.1016/J.AIOPEN.2021.01.001,10.1007/s10115-007-0103-5,CITES,2008
10.1016/J.AIOPEN.2021.01.001,10.1109/IJCNN.2005.1555942,CITES,2005
10.1016/J.AIOPEN.2021.01.001,10.1109/CVPR.2005.38,CITES,2005
10.1016/J.AIOPEN.2021.01.001,10.1109/TNN.2004.837783,CITES,2004
10.1016/J.AIOPEN.2021.01.001,10.1016/J.NEUNET.2004.06.009,CITES,2004
10.1016/J.AIOPEN.2021.01.001,10.1016/S0022-2836(03)00628-4,CITES,2003
10.1016/J.AIOPEN.2021.01.001,10.1093/bioinformatics/btg130,CITES,2003
10.1016/J.AIOPEN.2021.01.001,10.1002/9781118033074,CITES,2001
10.1016/J.AIOPEN.2021.01.001,10.1109/72.712151,CITES,1998
10.1016/J.AIOPEN.2021.01.001,10.1109/ICCV.1998.710815,CITES,1998
10.1016/J.AIOPEN.2021.01.001,10.1162/neco.1997.9.8.1735,CITES,1997
10.1016/J.AIOPEN.2021.01.001,10.1109/72.572108,CITES,1997
10.1016/J.AIOPEN.2021.01.001,10.1090/cbms/092,CITES,1996
10.1016/J.AIOPEN.2021.01.001,10.1021/JM00106A046,CITES,1991
10.1016/J.AIOPEN.2021.01.001,10.1109/TNNLS.2020.2978386,CITES,2019
10.1016/J.AIOPEN.2021.01.001,10.18653/v1/N19-1423,CITES,2019
10.1016/J.AIOPEN.2021.01.001,10.18653/v1/D18-1032,CITES,2018
10.1016/J.AIOPEN.2021.01.001,10.1142/S1793351X16500045,CITES,2016
10.1016/J.AIOPEN.2021.01.001,10.18653/v1/D15-1174,CITES,2015
10.1016/J.AIOPEN.2021.01.001,10.1109/TNN.2008.2005141,CITES,2009
10.1016/J.AIOPEN.2021.01.001,10.1109/TNN.2008.2005605,CITES,2009
10.1016/J.AIOPEN.2021.01.001,10.1093/bioinformatics/bti1007,CITES,2005
10.1016/J.AIOPEN.2021.01.001,10.1109/5.726791,CITES,1998
10.1016/J.AIOPEN.2021.01.001,10.1016/b978-0-12-466606-1.x5000-4,CITES,1998
10.1016/J.AIOPEN.2021.01.001,10.1109/TNN.1998.712192,CITES,1998
10.1007/s11192-021-03984-1,10.1177/0003122419877135,CITES,2018
10.1177/0003122419877135,10.1515/9780822390169-009,CITES,2020
10.1177/0003122419877135,10.1017/9781108755528,CITES,2020
10.1177/0003122419877135,10.7765/9781526148261.00014,CITES,2020
10.1177/0003122419877135,10.1080/0022250x.2019.1682802,CITES,2019
10.1177/0003122419877135,10.17323/1726-3247-2005-3-25-48,CITES,2018
10.1177/0003122419877135,10.1086/696938,CITES,2018
10.1177/0003122419877135,10.1177/0003122418761857,CITES,2018
10.1177/0003122419877135,10.1016/J.POETIC.2017.11.002,CITES,2017
10.1177/0003122419877135,10.1073/pnas.1720347115,CITES,2017
10.1177/0003122419877135,10.1214/19-aoas1265,CITES,2017
10.1177/0003122419877135,10.1002/ecy.1937,CITES,2017
10.1177/0003122419877135,10.1177/0003122416675175,CITES,2017
10.1177/0003122419877135,10.1162/tacl_a_00065,CITES,2016
10.1177/0003122419877135,10.1126/science.aal4230,CITES,2016
10.1177/0003122419877135,10.7916/D8NZ9RHT,CITES,2016
10.1177/0003122419877135,10.1146/ANNUREV-SOC-081715-074206,CITES,2016
10.1177/0003122419877135,10.1038/srep30108,CITES,2016
10.1177/0003122419877135,10.1162/tacl_a_00051,CITES,2016
10.1177/0003122419877135,10.18653/V1/E17-2068,CITES,2016
10.1177/0003122419877135,10.1177/0003122416650963,CITES,2016
10.1177/0003122419877135,10.18653/v1/P16-1141,CITES,2016
10.1177/0003122419877135,10.1109/TPDS.2019.2904058,CITES,2016
10.1177/0003122419877135,10.1145/2872518.2889361,CITES,2016
10.1177/0003122419877135,10.1177/2158244016636433,CITES,2016
10.1177/0003122419877135,10.1177/2053951715613809,CITES,2015
10.1177/0003122419877135,10.1016/j.socnet.2015.02.006,CITES,2015
10.1177/0003122419877135,10.1177/0003122416671873,CITES,2015
10.1177/0003122419877135,10.1177/2053168015604648,CITES,2015
10.1177/0003122419877135,10.3115/v1/P15-1025,CITES,2015
10.1177/0003122419877135,10.1007/978-3-319-19581-0_3,CITES,2015
10.1177/0003122419877135,10.1162/tacl_a_00134,CITES,2015
10.1177/0003122419877135,10.3115/v1/P15-2008,CITES,2015
10.1177/0003122419877135,10.1057/AJCS.2014.13,CITES,2015
10.1177/0003122419877135,10.1371/journal.pone.0137041,CITES,2015
10.1177/0003122419877135,10.1080/14767333.2015.1006919,CITES,2015
10.1177/0003122419877135,10.1145/2736277.2741627,CITES,2014
10.1177/0003122419877135,10.3115/v1/D14-1162,CITES,2014
10.1177/0003122419877135,10.3115/v1/W14-1608,CITES,2014
10.1177/0003122419877135,10.15195/V1.A15,CITES,2014
10.1177/0003122419877135,10.4159/harvard.9780674434929,CITES,2014
10.1177/0003122419877135,10.1177/0003122414528936,CITES,2014
10.1177/0003122419877135,10.1007/s11186-014-9216-5,CITES,2014
10.1177/0003122419877135,10.1016/J.POETIC.2013.08.004,CITES,2013
10.1177/0003122419877135,10.1016/J.POETIC.2013.10.001,CITES,2013
10.1177/0003122419877135,10.1111/1468-4446.12115,CITES,2013
10.1177/0003122419877135,10.1093/pan/mps028,CITES,2013
10.1177/0003122419877135,10.1177/0003122415601618,CITES,2013
10.1177/0003122419877135,10.1007/S10680-013-9284-7,CITES,2013
10.1177/0003122419877135,10.1146/ANNUREV.SOC.012809.102503,CITES,2012
10.1177/0003122419877135,10.4324/9781315566689,CITES,2012
10.1177/0003122419877135,10.1145/2133806.2133826,CITES,2012
10.1177/0003122419877135,10.1109/Allerton.2011.6120287,CITES,2011
10.1177/0003122419877135,10.1038/nature11459,CITES,2011
10.1177/0003122419877135,10.4135/9781446294413,CITES,2011
10.1177/0003122419877135,10.1086/659640,CITES,2011
10.1177/0003122419877135,10.1007/s00454-013-9558-1,CITES,2011
10.1177/0003122419877135,10.1093/ACPROF:OSO/9780199755776.001.0001,CITES,2011
10.1177/0003122419877135,10.1093/pan/mpp034,CITES,2010
10.1177/0003122419877135,10.1126/science.1199644,CITES,2010
10.1177/0003122419877135,10.1146/ANNUREV.SOC.012809.102615,CITES,2010
10.1177/0003122419877135,10.1103/PhysRevE.82.036106,CITES,2010
10.1177/0003122419877135,10.1016/J.POETIC.2009.10.002,CITES,2010
10.1177/0003122419877135,10.1111/j.1365-2702.2009.02892.x,CITES,2009
10.1177/0003122419877135,10.1109/INFCOM.2009.5062083,CITES,2009
10.1177/0003122419877135,10.1086/600001,CITES,2009
10.1177/0003122419877135,10.1002/9780470757031.CH2,CITES,2008
10.1177/0003122419877135,10.1177/000312240707200402,CITES,2007
10.1177/0003122419877135,10.1146/ANNUREV.SOC.33.040406.131642,CITES,2007
10.1177/0003122419877135,10.1073/pnas.0706851105,CITES,2007
10.1177/0003122419877135,10.1145/1179196.1179236,CITES,2006
10.1177/0003122419877135,10.5860/choice.44-5350,CITES,2006
10.1177/0003122419877135,10.1111/j.1467-8306.2005.00492_5.x,CITES,2005
10.1177/0003122419877135,10.1086/428815,CITES,2005
10.1177/0003122419877135,10.1086/426800,CITES,2005
10.1177/0003122419877135,10.1093/ESR/JCH033,CITES,2004
10.1177/0003122419877135,10.2307/20033606,CITES,2004
10.1177/0003122419877135,10.1007/1-4020-2589-0_6,CITES,2003
10.1177/0003122419877135,10.1525/AA.2003.105.4.872.2,CITES,2003
10.1177/0003122419877135,10.1162/0033553041502180,CITES,2003
10.1177/0003122419877135,10.1111/J.1468-2958.2002.TB00802.X,CITES,2002
10.1177/0003122419877135,10.1198/tech.2001.s599,CITES,2001
10.1177/0003122419877135,10.1016/S0304-422X(99)00022-4,CITES,2000
10.1177/0003122419877135,10.1080/00213624.1999.11506193,CITES,1999
10.1177/0003122419877135,10.1146/ANNUREV.SOC.24.1.345,CITES,1998
10.1177/0003122419877135,10.1037/0022-3514.74.6.1464,CITES,1998
10.1177/0003122419877135,10.1037/1089-2680.2.2.175,CITES,1998
10.1177/0003122419877135,10.1177/0038038598032002003,CITES,1998
10.1177/0003122419877135,10.2307/353872,CITES,1998
10.1177/0003122419877135,10.1162/002219599551868,CITES,1998
10.1177/0003122419877135,10.1086/231209,CITES,1997
10.1177/0003122419877135,10.2307/2654146,CITES,1997
10.1177/0003122419877135,10.1006/JTBI.1996.0242,CITES,1997
10.1177/0003122419877135,10.1145/219717.219748,CITES,1995
10.1177/0003122419877135,10.2307/3035033,CITES,1995
10.1177/0003122419877135,10.1080/01621459.1994.10476870,CITES,1994
10.1177/0003122419877135,10.1016/0304-422X(94)90011-6,CITES,1994
10.1177/0003122419877135,10.2307/2803543,CITES,1994
10.1177/0003122419877135,10.2307/1229039,CITES,1991
10.1177/0003122419877135,10.1086/229272,CITES,1989
10.1177/0003122419877135,10.2307/202060,CITES,1989
10.1177/0003122419877135,10.2307/202113,CITES,1988
10.1177/0003122419877135,10.1086/284777,CITES,1988
10.1177/0003122419877135,10.1080/0022250X.1987.9990025,CITES,1987
10.1177/0003122419877135,10.2307/2578990,CITES,1985
10.1177/0003122419877135,10.1086/228209,CITES,1985
10.1177/0003122419877135,10.2307/747758,CITES,1985
10.1177/0003122419877135,10.2307/2094962,CITES,1982
10.1177/0003122419877135,10.2307/590139,CITES,1981
10.1177/0003122419877135,10.2307/2067194,CITES,1981
10.1177/0003122419877135,10.2307/2149911,CITES,1981
10.1177/0003122419877135,10.7312/zeli18334,CITES,1979
10.1177/0003122419877135,10.2307/2066229,CITES,1979
10.1177/0003122419877135,10.2307/2231435,CITES,1979
10.1177/0003122419877135,10.1016/0010-0285(75)90024-9,CITES,1975
10.1177/0003122419877135,10.2307/2093327,CITES,1970
10.1177/0003122419877135,10.1037/H0027715,CITES,1969
10.1177/0003122419877135,10.1016/S0033-3182(68)71872-7,CITES,1968
10.1177/0003122419877135,10.1177/003803856700100211,CITES,1967
10.1177/0003122419877135,10.2307/2798681,CITES,1967
10.1177/0003122419877135,10.2307/1904436,CITES,1963
10.1177/0003122419877135,10.2307/538001,CITES,1960
10.1177/0003122419877135,10.1007/BF02767021,CITES,1959
10.1177/0003122419877135,10.2307/1420326,CITES,1958
10.1177/0003122419877135,10.2307/411163,CITES,1956
10.1177/0003122419877135,10.4324/9780203759240-8,CITES,1919
10.1177/0003122419877135,10.2307/2140592,CITES,1901
10.1177/0003122419877135,10.1093/nq/s11-vi.156.499b,CITES,1852
10.1177/0003122419877135,10.18653/v1/N19-1423,CITES,2019
10.1177/0003122419877135,10.4324/9780429496158,CITES,2018
10.1177/0003122419877135,10.4135/9781473909502.N15,CITES,2014
10.1177/0003122419877135,10.5860/choice.50-3558,CITES,2013
10.1177/0003122419877135,10.1057/9781137316592_6,CITES,2013
10.1177/0003122419877135,10.1016/B0-08-044854-2/00870-1,CITES,2004
10.1177/0003122419877135,10.1017/CBO9780511488917,CITES,2000
10.1177/0003122419877135,10.4324/9781912282142,CITES,2000
10.1177/0003122419877135,10.1057/9780230373228_3,CITES,1998
10.1177/0003122419877135,10.1146/ANNUREV.SOC.23.1.263,CITES,1997
10.1177/0003122419877135,10.1146/annurev.so.19.080193.001325,CITES,1993
10.1177/0003122419877135,10.3998/MPUB.12224,CITES,1990
10.1177/0003122419877135,10.2307/25140509,CITES,1984
10.1177/0003122419877135,10.1037/0033-2909.85.5.1030,CITES,1978
10.1177/0003122419877135,10.2307/2077050,CITES,1976
10.1177/0003122419877135,10.1163/2468-1733_shafr_sim040110446,CITES,1971
10.1177/0003122419877135,10.1017/CBO9781139173438,CITES,1969
10.1177/0003122419877135,10.1038/213014a0,CITES,1967
10.1177/0003122419877135,10.1037/H0045146,CITES,1962
10.1177/0003122419877135,10.2307/2086696,CITES,1960
10.1177/0003122419877135,10.1515/9783110873948,CITES,1960
10.1007/s11192-021-03984-1,10.1126/science.aao0185,CITES,2018
10.1126/science.aao0185,10.1126/science.122.3159.108,CITES,1955
10.1126/science.aao0185,10.7312/pric91844,CITES,1965
10.1126/science.aao0185,10.1177/0003122415601618,CITES,2013
10.1126/science.aao0185,10.1016/j.joi.2015.10.005,CITES,2015
10.1126/science.aao0185,10.1002/asi.23734,CITES,2015
10.1126/science.aao0185,10.1177/0003122410388488,CITES,2010
10.1126/science.aao0185,10.1177/0003122412463574,CITES,2012
10.1126/science.aao0185,10.1016/j.socnet.2015.02.006,CITES,2015
10.1126/science.aao0185,10.1016/j.joi.2009.03.001,CITES,2009
10.1126/science.aao0185,10.1038/srep01069,CITES,2013
10.1126/science.aao0185,10.7208/chicago/9780226217239.001.0001,CITES,1977
10.1126/science.aao0185,10.1177/053901847501400602,CITES,1975
10.1126/science.aao0185,10.1038/s41562-017-0078,CITES,2017
10.1126/science.aao0185,10.1073/pnas.1509757112,CITES,2015
10.1126/science.aao0185,10.1037/0033-2909.86.3.638,CITES,1979
10.1126/science.aao0185,10.7554/eLife.21451,CITES,2016
10.1126/science.aao0185,10.1038/nbt.3276,CITES,2015
10.1126/science.aao0185,10.1016/j.joi.2010.06.004,CITES,2011
10.1126/science.aao0185,10.1371/journal.pone.0122565,CITES,2015
10.1126/science.aao0185,10.1287/mnsc.2015.2285,CITES,2016
10.1126/science.aao0185,10.1177/2329496514540131,CITES,2014
10.1126/science.aao0185,10.1371/journal.pone.0135095,CITES,2015
10.1126/science.aao0185,10.1038/nature18315,CITES,2016
10.1126/science.aao0185,10.1140/epjds/s13688-016-0069-1,CITES,2016
10.1126/science.aao0185,10.1126/science.1240474,CITES,2013
10.1126/science.aao0185,10.3386/w22180,CITES,2016
10.1126/science.aao0185,10.1016/j.respol.2015.04.010,CITES,2015
10.1126/science.aao0185,10.1073/pnas.1121429109,CITES,2012
10.1126/science.aao0185,10.4159/harvard.9780674062757,CITES,2012
10.1126/science.aao0185,10.1111/j.1756-2171.2011.00140.x,CITES,2011
10.1126/science.aao0185,10.1126/science.1067477,CITES,2001
10.1126/science.aao0185,10.1126/science.1201765,CITES,2011
10.1126/science.aao0185,10.1038/504211a,CITES,2013
10.1126/science.aao0185,10.1145/2872427.2883073,CITES,2016
10.1126/science.aao0185,10.1371/journal.pone.0051332,CITES,2012
10.1126/science.aao0185,10.1371/journal.pone.0066212,CITES,2013
10.1126/science.aao0185,10.1371/journal.pbio.1002573,CITES,2016
10.1126/science.aao0185,10.1126/science.1165878,CITES,2008
10.1126/science.aao0185,10.1073/pnas.1211286109,CITES,2012
10.1126/science.aao0185,10.1038/490326a,CITES,2012
10.1126/science.aao0185,10.1126/sciadv.1602232,CITES,2017
10.1126/science.aao0185,10.1016/j.econlet.2013.10.040,CITES,2014
10.1126/science.aao0185,10.1038/550029a,CITES,2017
10.1126/science.aao0185,10.1126/sciadv.1400005,CITES,2015
10.1126/science.aao0185,10.1038/srep04770,CITES,2014
10.1126/science.aao0185,10.1073/pnas.1323111111,CITES,2014
10.1126/science.aao0185,10.1037/0033-295X.104.1.66,CITES,1997
10.1126/science.aao0185,10.1126/science.aaf5239,CITES,2016
10.1126/science.aao0185,10.1126/science.1136099,CITES,2007
10.1126/science.aao0185,10.1002/asi.23266,CITES,2015
10.1126/science.aao0185,10.2139/ssrn.3034125,CITES,
10.1126/science.aao0185,10.1111/j.1467-937X.2008.00531.x,CITES,2009
10.1126/science.aao0185,10.1073/pnas.1309723111,CITES,2014
10.1126/science.aao0185,10.1038/nature05670,CITES,2007
10.1126/science.aao0185,10.1162/REST_a_00472,CITES,2015
10.1126/science.aao0185,10.1162/qjec.2010.125.2.549,CITES,2010
10.1126/science.aao0185,10.1073/pnas.1501444112,CITES,2015
10.1126/science.aao0185,10.1126/science.159.3810.56,CITES,1968
10.1126/science.aao0185,10.1038/508312a,CITES,2014
10.1126/science.aao0185,10.1073/pnas.1401992111,CITES,2014
10.1126/science.aao0185,10.1016/j.joi.2016.02.007,CITES,2016
10.1126/science.aao0185,10.1073/pnas.0507655102,CITES,2005
10.1126/science.aao0185,10.1126/science.178.4060.471,CITES,1972
10.1126/science.aao0185,10.1126/science.149.3683.510,CITES,1965
10.1126/science.aao0185,10.1038/srep01640,CITES,2013
10.1126/science.aao0185,10.1073/pnas.0806977105,CITES,2008
10.1126/science.aao0185,10.1002/asi.21671,CITES,2012
10.1126/science.aao0185,10.1140/epjst/e2012-01576-4,CITES,2012
10.1126/science.aao0185,10.1016/j.joi.2015.06.005,CITES,2015
10.1126/science.aao0185,10.1016/j.joi.2015.12.007,CITES,2016
10.1126/science.aao0185,10.1002/asi.4630270505,CITES,1976
10.1126/science.aao0185,10.1126/science.286.5439.509,CITES,1999
10.1126/science.aao0185,10.1016/j.joi.2015.07.006,CITES,2015
10.1126/science.aao0185,10.1126/science.1237825,CITES,2013
10.1126/science.aao0185,10.1371/journal.pone.0024926,CITES,2011
10.1126/science.aao0185,10.1103/PhysRevLett.109.098701,CITES,2012
10.1126/science.aao0185,10.1023/B:SCIE.0000018543.82441.f1,CITES,2004
10.1126/science.aao0185,10.1073/pnas.1424329112,CITES,2015
10.1126/science.aao0185,10.1007/s11192-016-1889-2,CITES,2016
10.1126/science.aao0185,10.1073/pnas.0707962104,CITES,2007
10.1126/science.aao0185,10.1038/489201a,CITES,2012
10.1126/science.aao0185,10.1038/srep03052,CITES,2013
10.1126/science.aao0185,10.1038/484031a,CITES,2012
10.1126/science.aao0185,10.1016/j.respol.2013.08.017,CITES,2014
10.1126/science.aao0185,10.1038/489496a,CITES,2012
10.1126/science.aao0185,10.1002/asi.23309,CITES,2015
10.1126/science.aao0185,10.1126/science.aal4217,CITES,2017
10.1126/science.aao0185,10.1016/S0140-6736(97)11129-1,CITES,1998
10.1126/science.aao0185,10.1038/4681002a,CITES,2010
10.1126/science.aao0185,10.1177/016224398501000309,CITES,1985
10.1126/science.aao0185,10.1007/s11192-016-2110-3,CITES,2017
10.1126/science.aao0185,10.3386/w23180,CITES,2017
10.1126/science.aao0185,10.1371/journal.pone.0144945,CITES,2016
10.1126/science.aao0185,10.1073/pnas.98.2.404,CITES,2000
10.1126/science.aao0185,10.1126/science.1106340,CITES,2005
10.1126/science.aao0185,10.1371/journal.pone.0001683,CITES,2008
10.1007/s11192-021-03984-1,10.1080/00031305.2017.1375989,CITES,2018
10.1080/00031305.2017.1375989,10.1145/130981.130982,CITES,1992
10.1080/00031305.2017.1375989,10.1007/978-0-387-35693-8_13,CITES,2003
10.1080/00031305.2017.1375989,10.1287/educ.1063.0028,CITES,2006
10.1080/00031305.2017.1375989,10.4033/iee.2013.6b.6.f,CITES,2013
10.1080/00031305.2017.1375989,10.18637/jss.v059.i10,CITES,2014
10.1080/00031305.2017.1375989,10.1186/1471-2105-5-80,CITES,2004
10.1080/00031305.2017.1375989,10.1186/s13059-016-1044-7,CITES,2016
10.1007/s11192-021-03984-1,10.1073/pnas.1720347115,CITES,2017
10.1073/pnas.1720347115,10.1525/9780520960510-009,CITES,2019
10.1073/pnas.1720347115,10.18653/v1/D17-1323,CITES,2017
10.1073/pnas.1720347115,10.1126/science.aal4230,CITES,2016
10.1073/pnas.1720347115,10.18653/v1/P16-2083,CITES,2016
10.1073/pnas.1720347115,10.18653/v1/D16-1229,CITES,2016
10.1073/pnas.1720347115,10.18653/v1/P16-1141,CITES,2016
10.1073/pnas.1720347115,10.1145/2736277.2741627,CITES,2014
10.1073/pnas.1720347115,10.3115/v1/D14-1162,CITES,2014
10.1073/pnas.1720347115,10.3366/COR.2012.0024,CITES,2012
10.1073/pnas.1720347115,10.1075/cilt.325.11dav,CITES,2012
10.1073/pnas.1720347115,10.2174/1745017901208010110,CITES,2012
10.1073/pnas.1720347115,10.1037/a0027717,CITES,2012
10.1073/pnas.1720347115,10.5555/1953048.2078186,CITES,2011
10.1073/pnas.1720347115,10.1353/SOF.0.0264,CITES,2009
10.1073/pnas.1720347115,10.1002/9780470996928.CH13,CITES,2007
10.1073/pnas.1720347115,10.4324/9780203426968-12,CITES,2004
10.1073/pnas.1720347115,10.1037/0022-3514.82.6.878,CITES,2002
10.1073/pnas.1720347115,10.1002/SS.39,CITES,2002
10.1073/pnas.1720347115,10.1075/IMPACT.9,CITES,2001
10.1073/pnas.1720347115,10.1177/0146167201278007,CITES,2001
10.1073/pnas.1720347115,10.1177/0146167200262001,CITES,2000
10.1073/pnas.1720347115,10.1515/9783110804195.61,CITES,1999
10.1073/pnas.1720347115,10.1525/AEQ.1998.29.1.132,CITES,1998
10.1073/pnas.1720347115,10.2307/2967321,CITES,1996
10.1073/pnas.1720347115,10.1177/01461672952111002,CITES,1995
10.1073/pnas.1720347115,10.1525/AEQ.1994.25.4.04X0530J,CITES,1994
10.1073/pnas.1720347115,10.1177/001316447703700111,CITES,1977
10.1073/pnas.1720347115,10.1037/H0027994,CITES,1969
10.1073/pnas.1720347115,10.1037/H0053696,CITES,1951
10.1073/pnas.1720347115,10.1037/H0074049,CITES,1933
10.1073/pnas.1720347115,10.2307/416506,CITES,2016
10.1073/pnas.1720347115,10.1007/s11606-013-2688-6,CITES,2013
10.1073/pnas.1720347115,10.1111/B.9780631225034.2004.X,CITES,2003
10.1073/pnas.1720347115,10.1007/978-1-4419-9220-8_11,CITES,2003
10.1073/pnas.1720347115,10.2307/2700757,CITES,2000
10.1073/pnas.1720347115,10.1353/jaas.1999.0012,CITES,1999
10.1073/pnas.1720347115,10.4135/9781608712434.n573,CITES,1992
10.1073/pnas.1720347115,10.1007/978-1-4612-3588-0_4,CITES,1989
10.1073/pnas.1720347115,10.2307/2069181,CITES,1983
10.1007/s11192-021-03984-1,10.17863/CAM.48429,CITES,2017
10.17863/CAM.48429,10.1093/bioinformatics/btx252,CITES,2017
10.17863/CAM.48429,10.1109/CVPRW.2017.156,CITES,2016
10.17863/CAM.48429,10.1109/CVPR.2017.576,CITES,2016
10.17863/CAM.48429,10.18653/v1/P17-1012,CITES,2016
10.17863/CAM.48429,10.18653/v1/D16-1053,CITES,2016
10.17863/CAM.48429,10.1109/cvpr.2016.90,CITES,2015
10.17863/CAM.48429,10.3115/v1/D14-1179,CITES,2014
10.17863/CAM.48429,10.1145/2623330.2623732,CITES,2014
10.17863/CAM.48429,10.1201/b17320-16,CITES,2008
10.17863/CAM.48429,10.1145/1390156.1390303,CITES,2008
10.17863/CAM.48429,10.1109/IJCNN.2005.1555942,CITES,2005
10.17863/CAM.48429,10.1073/PNAS.0506580102,CITES,2005
10.17863/CAM.48429,10.1007/978-1-4899-7687-1_100268,CITES,2003
10.17863/CAM.48429,10.1126/SCIENCE.290.5500.2323,CITES,2000
10.17863/CAM.48429,10.1109/72.712151,CITES,1998
10.17863/CAM.48429,10.1162/neco.1997.9.8.1735,CITES,1997
10.17863/CAM.48429,10.1109/72.572108,CITES,1997
10.17863/CAM.48429,10.5555/2627435.2670313,CITES,2014
10.17863/CAM.48429,10.1109/TNN.2008.2005605,CITES,2009
10.1007/s11192-021-03984-1,10.1126/science.aal4230,CITES,2016
10.1126/science.aal4230,10.1016/J.ARTINT.2015.08.008,CITES,2017
10.1126/science.aal4230,10.1111/LANG.12155,CITES,2016
10.1126/science.aal4230,10.1073/pnas.1524685113,CITES,2016
10.1126/science.aal4230,10.1073/pnas.1517780113,CITES,2016
10.1126/science.aal4230,10.3389/fpsyg.2015.01790,CITES,2015
10.1126/science.aal4230,10.1145/2783258.2783311,CITES,2014
10.1126/science.aal4230,10.3115/v1/D14-1162,CITES,2014
10.1126/science.aal4230,10.47761/494a02f6.50883fff,CITES,2013
10.1126/science.aal4230,10.1002/9781118738177.OTH,CITES,2013
10.1126/science.aal4230,10.1145/2447976.2447990,CITES,2013
10.1126/science.aal4230,10.1521/JSCP.2011.30.5.484,CITES,2011
10.1126/science.aal4230,10.1073/pnas.1014345108,CITES,2011
10.1126/science.aal4230,10.1145/2090236.2090255,CITES,2011
10.1126/science.aal4230,10.1177/0013124510361852,CITES,2010
10.1126/science.aal4230,10.1613/jair.2934,CITES,2010
10.1126/science.aal4230,10.1073/pnas.0809921106,CITES,2009
10.1126/science.aal4230,10.1098/rstb.2008.0319,CITES,2009
10.1126/science.aal4230,10.1016/J.JESP.2006.08.004,CITES,2007
10.1126/science.aal4230,10.3758/BF03193020,CITES,2007
10.1126/science.aal4230,10.1073/pnas.0705345104,CITES,2007
10.1126/science.aal4230,10.1007/978-0-387-45528-0,CITES,2006
10.1126/science.aal4230,10.1037/0278-7393.32.4.792,CITES,2006
10.1126/science.aal4230,10.1037/0022-3514.83.1.44,CITES,2002
10.1126/science.aal4230,10.1037/1089-2699.6.1.101,CITES,2002
10.1126/science.aal4230,10.1037/0022-3514.74.6.1464,CITES,1998
10.1126/science.aal4230,10.1037/0278-7393.21.4.863,CITES,1995
10.1126/science.aal4230,10.1109/45.1885,CITES,1988
10.1126/science.aal4230,10.1109/PROC.1985.13342,CITES,1985
10.1126/science.aal4230,10.1093/MIND/LIX.236.433,CITES,1950
10.1126/science.aal4230,10.1257/000282805774670365,CITES,2018
10.1126/science.aal4230,10.35188/UNU-WIDER/2016/096-6,CITES,2016
10.1126/science.aal4230,10.2139/SSRN.2477899,CITES,2016
10.1126/science.aal4230,10.1037/a0036056,CITES,2014
10.1126/science.aal4230,10.1037//0022-3514.83.1.44,CITES,2002
10.1126/science.aal4230,10.7551/mitpress/9636.001.0001,CITES,1960
10.1007/s11192-021-03984-1,10.1098/rsta.2012.0375,CITES,2016
10.1098/rsta.2012.0375,10.5486/PMD.1959.6.3-4.12,CITES,2022
10.1098/rsta.2012.0375,10.1038/43601,CITES,1999
10.1098/rsta.2012.0375,10.1016/j.socnet.2004.01.007,CITES,2004
10.1098/rsta.2012.0375,10.1126/science.286.5439.509,CITES,1999
10.1098/rsta.2012.0375,10.1103/PhysRevLett.86.5632,CITES,2001
10.1098/rsta.2012.0375,10.1209/epl/i2001-00260-6,CITES,2001
10.1098/rsta.2012.0375,10.1038/35019019,CITES,2000
10.1007/s11192-021-03984-1,10.1162/tacl_a_00051,CITES,2016
10.1162/tacl_a_00051,10.3115/v1/N15-1140,CITES,2019
10.1162/tacl_a_00051,10.1002/0471684228.egp10519,CITES,2018
10.1162/tacl_a_00051,10.18653/v1/D16-1157,CITES,2016
10.1162/tacl_a_00051,10.1007/978-3-319-52920-2_21,CITES,2016
10.1162/tacl_a_00051,10.1007/978-3-319-75477-2_6,CITES,2016
10.1162/tacl_a_00051,10.18653/v1/P16-1100,CITES,2016
10.1162/tacl_a_00051,10.1145/2797137,CITES,2015
10.1162/tacl_a_00051,10.1145/2751557,CITES,2015
10.1162/tacl_a_00051,10.1093/ije/dyq191,CITES,2015
10.1162/tacl_a_00051,10.18653/v1/P16-1162,CITES,2015
10.1162/tacl_a_00051,10.1609/aaai.v30i1.10362,CITES,2015
10.1162/tacl_a_00051,10.18653/v1/D15-1176,CITES,2015
10.1162/tacl_a_00051,10.18653/v1/D15-1041,CITES,2015
10.1162/tacl_a_00051,10.3115/v1/P14-2111,CITES,2014
10.1162/tacl_a_00051,10.1109/SIU.2012.6204752,CITES,2012
10.1162/tacl_a_00051,10.1007/978-3-642-21043-3_26,CITES,2011
10.1162/tacl_a_00051,10.1162/coli_a_00016,CITES,2010
10.1162/tacl_a_00051,10.1109/ICASSP.2010.5494927,CITES,2010
10.1162/tacl_a_00051,10.1613/jair.2934,CITES,2010
10.1162/tacl_a_00051,10.3115/1699648.1699665,CITES,2009
10.1162/tacl_a_00051,10.4249/scholarpedia.4356,CITES,2008
10.1162/tacl_a_00051,10.1145/1390156.1390177,CITES,2008
10.1162/tacl_a_00051,10.3115/1641976.1641980,CITES,2006
10.1162/tacl_a_00051,10.3115/1614049.1614050,CITES,2006
10.1162/tacl_a_00051,10.1007/11562214_67,CITES,2005
10.1162/tacl_a_00051,10.3758/BF03204766,CITES,1996
10.1162/tacl_a_00051,10.1109/SUPERC.1992.236684,CITES,1992
10.1162/tacl_a_00051,10.1007/1-4020-0613-6_21189,CITES,1992
10.1162/tacl_a_00051,10.1016/0004-3702(92)90080-H,CITES,1992
10.1162/tacl_a_00051,10.1038/323533a0,CITES,1986
10.1162/tacl_a_00051,10.3115/v1/N15-1186,CITES,2015
10.1162/tacl_a_00051,10.1145/503104.503110,CITES,2002
10.1162/tacl_a_00051,10.1007/978-94-017-6059-1_36,CITES,1954
10.1162/tacl_a_00051,10.1037/H0065390,CITES,
10.1007/s11192-021-03984-1,10.1145/2939672.2939754,CITES,2016
10.1145/2939672.2939754,10.1137/1.9781611974010.51,CITES,2015
10.1145/2939672.2939754,10.1145/2806416.2806512,CITES,2015
10.1145/2939672.2939754,10.1145/2736277.2741093,CITES,2015
10.1145/2939672.2939754,10.1109/ICDM.2014.22,CITES,2014
10.1145/2939672.2939754,10.1109/JPROC.2014.2364018,CITES,2014
10.1145/2939672.2939754,10.3115/v1/D14-1162,CITES,2014
10.1145/2939672.2939754,10.1609/aaai.v28i1.8916,CITES,2014
10.1145/2939672.2939754,10.1145/2623330.2623732,CITES,2014
10.1145/2939672.2939754,10.1038/nmeth.2340,CITES,2013
10.1145/2939672.2939754,10.1093/nar/gks1158,CITES,2012
10.1145/2939672.2939754,10.1145/2339530.2339723,CITES,2012
10.1145/2939672.2939754,10.1109/TPAMI.2013.50,CITES,2013
10.1145/2939672.2939754,10.1145/2020408.2020512,CITES,2011
10.1145/2939672.2939754,10.1093/bioinformatics/btr260,CITES,2011
10.1145/2939672.2939754,10.1038/NPRE.2011.5627.1,CITES,2011
10.1145/2939672.2939754,10.1007/s10618-010-0210-x,CITES,2011
10.1145/2939672.2939754,10.1145/1935826.1935914,CITES,2011
10.1145/2939672.2939754,10.1016/j.physrep.2009.11.002,CITES,2010
10.1145/2939672.2939754,10.1136/ebmh.11.4.102,CITES,2008
10.1145/2939672.2939754,10.1007/978-3-642-14929-0_1,CITES,2008
10.1145/2939672.2939754,10.1093/nar/gkm1001,CITES,2007
10.1145/2939672.2939754,10.4018/jdwm.2007070101,CITES,2007
10.1145/2939672.2939754,10.1016/S0378-8733(03)00009-1,CITES,2003
10.1145/2939672.2939754,10.1145/780542.780599,CITES,2003
10.1145/2939672.2939754,10.3115/1073445.1073478,CITES,2003
10.1145/2939672.2939754,10.1198/016214502388618906,CITES,2002
10.1145/2939672.2939754,10.7551/mitpress/1120.003.0080,CITES,2002
10.1145/2939672.2939754,10.1126/SCIENCE.290.5500.2323,CITES,2000
10.1145/2939672.2939754,10.1126/SCIENCE.290.5500.2319,CITES,2000
10.1145/2939672.2939754,10.1137/1.9781611973440.33,CITES,2014
10.1145/2939672.2939754,10.1017/CBO9781139207249.009,CITES,2012
10.1145/2939672.2939754,10.1109/TPAMI.2007.12,CITES,2007
10.1007/s11192-021-03984-1,10.1016/j.joi.2015.10.005,CITES,2015
10.1016/j.joi.2015.10.005,10.1063/PT.3.2722,CITES,2015
10.1016/j.joi.2015.10.005,10.1007/s11192-014-1238-2,CITES,2014
10.1016/j.joi.2015.10.005,10.1103/PhysRevX.4.041036,CITES,2014
10.1016/j.joi.2015.10.005,10.1073/pnas.1309723111,CITES,2014
10.1016/j.joi.2015.10.005,10.1002/asi.23329,CITES,2014
10.1016/j.joi.2015.10.005,10.1063/sr.d6cca28b27,CITES,2014
10.1016/j.joi.2015.10.005,10.1002/asi.22873,CITES,2013
10.1016/j.joi.2015.10.005,10.1177/0094306113484702bb,CITES,2013
10.1016/j.joi.2015.10.005,10.1038/srep01720,CITES,2013
10.1016/j.joi.2015.10.005,10.1177/0003122415601618,CITES,2013
10.1016/j.joi.2015.10.005,10.3390/SU4123234,CITES,2012
10.1016/j.joi.2015.10.005,10.1007/s11051-012-1119-7,CITES,2012
10.1016/j.joi.2015.10.005,10.7820/VLI.V01.1.KOIZUMI,CITES,2012
10.1016/j.joi.2015.10.005,10.5860/choice.50-2630,CITES,2012
10.1016/j.joi.2015.10.005,10.1007/s11051-011-0685-4,CITES,2012
10.1016/j.joi.2015.10.005,10.1086/667831,CITES,2012
10.1016/j.joi.2015.10.005,10.1002/asi.21602,CITES,2011
10.1016/j.joi.2015.10.005,10.1126/scitranslmed.3001399,CITES,2010
10.1016/j.joi.2015.10.005,10.1007/s11192-010-0202-z,CITES,2010
10.1016/j.joi.2015.10.005,10.1007/s11192-009-0414-2,CITES,2009
10.1016/j.joi.2015.10.005,10.5860/choice.47-1966,CITES,2009
10.1016/j.joi.2015.10.005,10.1126/science.1158357,CITES,2008
10.1016/j.joi.2015.10.005,10.1177/0265532207080767,CITES,2007
10.1016/j.joi.2015.10.005,10.1126/SCIENCE.1106340,CITES,2005
10.1016/j.joi.2015.10.005,10.1057/9780230511804,CITES,2004
10.1016/j.joi.2015.10.005,10.1108/OIR.2001.25.4.271.6,CITES,2001
10.1016/j.joi.2015.10.005,10.1093/LLC/15.3.323,CITES,2000
10.1016/j.joi.2015.10.005,10.1023/A:1005647328460,CITES,2000
10.1016/j.joi.2015.10.005,10.1038/5498,CITES,1999
10.1016/j.joi.2015.10.005,10.1023/A:1004324331995,CITES,1997
10.1016/j.joi.2015.10.005,10.1007/BF02017232,CITES,1994
10.1016/j.joi.2015.10.005,10.1007/BF02019282,CITES,1991
10.1016/j.joi.2015.10.005,10.1007/BF02019280,CITES,1991
10.1016/j.joi.2015.10.005,10.1002/(SICI)1097-4571(199105)42:4%3C252::AID-ASI2%3E3.0.CO;2-G,CITES,1991
10.1016/j.joi.2015.10.005,10.1017/S0025727300053618,CITES,1991
10.1016/j.joi.2015.10.005,10.1177/030631289019003004,CITES,1989
10.1016/j.joi.2015.10.005,10.1016/0048-7333(89)90016-4,CITES,1989
10.1016/j.joi.2015.10.005,10.1177/030631289019002005,CITES,1989
10.1016/j.joi.2015.10.005,10.1007/BF02025827,CITES,1984
10.1016/j.joi.2015.10.005,10.1177/053901883022002003,CITES,1983
10.1016/j.joi.2015.10.005,10.2307/1978369,CITES,1974
10.1016/j.joi.2015.10.005,10.1126/science.178.4059.368,CITES,1972
10.1016/j.joi.2015.10.005,10.2307/3102866,CITES,1972
10.1016/j.joi.2015.10.005,10.1063/1.3057695,CITES,1961
10.1016/j.joi.2015.10.005,10.1126/SCIENCE.134.3473.161,CITES,1961
10.1016/j.joi.2015.10.005,10.5860/choice.35-3932,CITES,2016
10.1016/j.joi.2015.10.005,10.1002/asi.21100,CITES,2009
10.1016/j.joi.2015.10.005,10.7551/mitpress/7461.001.0001,CITES,2009
10.1016/j.joi.2015.10.005,10.1007/BF02016799,CITES,2005
10.1016/j.joi.2015.10.005,10.1002/(SICI)1097-4571(1998)49:1%3C68::AID-ASI9%3E3.0.CO;2-1,CITES,1998
10.1007/s11192-021-03984-1,10.1080/00091383.2015.1053777,CITES,2015
10.1080/00091383.2015.1053777,10.1515/9780804790482,CITES,2014
10.1080/00091383.2015.1053777,10.2307/j.ctvjf9x5x,CITES,2010
10.1080/00091383.2015.1053777,10.1086/261420,CITES,1986
10.1080/00091383.2015.1053777,10.2307/1926047,CITES,1957
10.1007/s11192-021-03984-1,10.3115/v1/D14-1162,CITES,2014
10.3115/v1/D14-1162,10.3115/v1/P14-1023,CITES,2014
10.3115/v1/D14-1162,10.3115/v1/W14-1618,CITES,2014
10.3115/v1/D14-1162,10.3115/v1/E14-1051,CITES,2013
10.3115/v1/D14-1162,10.5555/1953048.2021068,CITES,2011
10.3115/v1/D14-1162,10.5555/1953048.2078186,CITES,2011
10.3115/v1/D14-1162,10.4249/scholarpedia.4356,CITES,2008
10.3115/v1/D14-1162,10.1145/1390156.1390177,CITES,2008
10.3115/v1/D14-1162,10.3758/BF03193020,CITES,2007
10.3115/v1/D14-1162,10.1145/860435.860445,CITES,2003
10.3115/v1/D14-1162,10.3115/1119176.1119195,CITES,2003
10.3115/v1/D14-1162,10.1145/505282.505283,CITES,2001
10.3115/v1/D14-1162,10.3758/BF03204766,CITES,1996
10.3115/v1/D14-1162,10.1145/365628.365657,CITES,1965
10.3115/v1/D14-1162,10.1561/2200000006,CITES,2009
10.3115/v1/D14-1162,10.1145/503104.503110,CITES,2002
10.3115/v1/D14-1162,10.1080/01690969108406936,CITES,1991
10.3115/v1/D14-1162,10.1007/978-1-4757-5579-4,CITES,1976
10.1007/s11192-021-03984-1,10.1177/0011392114548640,CITES,2014
10.1177/0011392114548640,10.1215/00182168-3484390,CITES,2016
10.1177/0011392114548640,10.1177/0011392114533977,CITES,2014
10.1177/0011392114548640,10.3989/REDC.2011.3.829,CITES,2011
10.1177/0011392114548640,10.1177/0011392111400782,CITES,2011
10.1177/0011392114548640,10.1007/S11024-008-9092-0,CITES,2008
10.1177/0011392114548640,10.1177/00113921030516003,CITES,2003
10.1177/0011392114548640,10.3406/ARSS.2002.2823,CITES,2002
10.1177/0011392114548640,10.1177/136843199002004002,CITES,1999
10.1177/0011392114548640,10.1177/037698369902600224,CITES,1999
10.1177/0011392114548640,10.5195/JWSR.1998.148,CITES,1998
10.1177/0011392114548640,10.1177/026858088003002005,CITES,1988
10.1177/0011392114548640,10.2383/31373,CITES,2009
10.1177/0011392114548640,10.1057/9781403982568_1,CITES,2003
10.1007/s11192-021-03984-1,10.3115/v1/W14-3110,CITES,2014
10.3115/v1/W14-3110,10.1145/2254556.2254572,CITES,2012
10.3115/v1/W14-3110,10.1609/icwsm.v6i1.14321,CITES,2012
10.3115/v1/W14-3110,10.1145/2207676.2207738,CITES,2012
10.3115/v1/W14-3110,10.1145/2089094.2089099,CITES,2012
10.3115/v1/W14-3110,10.1109/TVCG.2011.185,CITES,2011
10.3115/v1/W14-3110,10.1145/1816123.1816156,CITES,2010
10.3115/v1/W14-3110,10.1007/978-3-642-04180-8_22,CITES,2009
10.3115/v1/W14-3110,10.1073/PNAS.0307752101,CITES,2004
10.1007/s11192-021-03984-1,10.1145/2623330.2623732,CITES,2014
10.1145/2623330.2623732,10.1145/2487575.2487610,CITES,2013
10.1145/2623330.2623732,10.1145/3065386,CITES,2012
10.1145/2623330.2623732,10.1109/TPAMI.2013.50,CITES,2013
10.1145/2623330.2623732,10.1109/TASL.2011.2134090,CITES,2012
10.1145/2623330.2623732,10.1145/2020408.2020512,CITES,2011
10.1145/2623330.2623732,10.1007/s10618-010-0210-x,CITES,2011
10.1145/2623330.2623732,10.1109/ASONAM.2010.19,CITES,2010
10.1145/2623330.2623732,10.5555/1756006.1756025,CITES,2010
10.1145/2623330.2623732,10.1145/1645953.1646094,CITES,2009
10.1145/2623330.2623732,10.1145/1541880.1541882,CITES,2009
10.1145/2623330.2623732,10.1145/1557019.1557109,CITES,2009
10.1145/2623330.2623732,10.1007/s10994-008-5066-6,CITES,2008
10.1145/2623330.2623732,10.1201/b17320-16,CITES,2008
10.1145/2623330.2623732,10.1007/978-3-642-14929-0_1,CITES,2008
10.1145/2623330.2623732,10.1145/1401890.1401925,CITES,2008
10.1145/2623330.2623732,10.1145/1390156.1390177,CITES,2008
10.1145/2623330.2623732,10.5555/1756006.1859891,CITES,2008
10.1145/2623330.2623732,10.5555/1390681.1442794,CITES,2008
10.1145/2623330.2623732,10.1109/FOCS.2006.44,CITES,2006
10.1145/2623330.2623732,10.1073/PNAS.0601602103,CITES,2006
10.1145/2623330.2623732,10.1145/1090193.1090201,CITES,2005
10.1145/2623330.2623732,10.1145/956863.956972,CITES,2003
10.1145/2623330.2623732,10.1145/1007352.1007372,CITES,2003
10.1145/2623330.2623732,10.1016/0004-3702(91)90084-W,CITES,1991
10.1145/2623330.2623732,10.1109/TPAMI.1984.4767596,CITES,1984
10.1145/2623330.2623732,10.1109/TPAMI.1983.4767390,CITES,1983
10.1145/2623330.2623732,10.1086/jar.33.4.3629752,CITES,1977
10.1145/2623330.2623732,10.1007/978-0-387-31439-6_100248,CITES,2014
10.1145/2623330.2623732,10.1137/1.9781611972825.71,CITES,2012
10.1145/2623330.2623732,10.7551/mitpress/7432.001.0001,CITES,2007
10.1145/2623330.2623732,10.21236/ada452802,CITES,2003
10.1007/s11192-021-03984-1,10.1140/epjds/s13688-014-0011-3,CITES,2014
10.1140/epjds/s13688-014-0011-3,10.1038/504211A,CITES,2013
10.1140/epjds/s13688-014-0011-3,10.1118/1.4816659,CITES,2013
10.1140/epjds/s13688-014-0011-3,10.1038/srep03052,CITES,2013
10.1140/epjds/s13688-014-0011-3,10.1007/s11192-013-1027-3,CITES,2013
10.1140/epjds/s13688-014-0011-3,10.1007/s11192-013-1027-3,CITES,2013
10.1140/epjds/s13688-014-0011-3,10.1073/pnas.1323111111,CITES,2014
10.1140/epjds/s13688-014-0011-3,10.1063/PT.3.1928,CITES,2013
10.1140/epjds/s13688-014-0011-3,10.1038/srep01167,CITES,2013
10.1140/epjds/s13688-014-0011-3,10.1371/journal.pone.0049246,CITES,2012
10.1140/epjds/s13688-014-0011-3,10.1038/srep00815,CITES,2012
10.1140/epjds/s13688-014-0011-3,10.1038/489201a,CITES,2012
10.1140/epjds/s13688-014-0011-3,10.1145/2350036.2350040,CITES,2012
10.1140/epjds/s13688-014-0011-3,10.1002/ASI.22621,CITES,2012
10.1140/epjds/s13688-014-0011-3,10.1073/pnas.1121429109,CITES,2012
10.1140/epjds/s13688-014-0011-3,10.1126/science.1214844,CITES,2012
10.1140/epjds/s13688-014-0011-3,10.1371/journal.pone.0018975,CITES,2011
10.1140/epjds/s13688-014-0011-3,10.1002/asi.21460,CITES,2011
10.1140/epjds/s13688-014-0011-3,10.1007/s11192-010-0196-6,CITES,2010
10.1140/epjds/s13688-014-0011-3,10.1145/1552303.1552304,CITES,2009
10.1140/epjds/s13688-014-0011-3,10.2189/asqu.52.3.443,CITES,2007
10.1140/epjds/s13688-014-0011-3,10.1007/s11192-007-1680-5,CITES,2007
10.1140/epjds/s13688-014-0011-3,10.1073/pnas.0507655102,CITES,2005
10.1140/epjds/s13688-014-0011-3,10.2139/ssrn.249578,CITES,2000
10.1140/epjds/s13688-014-0011-3,10.1002/ARIS.2009.1440430113,CITES,2009
10.1140/epjds/s13688-014-0011-3,10.1002/ASI.V56:2,CITES,2005
10.1140/epjds/s13688-014-0011-3,10.1016/s0016-0032(26)91166-6,CITES,
10.1007/s11192-021-03984-1,10.1038/497557a,CITES,2013
10.1038/497557a,10.1126/science.275.5301.793,CITES,1997
10.1038/497557a,10.1038/25219,CITES,1998
10.1038/497557a,10.1038/490335a,CITES,2012
10.1038/497557a,10.1007/BF02458380,CITES,1998
10.1038/497557a,10.1007/s11192-007-1696-x,CITES,2007
10.1038/497557a,10.1007/s11192-007-1818-5,CITES,2008
10.1038/497557a,10.1016/j.respol.2005.01.014,CITES,2005
10.1007/s11192-021-03984-1,10.1017/nws.2013.2,CITES,2013
10.1007/s11192-021-03984-1,10.1057/HEP.2011.9,CITES,2011
10.1057/HEP.2011.9,10.1086/225469,CITES,1973
10.1057/HEP.2011.9,10.1007/s10734-010-9317-7,CITES,2010
10.1057/HEP.2011.9,10.4337/9780857936233,CITES,2011
10.1057/HEP.2011.9,10.1111/j.1741-5446.2008.00288.x,CITES,2008
10.1057/HEP.2011.9,10.4337/9781781951002,CITES,2007
10.1057/HEP.2011.9,10.1007/978-0-230-21364-7,CITES,2005
10.1007/s11192-021-03984-1,10.5555/1953048.2078195,CITES,2011
10.5555/1953048.2078195,10.1016/j.patcog.2011.04.006,CITES,2011
10.5555/1953048.2078195,10.1145/1961189.1961199,CITES,2011
10.5555/1953048.2078195,10.1109/MCSE.2011.37,CITES,2011
10.5555/1953048.2078195,10.5555/1756006.1859911,CITES,2010
10.5555/1953048.2078195,10.18637/JSS.V033.I01,CITES,2010
10.5555/1953048.2078195,10.1007/s12021-008-9041-y,CITES,2009
10.5555/1953048.2078195,10.3389/neuro.11.008.2008,CITES,2008
10.5555/1953048.2078195,10.1137/080736417,CITES,2008
10.5555/1953048.2078195,10.5555/1390681.1442794,CITES,2008
10.5555/1953048.2078195,10.5555/1756006.1756030,CITES,2010
10.1007/s11192-021-03984-1,10.1007/s11192-010-0162-3,CITES,2010
10.1007/s11192-010-0162-3,10.1007/s11192-006-0090-4,CITES,2006
10.1007/s11192-010-0162-3,10.1002/asi.20746,CITES,2008
10.1007/s11192-010-0162-3,10.1002/asi.20609,CITES,2007
10.1007/s11192-010-0162-3,10.1016/j.joi.2007.02.001,CITES,2007
10.1007/s11192-010-0162-3,10.1007/s11192-006-0098-9,CITES,2006
10.1007/s11192-010-0162-3,10.1007/s11192-007-1682-3,CITES,2007
10.1007/s11192-010-0162-3,10.1073/pnas.0507655102,CITES,2005
10.1007/s11192-010-0162-3,10.1007/s11192-007-1805-x,CITES,2007
10.1007/s11192-010-0162-3,10.1111/j.0963-7214.2004.01501008.x,CITES,2004
10.1007/s11192-010-0162-3,10.1002/asi.20677,CITES,2007
10.1007/s11192-010-0162-3,10.1007/s11192-005-0240-0,CITES,2005
10.1007/s11192-021-03984-1,10.1007/s11192-009-2126-z,CITES,2009
10.1007/s11192-009-2126-z,10.1016/j.respol.2005.01.014,CITES,2005
10.1007/s11192-009-2126-z,10.1007/s11192-007-1657-4,CITES,2007
10.1007/s11192-009-2126-z,10.1007/BF02017061,CITES,1989
10.1007/s11192-009-2126-z,10.1007/BF02017209,CITES,1994
10.1007/s11192-009-2126-z,10.1023/A:1005615816165,CITES,2000
10.1007/s11192-009-2126-z,10.1016/j.respol.2004.01.008,CITES,2004
10.1007/s11192-009-2126-z,10.1177/030631277600600204,CITES,1976
10.1007/s11192-009-2126-z,10.1177/0306312705053048,CITES,2005
10.1007/s11192-009-2126-z,10.1023/A:1015684505035,CITES,2002
10.1007/s11192-009-2126-z,10.1023/A:1025048516769,CITES,2003
10.1007/s11192-009-2126-z,10.1007/BF02458481,CITES,1999
10.1007/s11192-009-2126-z,10.1023/B:SCIE.0000018541.29653.f5,CITES,2004
10.1007/s11192-009-2126-z,10.1023/A:1005617825947,CITES,2000
10.1007/s11192-009-2126-z,10.1007/BF02459299,CITES,1997
10.1007/s11192-009-2126-z,10.1016/S0048-7333(96)00917-1,CITES,1997
10.1007/s11192-009-2126-z,10.1007/s11192-006-0017-0,CITES,2006
10.1007/s11192-009-2126-z,10.1038/430311a,CITES,2004
10.1007/s11192-009-2126-z,10.3102/0013189X013006017,CITES,1984
10.1007/s11192-009-2126-z,10.3152/147154402781776961,CITES,2002
10.1007/s11192-009-2126-z,10.1177/0306312705052359,CITES,2005
10.1007/s11192-009-2126-z,10.1007/s11192-005-0278-z,CITES,2005
10.1007/s11192-009-2126-z,10.1126/science.275.5301.793,CITES,1997
10.1007/s11192-009-2126-z,10.1016/0048-7333(96)00881-5,CITES,1996
10.1007/s11192-009-2126-z,10.1023/A:1016033528117,CITES,2002
10.1007/s11192-009-2126-z,10.1177/030631277900900406,CITES,1979
10.1007/s11192-009-2126-z,10.1007/s11192-007-1818-5,CITES,2008
10.1007/s11192-009-2126-z,10.1002/jid.1376,CITES,2007
10.1007/s11192-009-2126-z,10.1111/j.1083-6101.2007.00347.x,CITES,2007
10.1007/s11192-009-2126-z,10.1007/s11192-007-1658-3,CITES,2007
10.1007/s11192-009-2126-z,10.1177/030631284014001004,CITES,1984
10.1007/s11192-021-03984-1,10.3354/ESEP00084,CITES,2008
10.3354/ESEP00084,10.1108/00220410810858010,CITES,2008
10.3354/ESEP00084,10.1108/00220410810844150,CITES,2008
10.3354/ESEP00084,10.3152/095820207X227529,CITES,2007
10.3354/ESEP00084,10.1007/s11192-007-1671-6,CITES,2007
10.3354/ESEP00084,10.1087/095315106778690751,CITES,2006
10.3354/ESEP00084,10.1007/s11192-006-0121-1,CITES,2006
10.3354/ESEP00084,10.1007/s11192-006-0122-0,CITES,2006
10.3354/ESEP00084,10.1087/0953151053584939,CITES,2005
10.3354/ESEP00084,10.1007/s11192-005-0008-6,CITES,2005
10.3354/ESEP00084,10.1207/s15366359mea0301_7,CITES,2005
10.3354/ESEP00084,10.1023/B:SCIE.0000034382.85360.cd,CITES,2004
10.3354/ESEP00084,10.1023/B:SCIE.0000034377.93437.18,CITES,2004
10.3354/ESEP00084,10.1007/s11192-005-0240-0,CITES,2005
10.3354/ESEP00084,10.5860/CRL.65.3.194,CITES,2004
10.3354/ESEP00084,10.2307/20020343,CITES,2003
10.3354/ESEP00084,10.1038/415726a,CITES,2002
10.3354/ESEP00084,10.1016/S0160-9327(00)01352-1,CITES,2001
10.3354/ESEP00084,10.1080/1350178022000015104,CITES,2001
10.3354/ESEP00084,10.1002/1097-4571(2000)9999:9999%3C::AID-ASI1542%3E3.0.CO;2-T,CITES,2001
10.3354/ESEP00084,10.1177/000312240006500603,CITES,2000
10.3354/ESEP00084,10.1023/A:1005661208810,CITES,2000
10.3354/ESEP00084,10.1890/0012-9658(2000)081[1139:DIIPSO]2.0.CO;2,CITES,2000
10.3354/ESEP00084,10.1086/468081,CITES,2000
10.3354/ESEP00084,10.2307/2657504,CITES,1998
10.3354/ESEP00084,10.1080/00401706.1998.10485493,CITES,1998
10.3354/ESEP00084,10.1126/SCIENCE.275.5301.793,CITES,1997
10.3354/ESEP00084,10.1007/BF02129597,CITES,1996
10.3354/ESEP00084,10.1007/BF02129604,CITES,1996
10.3354/ESEP00084,10.3386/W5460,CITES,1996
10.3354/ESEP00084,10.1086/261927,CITES,1994
10.3354/ESEP00084,10.1007/BF02016287,CITES,1993
10.3354/ESEP00084,10.1093/SPP/19.5.321,CITES,1992
10.3354/ESEP00084,10.1007/BF02020003,CITES,1991
10.3354/ESEP00084,10.2307/2072255,CITES,1991
10.3354/ESEP00084,10.1126/science.251.5000.1410-a,CITES,1991
10.3354/ESEP00084,10.1007/BF02020698,CITES,1990
10.3354/ESEP00084,10.1111/j.1365-3121.1991.tb00853.x,CITES,1990
10.3354/ESEP00084,10.2307/2937790,CITES,1990
10.3354/ESEP00084,10.2307/357783,CITES,1989
10.3354/ESEP00084,10.1016/0968-0004(89)90163-1,CITES,1989
10.3354/ESEP00084,10.1177/016555158701300501,CITES,1987
10.3354/ESEP00084,10.1007/BF02016689,CITES,1987
10.3354/ESEP00084,10.1007/BF02016692,CITES,1987
10.3354/ESEP00084,10.1016/0048-7333(85)90012-5,CITES,1985
10.3354/ESEP00084,10.1016/0048-7333(83)90005-7,CITES,1983
10.3354/ESEP00084,10.2307/2287482,CITES,1980
10.3354/ESEP00084,10.1126/SCIENCE.178.4060.471,CITES,1972
10.3354/ESEP00084,10.1002/asi.20531,CITES,2007
10.3354/ESEP00084,10.1002/asi.20262,CITES,2006
10.3354/ESEP00084,10.1007/BF02457963,CITES,2006
10.3354/ESEP00084,10.1007/BF02458488,CITES,2006
10.3354/ESEP00084,10.1007/BF02017332,CITES,2005
10.3354/ESEP00084,10.1007/BF02016604,CITES,2005
10.3354/ESEP00084,10.1007/BF02097178,CITES,2005
10.3354/ESEP00084,10.1016/J.TREE.2004.10.010,CITES,2005
10.3354/ESEP00084,10.1007/1-4020-2755-9_2,CITES,2004
10.3354/ESEP00084,10.1023/A:1014831920172,CITES,2004
10.3354/ESEP00084,10.1088/2058-7058/14/2/16,CITES,2004
10.3354/ESEP00084,10.1016/S1574-0056(00)80005-6,CITES,2000
10.3354/ESEP00084,10.1002/(SICI)1097-4571(199701)48:1%3C80::AID-ASI9%3E3.0.CO;2-Y,CITES,1997
10.3354/ESEP00084,10.4135/9781526402219.n11,CITES,1997
10.3354/ESEP00084,10.1038/375624c0,CITES,1995
10.3354/ESEP00084,10.1086/133353,CITES,1994
10.3354/ESEP00084,10.1002/(SICI)1097-4571(199401)45:1%3C39::AID-ASI5%3E3.0.CO;2-Q,CITES,1994
10.3354/ESEP00084,10.1086/133232,CITES,1993
10.3354/ESEP00084,10.1016/0306-4573(87)90033-1,CITES,1987
10.3354/ESEP00084,10.1007/1-4020-3714-7,CITES,
10.1007/s11192-021-03984-1,10.1214/07-AOAS114,CITES,2007
10.1214/07-AOAS114,10.1561/2200000001,CITES,2008
10.1214/07-AOAS114,10.1214/07-AOAS126,CITES,2007
10.1214/07-AOAS114,10.1198/016214506000000302,CITES,2006
10.1214/07-AOAS114,10.1007/978-3-540-73133-7_5,CITES,2006
10.1214/07-AOAS114,10.1214/009053606000000281,CITES,2006
10.1214/07-AOAS114,10.1214/06-BA104,CITES,2006
10.1214/07-AOAS114,10.1109/CVPR.2005.16,CITES,2005
10.1214/07-AOAS114,10.1073/PNAS.0307752101,CITES,2004
10.1214/07-AOAS114,10.1073/PNAS.0307760101,CITES,2004
10.1214/07-AOAS114,10.1145/860435.860460,CITES,2003
10.1214/07-AOAS114,10.1023/A:1007665907178,CITES,1999
10.1214/07-AOAS114,10.1613/JAIR.251,CITES,1996
10.1214/07-AOAS114,10.1080/01621459.1990.10474930,CITES,1990
10.1214/07-AOAS114,10.2307/2982045,CITES,1986
10.1214/07-AOAS114,10.1111/J.2517-6161.1985.TB01341.X,CITES,1985
10.1214/07-AOAS114,10.2307/1401781,CITES,1966
10.1214/07-AOAS114,10.1007/978-1-4757-4145-2,CITES,2004
10.1214/07-AOAS114,10.1111/J.2517-6161.1996.TB02080.X,CITES,1996
10.1214/07-AOAS114,10.1093/BIOMET/67.2.261,CITES,1980
10.1007/s11192-021-03984-1,10.1111/J.1540-5907.2008.00338.X,CITES,2007
10.1111/J.1540-5907.2008.00338.X,10.2307/1962882,CITES,1991
10.1111/J.1540-5907.2008.00338.X,10.2307/2991832,CITES,1999
10.1111/J.1540-5907.2008.00338.X,10.1016/j.electstud.2006.04.001,CITES,2007
10.1111/J.1540-5907.2008.00338.X,10.4324/9780203028179,CITES,2006
10.1111/J.1540-5907.2008.00338.X,10.1093/oso/9780199244003.001.0001,CITES,2001
10.1111/J.1540-5907.2008.00338.X,10.1016/j.electstud.2006.04.002,CITES,2007
10.1111/J.1540-5907.2008.00338.X,10.1017/CBO9780511558771,CITES,1987
10.1111/J.1540-5907.2008.00338.X,10.1017/CBO9780511814365,CITES,1998
10.1111/J.1540-5907.2008.00338.X,10.1111/j.1475-6765.1984.tb00080.x,CITES,1984
10.1111/J.1540-5907.2008.00338.X,10.1017/S1351324900000139,CITES,1995
10.1111/J.1540-5907.2008.00338.X,10.1111/j.1475-6765.1996.tb00639.x,CITES,1996
10.1111/J.1540-5907.2008.00338.X,10.3162/036298005X201662,CITES,2005
10.1111/J.1540-5907.2008.00338.X,10.2307/3088432,CITES,2002
10.1111/J.1540-5907.2008.00338.X,10.1017/CBO9780511810404,CITES,2002
10.1111/J.1540-5907.2008.00338.X,10.2307/2669295,CITES,2000
10.1111/J.1540-5907.2008.00338.X,10.1017/CBO9780511625633,CITES,1998
10.1111/J.1540-5907.2008.00338.X,10.1177/0010414098031003003,CITES,1998
10.1111/J.1540-5907.2008.00338.X,10.2307/2981893,CITES,1985
10.1111/J.1540-5907.2008.00338.X,10.1177/1354068895001001004,CITES,1995
10.1111/J.1540-5907.2008.00338.X,10.1177/1354068807075938,CITES,2007
10.1111/J.1540-5907.2008.00338.X,10.3115/1075096.1075133,CITES,2003
10.1111/J.1540-5907.2008.00338.X,10.3998/mpub.23784,CITES,1998
10.1111/J.1540-5907.2008.00338.X,10.1080/09644000412331307604,CITES,2003
10.1111/J.1540-5907.2008.00338.X,10.1017/S0003055403000698,CITES,2003
10.1111/J.1540-5907.2008.00338.X,10.1007/978-1-349-22368-8,CITES,1992
10.1111/J.1540-5907.2008.00338.X,10.1093/pan/mph015,CITES,2004
10.1111/J.1540-5907.2008.00338.X,10.1093/pan/mpm010,CITES,2008
10.1111/J.1540-5907.2008.00338.X,10.1198/000313002100,CITES,2002
10.1111/J.1540-5907.2008.00338.X,10.2307/2111172,CITES,1985
10.1111/J.1540-5907.2008.00338.X,10.1080/01402380600619884,CITES,2006
10.1111/J.1540-5907.2008.00338.X,10.1093/acprof:oso/9780198299707.001.0001,CITES,2002
10.1111/J.1540-5907.2008.00338.X,10.1177/0010414084017002004,CITES,1984
10.1111/J.1540-5907.2008.00338.X,10.1515/9781400831456,CITES,2002
10.1111/J.1540-5907.2008.00338.X,10.2307/2991830,CITES,1999
10.1111/J.1540-5907.2008.00338.X,10.1177/0010414092025003003,CITES,1992
10.1007/s11192-021-03984-1,10.2307/41166348,CITES,2006
10.1007/s11192-021-03984-1,10.1023/B:SCIE.0000034384.35498.7d,CITES,2004
10.1023/B:SCIE.0000034384.35498.7d,10.1023/A:1019643002560,CITES,2001
10.1023/B:SCIE.0000034384.35498.7d,10.1006/iilr.1999.0103,CITES,1998
10.1023/B:SCIE.0000034384.35498.7d,10.1007/BF02459304,CITES,1997
10.1023/B:SCIE.0000034384.35498.7d,10.1023/A:1010512628145,CITES,2001
10.1023/B:SCIE.0000034384.35498.7d,10.1007/BF02458380,CITES,1998
10.1007/s11192-021-03984-1,10.1038/430311a,CITES,2004
10.1038/430311a,10.1126/science.275.5301.793,CITES,1997
10.1038/430311a,10.1038/25219,CITES,1998
10.1038/430311a,10.1126/science.278.5339.878,CITES,1997
10.1038/430311a,10.1126/science.285.5428.690,CITES,1999
10.1038/430311a,10.1126/science.303.5660.925,CITES,2004
10.1038/430311a,10.1068/a3505com,CITES,2003
10.1038/430311a,10.1038/427388a,CITES,2004
10.1007/s11192-021-03984-1,10.1177/000312240406900204,CITES,2004
10.1177/000312240406900204,10.2307/2654383,CITES,2000
10.1177/000312240406900204,10.2307/2095162,CITES,1982
10.1177/000312240406900204,10.1007/s12108-999-1007-5,CITES,1999
10.1177/000312240406900204,10.1126/science.286.5439.509,CITES,1999
10.1177/000312240406900204,10.1086/228631,CITES,1987
10.1177/000312240406900204,10.1086/228667,CITES,1987
10.1177/000312240406900204,10.2307/2096210,CITES,1992
10.1177/000312240406900204,10.1086/210040,CITES,1998
10.1177/000312240406900204,10.1086/228424,CITES,1986
10.1177/000312240406900204,10.2307/2654382,CITES,2000
10.1177/000312240406900204,10.1007/s12108-001-1029-0,CITES,2001
10.1177/000312240406900204,10.2307/2093295,CITES,1970
10.1177/000312240406900204,10.1007/978-1-349-17729-5,CITES,1984
10.1177/000312240406900204,10.2307/2096209,CITES,1992
10.1177/000312240406900204,10.1017/CBO9780511527524,CITES,1998
10.1177/000312240406900204,10.1086/341744,CITES,2002
10.1177/000312240406900204,10.1177/104649647100200201,CITES,1971
10.1177/000312240406900204,10.1257/jep.10.3.153,CITES,1996
10.1177/000312240406900204,10.1038/423605a,CITES,2003
10.1177/000312240406900204,10.1086/262132,CITES,2000
10.1177/000312240406900204,10.2307/2095896,CITES,1988
10.1177/000312240406900204,10.1146/annurev.soc.28.110601.141122,CITES,2002
10.1177/000312240406900204,10.1086/343192,CITES,2002
10.1177/000312240406900204,10.2307/1924423,CITES,1983
10.1177/000312240406900204,10.1126/science.159.3810.56,CITES,1968
10.1177/000312240406900204,10.1086/338954,CITES,2001
10.1177/000312240406900204,10.1177/000312240306800105,CITES,2003
10.1177/000312240406900204,10.1073/pnas.98.2.404,CITES,2000
10.1177/000312240406900204,10.1103/PhysRevE.64.026118,CITES,2000
10.1177/000312240406900204,10.1177/000312240106600306,CITES,2001
10.1177/000312240406900204,10.2307/3090139,CITES,2003
10.1177/000312240406900204,10.1007/BF02025829,CITES,1984
10.1177/000312240406900204,10.1007/BF01476366,CITES,1994
10.1177/000312240406900204,10.1146/annurev.so.20.080194.001513,CITES,1994
10.1177/000312240406900204,10.1086/210318,CITES,1999
10.1177/000312240406900204,10.1038/30918,CITES,1998
10.1177/000312240406900204,10.1111/0081-1750.00098,CITES,2001
10.1177/000312240406900204,10.1093/oso/9780199240531.001.0001,CITES,2000
10.1007/s11192-021-03984-1,10.1177/14761270030013002,CITES,2003
10.1177/14761270030013002,10.2307/2667019,CITES,2000
10.1177/14761270030013002,10.1111/j.1559-1816.1976.tb01331.x,CITES,1976
10.1177/14761270030013002,10.2307/270732,CITES,1972
10.1177/14761270030013002,10.1080/0022250X.1972.9989806,CITES,1972
10.1177/14761270030013002,10.1093/sf/53.2.181,CITES,1974
10.1177/14761270030013002,10.1086/229067,CITES,1989
10.1177/14761270030013002,10.1111/j.1467-8683.1996.tb00144.x,CITES,1996
10.1177/14761270030013002,10.1086/231170,CITES,1997
10.1177/14761270030013002,10.2307/2666995,CITES,1999
10.1177/14761270030013002,10.2307/3707362,CITES,1950
10.1177/14761270030013002,10.1525/9780520342095-010,CITES,1994
10.1177/14761270030013002,10.2307/2393734,CITES,1997
10.1177/14761270030013002,10.1080/03612759.1997.10525344,CITES,1997
10.1177/14761270030013002,10.2307/2666959,CITES,1999
10.1177/14761270030013002,10.2307/2393337,CITES,1993
10.1177/14761270030013002,10.2307/2393617,CITES,1998
10.1177/14761270030013002,10.2307/2393338,CITES,1993
10.1177/14761270030013002,10.1093/sf/52.3.321,CITES,1974
10.1177/14761270030013002,10.2139/ssrn.238608,CITES,
10.1177/14761270030013002,10.2307/3088882,CITES,2001
10.1177/14761270030013002,10.1086/231292,CITES,1998
10.1177/14761270030013002,10.1037/h0029198,CITES,1970
10.1177/14761270030013002,10.2307/1388633,CITES,1975
10.1177/14761270030013002,10.1037/e400002009-005,CITES,1967
10.1177/14761270030013002,10.1146/annurev.soc.22.1.271,CITES,1996
10.1177/14761270030013002,10.2307/2393496,CITES,1994
10.1177/14761270030013002,10.1103/PhysRevE.64.026118,CITES,2000
10.1177/14761270030013002,10.2307/2667126,CITES,2001
10.1177/14761270030013002,10.2307/2667072,CITES,2000
10.1177/14761270030013002,10.1287/orsc.10.1.27,CITES,1999
10.1177/14761270030013002,10.2307/256396,CITES,1991
10.1177/14761270030013002,10.2307/2786545,CITES,1969
10.1177/14761270030013002,10.1086/210318,CITES,1999
10.1177/14761270030013002,10.1038/30918,CITES,1998
10.1177/14761270030013002,10.1093/sf/49.2.259,CITES,1970
10.1177/14761270030013002,10.2139/ssrn.293822,CITES,
10.1177/14761270030013002,10.2307/256558,CITES,1988
10.1177/14761270030013002,10.2307/2393940,CITES,1996
10.1007/s11192-021-03984-1,10.1016/B978-0-12-411519-4.00006-9,CITES,2003
10.1016/B978-0-12-411519-4.00006-9,10.1145/290133.290147,CITES,1998
10.1007/s11192-021-03984-1,10.1007/BF02458380,CITES,1998
10.1007/BF02458380,10.1093/spp/24.5.290,CITES,1997
10.1007/BF02458380,10.1007/BF02093972,CITES,1991
10.1007/BF02458380,10.1177/030631277900900405,CITES,1979
10.1007/BF02458380,10.1007/BF02020777,CITES,1995
10.1007/BF02458380,10.1007/BF02017571,CITES,1991
10.1007/BF02458380,10.1007/BF02017338,CITES,1995
10.1007/BF02458380,10.1007/BF02129602,CITES,1996
10.1007/s11192-021-03984-1,10.1007/BF02459289,CITES,1997
10.1007/BF02459289,10.1126/science.159.3810.56,CITES,1968
10.1007/BF02459289,10.1007/BF02017332,CITES,2005
10.1007/BF02459289,10.1007/BF02020421,CITES,1995
10.1007/BF02459289,10.1007/BF02016791,CITES,1993
10.1007/BF02459289,10.1086/354848,CITES,1988
10.1007/BF02459289,10.1007/BF02461129,CITES,2010
10.1007/s11192-021-03984-1,10.1177/030631293023002004,CITES,1993
10.1007/s11192-021-03984-1,10.1162/neco.1989.1.4.541,CITES,1989
10.1162/neco.1989.1.4.541,10.1162/neco.1989.1.1.151,CITES,1989
10.1162/neco.1989.1.4.541,10.1007/BF00344251,CITES,1980
10.1162/neco.1989.1.4.541,10.1113/jphysiol.1962.sp006837,CITES,1962
10.1162/neco.1989.1.4.541,10.1209/0295-5075/4/4/020,CITES,1987
10.1162/neco.1989.1.4.541,10.1007/BF00133697,CITES,1988
10.1007/s11192-021-03984-1,10.2307/2063283,CITES,1976
10.1007/s11192-021-03984-1,10.1002/asi.4630240406,CITES,1973
10.1002/asi.4630240406,10.1002/asi.5090140103,CITES,1963
10.1002/asi.4630240406,10.1126/science.122.3159.108,CITES,1955
10.1002/asi.4630240406,10.1145/321186.321188,CITES,1963
10.1002/asi.4630240406,10.1016/0020-0271(68)90006-5,CITES,1968
10.1002/asi.4630240406,10.1103/PhysRev.175.2195,CITES,1968
10.1002/asi.4630240406,10.1016/0370-2693(68)90255-4,CITES,1968
10.1002/asi.4630240406,10.1016/0020-0271(71)90008-8,CITES,1971
10.1007/s11192-021-03984-1,10.1126/SCIENCE.178.4060.471,CITES,1972
10.1126/SCIENCE.178.4060.471,10.1126/science.70.1825.592,CITES,1929
10.1126/SCIENCE.178.4060.471,10.2307/1293645,CITES,1966
10.1126/SCIENCE.178.4060.471,10.1021/ed034p35,CITES,1957
10.1126/SCIENCE.178.4060.471,10.1002/asi.4630220206,CITES,1971
10.1126/SCIENCE.178.4060.471,10.1002/asi.5090100109,CITES,1959
10.1126/SCIENCE.178.4060.471,10.1002/asi.5090100207,CITES,1959
10.1126/SCIENCE.178.4060.471,10.1002/asi.5090100305,CITES,1959
10.1126/SCIENCE.178.4060.471,10.1177/000276426801100510,CITES,1968
10.1126/SCIENCE.178.4060.471,10.1108/eb026186,CITES,1952
10.1126/SCIENCE.178.4060.471,10.1086/224934,CITES,1970
10.1126/SCIENCE.178.4060.471,10.2307/2091085,CITES,1967
10.1126/SCIENCE.178.4060.471,10.1126/science.149.3683.510,CITES,1965
10.1126/SCIENCE.178.4060.471,10.1108/eb050194,CITES,1969
10.1126/SCIENCE.178.4060.471,10.1086/617501,CITES,1949
10.1126/SCIENCE.178.4060.471,10.1086/617524,CITES,1949
10.1126/SCIENCE.178.4060.471,10.1021/c160026a007,CITES,1967
10.1126/SCIENCE.178.4060.471,10.1126/science.122.3159.108,CITES,1955
10.1126/SCIENCE.178.4060.471,10.1126/science.144.3619.649,CITES,1964
10.1126/SCIENCE.178.4060.471,10.1126/science.66.1713.385,CITES,1927
10.1126/SCIENCE.178.4060.471,10.1126/science.73.1903.660,CITES,1931
10.1126/SCIENCE.178.4060.471,10.2307/2112029,CITES,1971
10.1126/SCIENCE.178.4060.471,10.1063/1.1751892,CITES,1935
10.1126/SCIENCE.178.4060.471,10.1016/S0021-9258(19)52451-6,CITES,1951
10.1126/SCIENCE.178.4060.471,10.2307/2092300,CITES,1969
10.1126/SCIENCE.178.4060.471,10.1126/science.155.3767.1213,CITES,1967
10.1126/SCIENCE.178.4060.471,10.1108/eb026418,CITES,1967
10.1126/SCIENCE.178.4060.471,10.1037/h0030149,CITES,1970
10.1126/SCIENCE.178.4060.471,10.1108/eb026523,CITES,1971
10.1126/SCIENCE.178.4060.471,10.1021/c160009a010,CITES,1963
10.1126/SCIENCE.178.4060.471,10.1007/BF01096248,CITES,1963
10.1126/SCIENCE.178.4060.471,10.1111/j.1467-954X.1969.tb01183.x,CITES,1969
10.1007/s11192-021-03984-1,10.2514/8.5282,CITES,1960
10.2514/8.5282,10.4271/580376,CITES,1958
10.2514/8.5282,10.6028/jres.049.044,CITES,1952
10.2514/8.5282,10.1002/cpa.3160080412,CITES,1955
10.2514/8.5282,10.6028/jres.050.039,CITES,1953
10.2514/8.5282,10.1007/978-3-662-36445-1,CITES,1924
10.1007/s11192-021-03984-1,10.1126/science.153.3731.34,CITES,1957
10.1007/s11192-021-03984-1,10.1109/TNNLS.2020.2978386,CITES,2019
10.1109/TNNLS.2020.2978386,10.1609/AAAI.V33I01.3301922,CITES,2019
10.1109/TNNLS.2020.2978386,10.24963/ijcai.2019/264,CITES,2019
10.1109/TNNLS.2020.2978386,10.1145/3292500.3330925,CITES,2019
10.1109/TNNLS.2020.2978386,10.24963/ijcai.2019/418,CITES,2019
10.1109/TNNLS.2020.2978386,10.1007/s41109-019-0195-3,CITES,2019
10.1109/TNNLS.2020.2978386,10.1145/3308558.3313562,CITES,2019
10.1109/TNNLS.2020.2978386,10.1109/TCYB.2019.2932096,CITES,2019
10.1109/TNNLS.2020.2978386,10.1109/tkde.2020.2981333,CITES,2018
10.1109/TNNLS.2020.2978386,10.1016/j.neunet.2018.08.010,CITES,2018
10.1109/TNNLS.2020.2978386,10.1109/SSCI.2018.8628758,CITES,2018
10.1109/TNNLS.2020.2978386,10.1109/ICDM.2018.8626170,CITES,2018
10.1109/TNNLS.2020.2978386,10.1088/1742-5468/ab3456,CITES,2018
10.1109/TNNLS.2020.2978386,10.1007/978-3-030-01246-5_40,CITES,2018
10.1109/TNNLS.2020.2978386,10.1007/978-3-030-01240-3_25,CITES,2018
10.1109/TNNLS.2020.2978386,10.1109/ICDM.2018.00113,CITES,2018
10.1109/TNNLS.2020.2978386,10.1137/1.9781611975673.74,CITES,2018
10.1109/TNNLS.2020.2978386,10.1007/978-3-030-01246-5_41,CITES,2018
10.1109/TNNLS.2020.2978386,10.1145/3363574,CITES,2018
10.1109/TNNLS.2020.2978386,10.1145/3219819.3220000,CITES,2018
10.1109/TNNLS.2020.2978386,10.1145/3219819.3219980,CITES,2018
10.1109/TNNLS.2020.2978386,10.1145/3219819.3219947,CITES,2018
10.1109/TNNLS.2020.2978386,10.1145/3219819.3220068,CITES,2018
10.1109/TNNLS.2020.2978386,10.1145/3219819.3220077,CITES,2018
10.1109/TNNLS.2020.2978386,10.24963/ijcai.2018/493,CITES,2018
10.1109/TNNLS.2020.2978386,10.18653/v1/P18-1071,CITES,2018
10.1109/TNNLS.2020.2978386,10.1007/978-3-030-01246-5_21,CITES,2018
10.1109/TNNLS.2020.2978386,10.18653/v1/P18-1026,CITES,2018
10.1109/TNNLS.2020.2978386,10.1145/3240508.3240621,CITES,2018
10.1109/TNNLS.2020.2978386,10.1145/3219819.3219890,CITES,2018
10.1109/TNNLS.2020.2978386,10.1145/3219819.3220078,CITES,2018
10.1109/TNNLS.2020.2978386,10.18653/v1/P18-1150,CITES,2018
10.1109/TNNLS.2020.2978386,10.1609/aaai.v32i1.11782,CITES,2018
10.1109/TNNLS.2020.2978386,10.1609/aaai.v32i1.12039,CITES,2018
10.1109/TNNLS.2020.2978386,10.18653/v1/N18-2078,CITES,2018
10.1109/TNNLS.2020.2978386,10.1145/3178876.3186116,CITES,2018
10.1109/TNNLS.2020.2978386,10.1109/CVPR.2018.00133,CITES,2018
10.1109/TNNLS.2020.2978386,10.1109/CVPR.2018.00756,CITES,2018
10.1109/TNNLS.2020.2978386,10.1609/aaai.v32i1.11836,CITES,2018
10.1109/TNNLS.2020.2978386,10.1109/TITS.2019.2950416,CITES,2018
10.1109/TNNLS.2020.2978386,10.24963/ijcai.2018/362,CITES,2018
10.1109/TNNLS.2020.2978386,10.1007/978-3-030-01418-6_41,CITES,2018
10.1109/TNNLS.2020.2978386,10.1609/aaai.v33i01.33014424,CITES,2018
10.1109/TNNLS.2020.2978386,10.1145/3326362,CITES,2018
10.1109/TNNLS.2020.2978386,10.1609/aaai.v32i1.12328,CITES,2018
10.1109/TNNLS.2020.2978386,10.1609/aaai.v32i1.11604,CITES,2018
10.1109/TNNLS.2020.2978386,10.1609/aaai.v32i1.11691,CITES,2018
10.1109/TNNLS.2020.2978386,10.1109/TBDATA.2018.2850013,CITES,2017
10.1109/TNNLS.2020.2978386,10.1109/CVPR.2018.00479,CITES,2017
10.1109/TNNLS.2020.2978386,10.1109/CVPR.2018.00097,CITES,2017
10.1109/TNNLS.2020.2978386,10.1109/TKDE.2018.2849727,CITES,2017
10.1109/TNNLS.2020.2978386,10.1609/aaai.v32i1.11872,CITES,2017
10.1109/TNNLS.2020.2978386,10.1145/3132847.3132967,CITES,2017
10.1109/TNNLS.2020.2978386,10.17863/CAM.48429,CITES,2017
10.1109/TNNLS.2020.2978386,10.1109/ICCV.2017.556,CITES,2017
10.1109/TNNLS.2020.2978386,10.1109/TKDE.2018.2807452,CITES,2018
10.1109/TNNLS.2020.2978386,10.24963/ijcai.2018/505,CITES,2017
10.1109/TNNLS.2020.2978386,10.1093/bioinformatics/btx252,CITES,2017
10.1109/TNNLS.2020.2978386,10.1109/TSP.2018.2879624,CITES,2017
10.1109/TNNLS.2020.2978386,10.1016/j.knosys.2018.03.022,CITES,2017
10.1109/TNNLS.2020.2978386,10.18653/v1/D17-1209,CITES,2017
10.1109/TNNLS.2020.2978386,10.1109/CVPR.2017.11,CITES,2017
10.1109/TNNLS.2020.2978386,10.1007/978-3-319-93417-4_38,CITES,2017
10.1109/TNNLS.2020.2978386,10.18653/v1/D17-1159,CITES,2017
10.1109/TNNLS.2020.2978386,10.1109/JSTSP.2017.2726981,CITES,2017
10.1109/TNNLS.2020.2978386,10.1109/TCYB.2016.2526058,CITES,2017
10.1109/TNNLS.2020.2978386,10.1016/j.neuroimage.2016.09.046,CITES,2017
10.1109/TNNLS.2020.2978386,10.1109/CVPR.2017.330,CITES,2017
10.1109/TNNLS.2020.2978386,10.1007/978-3-030-04167-0_33,CITES,2016
10.1109/TNNLS.2020.2978386,10.1109/CVPR.2017.697,CITES,2016
10.1109/TNNLS.2020.2978386,10.1109/CVPR.2017.576,CITES,2016
10.1109/TNNLS.2020.2978386,10.1109/MSP.2017.2693418,CITES,2016
10.1109/TNNLS.2020.2978386,10.1145/3097983.3098126,CITES,2016
10.1109/TNNLS.2020.2978386,10.1021/acscentsci.7b00572,CITES,2016
10.1109/TNNLS.2020.2978386,10.1038/ncomms13890,CITES,2016
10.1109/TNNLS.2020.2978386,10.1609/aaai.v31i1.10851,CITES,2016
10.1109/TNNLS.2020.2978386,10.1145/2939672.2939753,CITES,2016
10.1109/TNNLS.2020.2978386,10.1109/ICDE.2016.7498381,CITES,2016
10.1109/TNNLS.2020.2978386,10.1007/s10822-016-9938-8,CITES,2016
10.1109/TNNLS.2020.2978386,10.1109/TKDE.2015.2492567,CITES,2016
10.1109/TNNLS.2020.2978386,10.1609/aaai.v30i1.10179,CITES,2016
10.1109/TNNLS.2020.2978386,10.1109/cvpr.2016.90,CITES,2015
10.1109/TNNLS.2020.2978386,10.1109/CVPR.2016.573,CITES,2015
10.1109/TNNLS.2020.2978386,10.1109/TKDE.2015.2391115,CITES,2015
10.1109/TNNLS.2020.2978386,10.18653/v1/D15-1166,CITES,2015
10.1109/TNNLS.2020.2978386,10.1109/CVPR.2016.91,CITES,2015
10.1109/TNNLS.2020.2978386,10.1109/TPAMI.2016.2577031,CITES,2015
10.1109/TNNLS.2020.2978386,10.1145/2736277.2741093,CITES,2015
10.1109/TNNLS.2020.2978386,10.1109/TSP.2015.2469645,CITES,2015
10.1109/TNNLS.2020.2978386,10.1109/ICCVW.2015.112,CITES,2015
10.1109/TNNLS.2020.2978386,10.1038/sdata.2014.22,CITES,2014
10.1109/TNNLS.2020.2978386,10.1145/2611567,CITES,2014
10.1109/TNNLS.2020.2978386,10.3115/v1/D14-1179,CITES,2014
10.1109/TNNLS.2020.2978386,10.1145/2623330.2623732,CITES,2014
10.1109/TNNLS.2020.2978386,10.1109/MSP.2012.2235192,CITES,2012
10.1109/TNNLS.2020.2978386,10.1109/TSP.2013.2238935,CITES,2012
10.1109/TNNLS.2020.2978386,10.5555/1953048.2078187,CITES,2011
10.1109/TNNLS.2020.2978386,10.1109/IJCNN.2010.5596796,CITES,2010
10.1109/TNNLS.2020.2978386,10.1609/aaai.v24i1.7519,CITES,2010
10.1109/TNNLS.2020.2978386,10.5555/1756006.1953039,CITES,2010
10.1109/TNNLS.2020.2978386,10.1145/1557019.1557109,CITES,2009
10.1109/TNNLS.2020.2978386,10.1109/TNN.2008.2010350,CITES,2009
10.1109/TNNLS.2020.2978386,10.1201/b17320-16,CITES,2008
10.1109/TNNLS.2020.2978386,10.1145/1401890.1402008,CITES,2008
10.1109/TNNLS.2020.2978386,10.1145/1390156.1390294,CITES,2008
10.1109/TNNLS.2020.2978386,10.5555/1756006.1859891,CITES,2008
10.1109/TNNLS.2020.2978386,10.1109/TPAMI.2007.1115,CITES,2007
10.1109/TNNLS.2020.2978386,10.1007/s10115-007-0103-5,CITES,2008
10.1109/TNNLS.2020.2978386,10.1109/IJCNN.2005.1555942,CITES,2005
10.1109/TNNLS.2020.2978386,10.1162/0899766053491878,CITES,2005
10.1109/TNNLS.2020.2978386,10.1109/TNN.2004.837783,CITES,2004
10.1109/TNNLS.2020.2978386,10.1300/J145V08N01_02,CITES,2004
10.1109/TNNLS.2020.2978386,10.1016/S0022-2836(03)00628-4,CITES,2003
10.1109/TNNLS.2020.2978386,10.1093/bioinformatics/btg130,CITES,2003
10.1109/TNNLS.2020.2978386,10.1145/604045.604094,CITES,2003
10.1109/TNNLS.2020.2978386,10.1162/neco.1997.9.8.1735,CITES,1997
10.1109/TNNLS.2020.2978386,10.1109/72.572108,CITES,1997
10.1109/TNNLS.2020.2978386,10.1021/JM00106A046,CITES,1991
10.1109/TNNLS.2020.2978386,10.1016/0893-6080(89)90020-8,CITES,1989
10.1109/TNNLS.2020.2978386,10.1103/PHYSREVLETT.59.2229,CITES,1987
10.1109/TNNLS.2020.2978386,10.1007/978-94-024-1179-9_301106,CITES,2019
10.1109/TNNLS.2020.2978386,10.1109/TNN.2008.2005605,CITES,2009
10.1109/TNNLS.2020.2978386,10.1109/TNN.2008.2005141,CITES,2009
10.1109/TNNLS.2020.2978386,10.1093/bioinformatics/bti1007,CITES,2005
10.1109/TNNLS.2020.2978386,10.1109/5.726791,CITES,1998
10.1007/s11192-021-03984-1,10.18653/v1/N19-1423,CITES,2019
10.18653/v1/N19-1423,10.18653/v1/P18-1158,CITES,2018
10.18653/v1/N19-1423,10.18653/v1/D18-1217,CITES,2018
10.18653/v1/N19-1423,10.18653/v1/D18-1179,CITES,2018
10.18653/v1/N19-1423,10.18653/v1/D18-1009,CITES,2018
10.18653/v1/N19-1423,10.1609/aaai.v33i01.33013159,CITES,2018
10.18653/v1/N19-1423,10.1162/tacl_a_00290,CITES,2018
10.18653/v1/N19-1423,10.18653/v1/W18-5446,CITES,2018
10.18653/v1/N19-1423,10.18653/v1/N18-1202,CITES,2018
10.18653/v1/N19-1423,10.18653/v1/P18-1031,CITES,2018
10.18653/v1/N19-1423,10.18653/v1/P18-1078,CITES,2017
10.18653/v1/N19-1423,10.18653/v1/S17-2001,CITES,2017
10.18653/v1/N19-1423,10.24963/ijcai.2018/570,CITES,2017
10.18653/v1/N19-1423,10.18653/v1/D17-1070,CITES,2017
10.18653/v1/N19-1423,10.18653/v1/P17-1147,CITES,2017
10.18653/v1/N19-1423,10.18653/v1/N18-1101,CITES,2017
10.18653/v1/N19-1423,10.18653/v1/P17-1161,CITES,2017
10.18653/v1/N19-1423,10.18653/v1/K16-1006,CITES,2016
10.18653/v1/N19-1423,10.18653/v1/D16-1264,CITES,2016
10.18653/v1/N19-1423,10.18653/v1/D16-1244,CITES,2016
10.18653/v1/N19-1423,10.18653/v1/N16-1162,CITES,2016
10.18653/v1/N19-1423,10.18653/v1/D15-1075,CITES,2015
10.18653/v1/N19-1423,10.1109/ICCV.2015.11,CITES,2015
10.18653/v1/N19-1423,10.3115/v1/D14-1162,CITES,2014
10.18653/v1/N19-1423,10.21437/Interspeech.2014-564,CITES,2013
10.18653/v1/N19-1423,10.18653/v1/d13-1170,CITES,2013
10.18653/v1/N19-1423,10.3233/978-1-60750-049-0-551,CITES,2009
10.18653/v1/N19-1423,10.1109/CVPR.2009.5206848,CITES,2009
10.18653/v1/N19-1423,10.1145/1390156.1390177,CITES,2008
10.18653/v1/N19-1423,10.1145/1390156.1390294,CITES,2008
10.18653/v1/N19-1423,10.3115/1610075.1610094,CITES,2006
10.18653/v1/N19-1423,10.3115/1119176.1119195,CITES,2003
10.18653/v1/N19-1423,10.1177/107769905303000401,CITES,1953
10.1007/s11192-021-03984-1,10.1007/978-3-319-73004-2_6,CITES,2018
10.1007/978-3-319-73004-2_6,10.1016/j.astropartphys.2018.10.003,CITES,2018
10.1007/978-3-319-73004-2_6,10.1609/aaai.v33i01.33014780,CITES,2018
10.1007/978-3-319-73004-2_6,10.1016/j.neunet.2018.07.011,CITES,2017
10.1007/978-3-319-73004-2_6,10.1109/CVPR.2018.00907,CITES,2017
10.1007/978-3-319-73004-2_6,10.1016/j.neuron.2017.06.011,CITES,2017
10.1007/978-3-319-73004-2_6,10.1051/EPJCONF/201714518002,CITES,2017
10.1007/978-3-319-73004-2_6,10.1145/3071178.3071229,CITES,2017
10.1007/978-3-319-73004-2_6,10.1109/TPAMI.2016.2572683,CITES,2017
10.1007/978-3-319-73004-2_6,10.1051/0004-6361/201629377,CITES,2017
10.1007/978-3-319-73004-2_6,10.1109/CVPR.2017.634,CITES,2016
10.1007/978-3-319-73004-2_6,10.1017/S1743921316012734,CITES,2016
10.1007/978-3-319-73004-2_6,10.1109/CVPR.2017.243,CITES,2016
10.1007/978-3-319-73004-2_6,10.1109/CVPR.2016.265,CITES,2016
10.1007/978-3-319-73004-2_6,10.5244/C.30.87,CITES,2016
10.1007/978-3-319-73004-2_6,10.1007/978-3-319-44781-0_8,CITES,2016
10.1007/978-3-319-73004-2_6,10.1007/978-3-319-46493-0_39,CITES,2016
10.1007/978-3-319-73004-2_6,10.1007/978-3-319-46475-6_43,CITES,2016
10.1007/978-3-319-73004-2_6,10.1007/978-3-319-46493-0_38,CITES,2016
10.1007/978-3-319-73004-2_6,10.1109/cvpr.2016.90,CITES,2015
10.1007/978-3-319-73004-2_6,10.1109/CVPR.2016.308,CITES,2015
10.1007/978-3-319-73004-2_6,10.1109/CVPR.2016.494,CITES,2015
10.1007/978-3-319-73004-2_6,10.22323/1.236.0844,CITES,2015
10.1007/978-3-319-73004-2_6,10.1016/j.crhy.2015.08.011,CITES,2015
10.1007/978-3-319-73004-2_6,10.1371/journal.pone.0130140,CITES,2015
10.1007/978-3-319-73004-2_6,10.1109/CVPR.2016.522,CITES,2015
10.1007/978-3-319-73004-2_6,10.1109/CVPR.2016.91,CITES,2015
10.1007/978-3-319-73004-2_6,10.1109/CVPR.2015.7299059,CITES,2015
10.1007/978-3-319-73004-2_6,10.1016/j.media.2016.05.004,CITES,2015
10.1007/978-3-319-73004-2_6,10.1109/CVPR.2015.7299101,CITES,2015
10.1007/978-3-319-73004-2_6,10.1609/aaai.v29i1.9513,CITES,2015
10.1007/978-3-319-73004-2_6,10.1145/2733373.2807412,CITES,2014
10.1007/978-3-319-73004-2_6,10.1109/ICCV.2015.510,CITES,2015
10.1007/978-3-319-73004-2_6,10.3115/v1/N15-1011,CITES,2014
10.1007/978-3-319-73004-2_6,10.1109/CVPR.2015.7299155,CITES,2014
10.1007/978-3-319-73004-2_6,10.1109/CVPR.2015.7298878,CITES,2014
10.1007/978-3-319-73004-2_6,10.1109/CVPR.2015.7298935,CITES,2014
10.1007/978-3-319-73004-2_6,10.3115/v1/D14-1162,CITES,2014
10.1007/978-3-319-73004-2_6,10.1109/CVPR.2015.7298641,CITES,2014
10.1007/978-3-319-73004-2_6,10.1109/CVPR.2015.7298594,CITES,2014
10.1007/978-3-319-73004-2_6,10.1007/978-3-319-10602-1_26,CITES,2014
10.1007/978-3-319-73004-2_6,10.3115/v1/D14-1181,CITES,2014
10.1007/978-3-319-73004-2_6,10.1007/978-3-319-10584-0_20,CITES,2014
10.1007/978-3-319-73004-2_6,10.1109/CVPR.2014.244,CITES,2014
10.1007/978-3-319-73004-2_6,10.1109/CVPR.2014.222,CITES,2014
10.1007/978-3-319-73004-2_6,10.1109/CVPR.2014.223,CITES,2014
10.1007/978-3-319-73004-2_6,10.1145/2647868.2654889,CITES,2014
10.1007/978-3-319-73004-2_6,10.1109/CVPRW.2014.131,CITES,2014
10.1007/978-3-319-73004-2_6,10.1051/0004-6361/201323013,CITES,2013
10.1007/978-3-319-73004-2_6,10.1007/978-3-319-10590-1_53,CITES,2013
10.1007/978-3-319-73004-2_6,10.1007/978-3-642-40763-5_31,CITES,2013
10.1007/978-3-319-73004-2_6,10.1007/s11263-013-0620-5,CITES,2013
10.1007/978-3-319-73004-2_6,10.1145/3065386,CITES,2012
10.1007/978-3-319-73004-2_6,10.5555/2503308.2188395,CITES,2012
10.1007/978-3-319-73004-2_6,10.1109/ICASSP.2013.6639343,CITES,2011
10.1007/978-3-319-73004-2_6,10.1007/978-3-642-25446-8_4,CITES,2011
10.1007/978-3-319-73004-2_6,10.1109/ICCV.2011.6126474,CITES,2011
10.1007/978-3-319-73004-2_6,10.1007/978-3-642-21735-7_7,CITES,2011
10.1007/978-3-319-73004-2_6,10.1109/FG.2011.5771385,CITES,2011
10.1007/978-3-319-73004-2_6,10.5555/1953048.2078186,CITES,2011
10.1007/978-3-319-73004-2_6,10.1007/978-3-642-15567-3_11,CITES,2010
10.1007/978-3-319-73004-2_6,10.1109/TPAMI.2009.167,CITES,2010
10.1007/978-3-319-73004-2_6,10.1109/ISCAS.2010.5537907,CITES,2010
10.1007/978-3-319-73004-2_6,10.1109/CVPR.2010.5539957,CITES,2010
10.1007/978-3-319-73004-2_6,10.1109/ICCV.2009.5459469,CITES,2009
10.1007/978-3-319-73004-2_6,10.1145/1553374.1553453,CITES,2009
10.1007/978-3-319-73004-2_6,10.1113/jphysiol.2009.170688,CITES,2009
10.1007/978-3-319-73004-2_6,10.1016/j.engappai.2007.07.001,CITES,2008
10.1007/978-3-319-73004-2_6,10.1145/1390156.1390177,CITES,2008
10.1007/978-3-319-73004-2_6,10.1109/CVPR.2007.383157,CITES,2007
10.1007/978-3-319-73004-2_6,10.1086/520635,CITES,2007
10.1007/978-3-319-73004-2_6,10.1109/CVPR.2005.177,CITES,2005
10.1007/978-3-319-73004-2_6,10.1109/ICDAR.2003.1227801,CITES,2003
10.1007/978-3-319-73004-2_6,10.1016/S0927-6505(99)00084-5,CITES,1999
10.1007/978-3-319-73004-2_6,10.1016/S0168-9002(98)00750-5,CITES,1998
10.1007/978-3-319-73004-2_6,10.1109/CVPR.1996.517075,CITES,1996
10.1007/978-3-319-73004-2_6,10.1162/neco.1993.5.3.402,CITES,1993
10.1007/978-3-319-73004-2_6,10.1086/172269,CITES,1993
10.1007/978-3-319-73004-2_6,10.1086/167599,CITES,1989
10.1007/978-3-319-73004-2_6,10.1007/BF00344251,CITES,1980
10.1007/978-3-319-73004-2_6,10.1113/jphysiol.1968.sp008455,CITES,1968
10.1007/978-3-319-73004-2_6,10.1113/jphysiol.1959.sp006308,CITES,1959
10.1007/978-3-319-73004-2_6,10.1113/jphysiol.1954.sp005130,CITES,1954
10.1007/978-3-319-73004-2_6,10.1051/EPJCONF/20158901003,CITES,2015
10.1007/978-3-319-73004-2_6,10.5244/C.29.41,CITES,2015
10.1007/978-3-319-73004-2_6,10.1007/978-3-642-35289-8_30,CITES,2012
10.1007/978-3-319-73004-2_6,10.1109/5.726791,CITES,1998
10.1007/978-3-319-73004-2_6,10.1109/72.554195,CITES,1997
10.1007/978-3-319-73004-2_6,10.1016/0893-6080(88)90014-7,CITES,1988
10.1007/978-3-319-73004-2_6,10.1016/B978-0-08-051581-6.50053-2,CITES,1985
10.1007/s11192-021-03984-1,10.1142/S1793351X16500045,CITES,2016
10.1142/S1793351X16500045,10.1016/j.tics.2007.09.004,CITES,2007
10.1142/S1793351X16500045,10.1007/BF00344251,CITES,1980
10.1142/S1793351X16500045,10.1109/5.726791,CITES,1998
10.1142/S1793351X16500045,10.1007/b11963,CITES,2003
10.1142/S1793351X16500045,10.1109/TPAMI.2008.137,CITES,2009
10.1142/S1793351X16500045,10.1162/neco.1997.9.8.1735,CITES,1997
10.1142/S1793351X16500045,10.1207/s15516709cog1402_1,CITES,1990
10.1142/S1793351X16500045,10.1109/78.650093,CITES,1997
10.1142/S1793351X16500045,10.1038/nature14236,CITES,2015
10.1142/S1793351X16500045,10.1109/TPAMI.2012.59,CITES,2013
10.1142/S1793351X16500045,10.1109/TPAMI.2012.230,CITES,2013
10.1007/s11192-021-03984-1,10.1002/asi.21419,CITES,2010
10.1002/asi.21419,10.1016/j.joi.2008.11.003,CITES,2009
10.1002/asi.21419,10.1007/s11192-007-1935-1,CITES,2008
10.1002/asi.21419,10.1007/s11192-009-0402-6,CITES,2009
10.1002/asi.21419,10.1007/s11192-005-0255-6,CITES,2004
10.1002/asi.21419,10.1002/(SICI)1097-4571(199105)42:4<233::AID-ASI1>3.0.CO;2-I,CITES,1991
10.1002/asi.21419,10.1002/asi.20266,CITES,2006
10.1002/asi.21419,10.1007/11589990_17,CITES,2005
10.1002/asi.21419,10.1145/1141753.1141766,CITES,2006
10.1002/asi.21419,10.1016/j.ipm.2005.03.021,CITES,2005
10.1002/asi.21419,10.1007/s11192-005-0208-0,CITES,2005
10.1002/asi.21419,10.1103/PhysRevE.65.041905,CITES,2002
10.1002/asi.21419,10.1016/j.ipm.2009.06.003,CITES,2009
10.1002/asi.21419,10.1007/s11192-005-0270-7,CITES,2005
10.1002/asi.21419,10.1016/j.joi.2007.07.004,CITES,2007
10.1002/asi.21419,10.1016/j.joi.2007.08.001,CITES,2007
10.1002/asi.21419,10.1002/asi.5090140103,CITES,1963
10.1002/asi.21419,10.1002/asi.20274,CITES,2006
10.1002/asi.21419,10.1007/s11192-006-0125-x,CITES,2006
10.1002/asi.21419,10.1007/s11192-010-0188-6,CITES,2010
10.1002/asi.21419,10.1109/18.61115,CITES,1991
10.1002/asi.21419,10.1002/asi.21312,CITES,2010
10.1002/asi.21419,10.1117/12.871402,CITES,2011
10.1002/asi.21419,10.1016/j.technovation.2008.03.009,CITES,2008
10.1002/asi.21419,10.1002/asi.20994,CITES,2009
10.1002/asi.21419,10.1073/pnas.0813249106,CITES,2009
10.1002/asi.21419,10.1002/asi.4630240406,CITES,1973
10.1002/asi.21419,10.1007/BF02457414,CITES,1997
10.1002/asi.21419,10.1177/016555158501100402,CITES,1985
10.1007/s11192-021-03984-1,10.1109/TNN.2008.2005605,CITES,2009
10.1109/TNN.2008.2005605,10.7551/mitpress/5236.001.0001,CITES,1986
10.1109/TNN.2008.2005605,10.1007/0-387-32792-4_4,CITES,1981
10.1109/TNN.2008.2005605,10.1145/1150402.1150409,CITES,2006
10.1109/TNN.2008.2005605,10.1109/ICIP.2003.1246606,CITES,
10.1109/TNN.2008.2005605,10.1016/S0169-7552(98)00108-1,CITES,1998
10.1109/TNN.2008.2005605,10.1142/S0218001404003228,CITES,2004
10.1109/TNN.2008.2005605,10.3115/1218955.1218971,CITES,2004
10.1109/TNN.2008.2005605,10.1109/WI.2005.67,CITES,
10.1109/TNN.2008.2005605,10.1023/B:MACH.0000039777.23772.30,CITES,2004
10.1109/TNN.2008.2005605,10.1145/959242.959248,CITES,2003
10.1109/TNN.2008.2005605,10.1109/ICMLA.2004.1383538,CITES,
10.1109/TNN.2008.2005605,10.1093/oso/9780198538493.001.0001,CITES,1995
10.1109/TNN.2008.2005605,10.1109/ICNN.1993.298623,CITES,
10.1109/TNN.2008.2005605,10.1109/72.248452,CITES,1993
10.1109/TNN.2008.2005605,10.1007/3-540-44595-1_39,CITES,2000
10.1109/TNN.2008.2005605,10.1016/j.patrec.2005.03.009,CITES,2005
10.1109/TNN.2008.2005605,10.1109/72.572102,CITES,1997
10.1109/TNN.2008.2005605,10.1109/TNN.2006.875977,CITES,2006
10.1109/TNN.2008.2005605,10.1016/S0893-6080(97)00097-X,CITES,1998
10.1109/TNN.2008.2005605,10.1021/ci9903399,CITES,2001
10.1109/TNN.2008.2005605,10.1007/978-1-4471-0715-6_4,CITES,2001
10.1109/TNN.2008.2005605,10.1162/153244304773936054,CITES,2000
10.1109/TNN.2008.2005605,10.1109/TNN.2003.810735,CITES,2003
10.1109/TNN.2008.2005605,10.1145/775152.775203,CITES,2003
10.1109/TNN.2008.2005605,10.1145/324133.324140,CITES,1999
10.1109/TNN.2008.2005605,10.1109/72.963781,CITES,2001
10.1109/TNN.2008.2005605,10.1109/CNNA.2005.1543160,CITES,
10.1109/TNN.2008.2005605,10.1073/pnas.79.8.2554,CITES,1982
10.1109/TNN.2008.2005605,10.1145/775152.775191,CITES,2003
10.1109/TNN.2008.2005605,10.1109/TKDE.2003.1208999,CITES,2003
10.1109/TNN.2008.2005605,10.1145/511446.511512,CITES,2002
10.1109/TNN.2008.2005605,10.1007/11536314_27,CITES,2005
10.1109/TNN.2008.2005605,10.1145/1013367.1013486,CITES,2004
10.1109/TNN.2008.2005605,10.1103/PhysRevLett.59.2229,CITES,1987
10.1109/TNN.2008.2005605,10.1007/BFb0053994,CITES,1998
10.1109/TNN.2008.2005605,10.1007/978-3-642-97239-3,CITES,1990
10.1109/TNN.2008.2005605,10.1093/comjnl/7.2.155,CITES,1964
10.1109/TNN.2008.2005605,10.1016/j.neunet.2005.07.003,CITES,2005
10.1109/TNN.2008.2005605,10.1002/9781118033074,CITES,2001
10.1109/TNN.2008.2005605,10.1109/TNN.2008.2005141,CITES,2009
10.1109/TNN.2008.2005605,10.1145/1183463.1183466,CITES,2006
10.1109/TNN.2008.2005605,10.1007/978-3-642-88304-0,CITES,1977
10.1109/TNN.2008.2005605,10.1016/j.patrec.2005.03.010,CITES,2005
10.1109/TNN.2008.2005605,10.1007/978-3-540-73888-6_43,CITES,
10.1109/TNN.2008.2005605,10.1109/72.712151,CITES,1998
10.1109/TNN.2008.2005605,10.1016/S0169-7552(98)00110-X,CITES,1998
10.1109/TNN.2008.2005605,10.1021/jm00106a046,CITES,1991
10.1109/TNN.2008.2005605,10.1109/72.572108,CITES,1997
10.1109/TNN.2008.2005605,10.1007/978-3-540-39917-9_14,CITES,2003
10.1109/TNN.2008.2005605,10.1109/2945.910824,CITES,2001
10.1109/TNN.2008.2005605,10.1162/089120103321337430,CITES,2003
10.1109/TNN.2008.2005605,10.1145/774841.774844,CITES,2003
10.1109/TNN.2008.2005605,10.1007/3-540-45832-8_30,CITES,2002
10.1109/TNN.2008.2005605,10.1007/978-3-540-68856-3,CITES,2008
10.1109/TNN.2008.2005605,10.1007/3-540-61863-5_42,CITES,1996
10.1109/TNN.2008.2005605,10.1109/CNNA.1992.274345,CITES,
10.1109/TNN.2008.2005605,10.7551/mitpress/9780262033589.001.0001,CITES,2006
10.1109/TNN.2008.2005605,10.1109/31.7601,CITES,1988
10.1109/TNN.2008.2005605,10.1109/31.7600,CITES,1988
10.1109/TNN.2008.2005605,10.7551/mitpress/7432.001.0001,CITES,2007
10.1007/s11192-021-03984-1,10.1090/s0002-9947-1984-0756039-5,CITES,1984
10.1090/s0002-9947-1984-0756039-5,10.1017/S0305004100059995,CITES,1982
10.1090/s0002-9947-1984-0756039-5,10.1007/978-1-4612-9967-7,CITES,1979
10.1090/s0002-9947-1984-0756039-5,10.5486/PMD.1959.6.3-4.12,CITES,2022
10.1090/s0002-9947-1984-0756039-5,10.1073/pnas.43.1.163,CITES,1957
10.1090/s0002-9947-1984-0756039-5,10.1214/aoms/1177728496,CITES,1955
10.1090/s0002-9947-1984-0756039-5,10.1002/jgt.3190020403,CITES,1978
10.1090/s0002-9947-1984-0756039-5,10.1002/jgt.3190040409,CITES,1980
10.1007/s11192-021-03984-1,10.2307/3104125,CITES,1979
10.1007/s11192-021-03984-1,10.1063/1.3128814,CITES,1973
10.1007/s11192-021-03984-1,10.7312/pric91844,CITES,1965
10.1007/s11192-021-03984-1,10.1002/ASI.5090140103,CITES,1963
10.1002/ASI.5090140103,10.1109/TIT.1963.1057800,CITES,1963
10.1145/3543873.3587570,10.1145/2623330.2623732,CITES,2014
10.1145/2623330.2623732,10.1145/2487575.2487610,CITES,2013
10.1145/2487575.2487610,10.1109/ICIP.2005.1530353,CITES,2005
10.1145/2487575.2487610,10.1145/276304.276332,CITES,1998
10.1145/2487575.2487610,10.1145/2020408.2020603,CITES,2011
10.1145/2487575.2487610,10.21236/ADA452802,CITES,2003
10.1145/2487575.2487610,10.1146/annurev.soc.27.1.415,CITES,2001
10.1145/2487575.2487610,10.1007/s10115-010-0373-1,CITES,2012
10.1145/2487575.2487610,10.1145/956750.956830,CITES,2003
10.1145/2487575.2487610,10.1093/acprof:oso/9780199206650.001.0001,CITES,2010
10.1145/2487575.2487610,10.1145/1557019.1557109,CITES,2009
10.1145/2487575.2487610,10.1145/1645953.1646094,CITES,2009
10.1145/2487575.2487610,10.1007/s10618-010-0210-x,CITES,2011
10.1145/2487575.2487610,10.1109/PASSAT/SocialCom.2011.144,CITES,2011
10.1145/2487575.2487610,10.1109/TIT.2005.850085,CITES,2005
10.1145/2487575.2487610,10.1137/1.9781611972801.68,CITES,2010
10.1145/2623330.2623732,10.1145/3065386,CITES,2012
10.1145/3065386,10.1145/1345448.1345465,CITES,2007
10.1145/3065386,10.1023/A:1010933404324,CITES,2001
10.1145/3065386,10.1016/j.cviu.2005.09.012,CITES,2007
10.1145/3065386,10.1007/BF00344251,CITES,1980
10.1145/3065386,10.1109/ICCV.2009.5459469,CITES,2009
10.1145/3065386,10.1109/ISCAS.2010.5537907,CITES,2010
10.1145/3065386,10.1145/1553374.1553453,CITES,2009
10.1145/3065386,10.1007/BF01931367,CITES,1976
10.1145/3065386,10.1371/journal.pcbi.0040027,CITES,2008
10.1145/3065386,10.1371/journal.pcbi.1000579,CITES,2009
10.1145/3065386,10.1007/s11263-007-0090-8,CITES,2008
10.1145/3065386,10.1109/CVPR.2011.5995504,CITES,2011
10.1145/3065386,10.1109/CVPR.2015.7298594,CITES,2014
10.1145/3065386,10.1162/neco.2009.10-08-881,CITES,2010
10.1145/2623330.2623732,10.1109/TPAMI.2013.50,CITES,2013
10.1109/TPAMI.2013.50,10.1145/3065386,CITES,2012
10.1109/TPAMI.2013.50,10.5555/2627435.2697059,CITES,2012
10.1109/TPAMI.2013.50,10.5555/2627435.2750359,CITES,2012
10.1109/TPAMI.2013.50,10.1007/978-3-642-35289-8,CITES,2012
10.1109/TPAMI.2013.50,10.21437/Interspeech.2011-169,CITES,2012
10.1109/TPAMI.2013.50,10.1007/978-3-642-35289-8_26,CITES,2012
10.1109/TPAMI.2013.50,10.1109/CVPR.2012.6248110,CITES,2012
10.1109/TPAMI.2013.50,10.1016/j.neuron.2012.01.010,CITES,2012
10.1109/TPAMI.2013.50,10.5555/2503308.2188395,CITES,2012
10.1109/TPAMI.2013.50,10.1109/TASL.2011.2134090,CITES,2012
10.1109/TPAMI.2013.50,10.1109/ASRU.2011.6163899,CITES,2011
10.1109/TPAMI.2013.50,10.1109/ICCV.2011.6126555,CITES,2011
10.1109/TPAMI.2013.50,10.1007/978-3-642-24412-4_3,CITES,2011
10.1109/TPAMI.2013.50,10.1214/12-STS394,CITES,2011
10.1109/TPAMI.2013.50,10.1007/978-3-642-23783-6_41,CITES,2011
10.1109/TPAMI.2013.50,10.1162/NECO_a_00158,CITES,2011
10.1109/TPAMI.2013.50,10.21437/Interspeech.2011-242,CITES,2011
10.1109/TPAMI.2013.50,10.1162/NECO_a_00142,CITES,2011
10.1109/TPAMI.2013.50,10.1109/CVPR.2011.5995496,CITES,2011
10.1109/TPAMI.2013.50,10.1109/CVPR.2011.5995710,CITES,2011
10.1109/TPAMI.2013.50,10.1109/CVPR.2011.5995732,CITES,2011
10.1109/TPAMI.2013.50,10.1007/978-3-642-21735-7_6,CITES,2011
10.1109/TPAMI.2013.50,10.1007/978-3-642-28551-6_27,CITES,2011
10.1109/TPAMI.2013.50,10.1109/TSP.2011.2107908,CITES,2011
10.1109/TPAMI.2013.50,10.1109/SSD.2011.5767396,CITES,2011
10.1109/TPAMI.2013.50,10.1007/s10994-013-5335-x,CITES,2011
10.1109/TPAMI.2013.50,10.5555/1953048.2078186,CITES,2011
10.1109/TPAMI.2013.50,10.1002/CPA.21413,CITES,2011
10.1109/TPAMI.2013.50,10.1109/CVPR.2011.5995635,CITES,2010
10.1109/TPAMI.2013.50,10.1111/j.1467-8640.2010.00366.x,CITES,2010
10.1109/TPAMI.2013.50,10.1007/s10994-010-5198-3,CITES,2010
10.1109/TPAMI.2013.50,10.1109/JSTSP.2010.2075990,CITES,2010
10.1109/TPAMI.2013.50,10.1007/978-3-642-15567-3_11,CITES,2010
10.1109/TPAMI.2013.50,10.21437/Interspeech.2010-487,CITES,2010
10.1109/TPAMI.2013.50,10.1109/IJCNN.2010.5596837,CITES,2010
10.1109/TPAMI.2013.50,10.1109/CVPR.2010.5539962,CITES,2010
10.1109/TPAMI.2013.50,10.1109/CVPR.2010.5539957,CITES,2010
10.1109/TPAMI.2013.50,10.1162/neco.2010.01-09-953,CITES,2010
10.1109/TPAMI.2013.50,10.1162/NECO_a_00052,CITES,2010
10.1109/TPAMI.2013.50,10.5555/1756006.1953039,CITES,2010
10.1109/TPAMI.2013.50,10.5555/1756006.1756025,CITES,2010
10.1109/TPAMI.2013.50,10.1162/neco.2009.10-08-881,CITES,2010
10.1109/TPAMI.2013.50,10.1109/ICCV.2009.5459469,CITES,2009
10.1109/TPAMI.2013.50,10.1016/j.ijar.2008.11.006,CITES,2009
10.1109/TPAMI.2013.50,10.1109/CVPR.2009.5206545,CITES,2009
10.1109/TPAMI.2013.50,10.1145/1553374.1553453,CITES,2009
10.1109/TPAMI.2013.50,10.1145/1553374.1553380,CITES,2009
10.1109/TPAMI.2013.50,10.1145/1553374.1553506,CITES,2009
10.1109/TPAMI.2013.50,10.1145/1553374.1553469,CITES,2009
10.1109/TPAMI.2013.50,10.1145/1553374.1553505,CITES,2009
10.1109/TPAMI.2013.50,10.5555/1577069.1577070,CITES,2009
10.1109/TPAMI.2013.50,10.1162/neco.2008.11-07-647,CITES,2009
10.1109/TPAMI.2013.50,10.5555/1953048.2078194,CITES,2009
10.1109/TPAMI.2013.50,10.1007/978-1-84882-491-1,CITES,2009
10.1109/TPAMI.2013.50,10.1109/TIP.2007.911819,CITES,2009
10.1109/TPAMI.2013.50,10.1162/neco.2008.10-06-384,CITES,2008
10.1109/TPAMI.2013.50,10.1145/1390156.1390303,CITES,2008
10.1109/TPAMI.2013.50,10.1145/1390156.1390290,CITES,2008
10.1109/TPAMI.2013.50,10.1145/1390156.1390224,CITES,2008
10.1109/TPAMI.2013.50,10.1145/1390156.1390177,CITES,2008
10.1109/TPAMI.2013.50,10.1145/1390156.1390294,CITES,2008
10.1109/TPAMI.2013.50,10.4249/scholarpedia.3881,CITES,2008
10.1109/TPAMI.2013.50,10.1145/1273496.1273592,CITES,2007
10.1109/TPAMI.2013.50,10.1145/1273496.1273596,CITES,2007
10.1109/TPAMI.2013.50,10.1109/TPAMI.2007.56,CITES,2007
10.1109/TPAMI.2013.50,10.1016/j.csda.2006.09.003,CITES,2007
10.1109/TPAMI.2013.50,10.7551/mitpress/7503.003.0024,CITES,2006
10.1109/TPAMI.2013.50,10.1207/s15516709cog0000_76,CITES,2006
10.1109/TPAMI.2013.50,10.1162/neco.2006.18.7.1527,CITES,2006
10.1109/TPAMI.2013.50,10.1109/CVPR.2006.68,CITES,2006
10.1109/TPAMI.2013.50,10.1613/jair.1872,CITES,2006
10.1109/TPAMI.2013.50,10.1007/978-3-540-39972-8_3,CITES,2005
10.1109/TPAMI.2013.50,10.1167/5.6.9,CITES,2005
10.1109/TPAMI.2013.50,10.1007/s11263-005-4939-z,CITES,2004
10.1109/TPAMI.2013.50,10.1109/ICDAR.2003.1227801,CITES,2003
10.1109/TPAMI.2013.50,10.1162/089976603321780317,CITES,2003
10.1109/TPAMI.2013.50,10.1073/pnas.1031596100,CITES,2003
10.1109/TPAMI.2013.50,10.1162/089976602760128018,CITES,2002
10.1109/TPAMI.2013.50,10.1162/089976602317318938,CITES,2002
10.1109/TPAMI.2013.50,10.1126/SCIENCE.290.5500.2323,CITES,2000
10.1109/TPAMI.2013.50,10.1126/SCIENCE.290.5500.2319,CITES,2000
10.1109/TPAMI.2013.50,10.1162/089976600300015312,CITES,2000
10.1109/TPAMI.2013.50,10.1038/14819,CITES,1999
10.1109/TPAMI.2013.50,10.1109/ICCV.1999.790410,CITES,1999
10.1109/TPAMI.2013.50,10.1080/17442509908834179,CITES,1999
10.1109/TPAMI.2013.50,10.1109/72.712151,CITES,1998
10.1109/TPAMI.2013.50,10.1162/089976698300017467,CITES,1998
10.1109/TPAMI.2013.50,10.1162/089976698300017746,CITES,1998
10.1109/TPAMI.2013.50,10.1016/S0042-6989(97)00169-7,CITES,1997
10.1109/TPAMI.2013.50,10.1016/S0042-6989(97)00121-1,CITES,1997
10.1109/TPAMI.2013.50,10.1038/381607A0,CITES,1996
10.1109/TPAMI.2013.50,10.1016/0165-1684(94)90029-9,CITES,1994
10.1109/TPAMI.2013.50,10.1109/72.279181,CITES,1994
10.1109/TPAMI.2013.50,10.1142/S0218001493000327,CITES,1993
10.1109/TPAMI.2013.50,10.1162/neco.1993.5.2.267,CITES,1993
10.1109/TPAMI.2013.50,10.1016/0004-3702(92)90065-6,CITES,1992
10.1109/TPAMI.2013.50,10.21236/ada259735,CITES,1992
10.1109/TPAMI.2013.50,10.1038/355161A0,CITES,1992
10.1109/TPAMI.2013.50,10.1016/0004-3702(90)90005-K,CITES,1990
10.1109/TPAMI.2013.50,10.1007/BF01272517,CITES,1990
10.1109/TPAMI.2013.50,10.1162/neco.1989.1.4.541,CITES,1989
10.1109/TPAMI.2013.50,10.1007/BF00332918,CITES,1988
10.1109/TPAMI.2013.50,10.1145/12130.12132,CITES,1986
10.1109/TPAMI.2013.50,10.1080/01621459.1981.10477729,CITES,1981
10.1109/TPAMI.2013.50,10.1007/BF00344251,CITES,1980
10.1109/TPAMI.2013.50,10.1111/J.2517-6161.1977.TB01600.X,CITES,1977
10.1109/TPAMI.2013.50,10.2307/2987782,CITES,1975
10.1109/TPAMI.2013.50,10.1113/jphysiol.1959.sp006308,CITES,1959
10.1109/TPAMI.2013.50,10.1080/14786440109462720,CITES,1901
10.1109/TPAMI.2013.50,10.1109/TASL.2012.2215599,CITES,2013
10.1109/TPAMI.2013.50,10.1007/978-3-642-35289-8_3,CITES,2012
10.1109/TPAMI.2013.50,10.1007/978-3-642-35289-8_32,CITES,2012
10.1109/TPAMI.2013.50,10.1109/TASL.2011.2109382,CITES,2012
10.1109/TPAMI.2013.50,10.1017/CBO9781139042918.020,CITES,2011
10.1109/TPAMI.2013.50,10.14288/1.0051929,CITES,2010
10.1109/TPAMI.2013.50,10.1561/2200000006,CITES,2009
10.1109/TPAMI.2013.50,10.1152/JN.00149.2003,CITES,2004
10.1109/TPAMI.2013.50,10.1007/3-540-49430-8,CITES,2002
10.1109/TPAMI.2013.50,10.1111/1467-9868.00196,CITES,1999
10.1109/TPAMI.2013.50,10.1109/5.726791,CITES,1998
10.1109/TPAMI.2013.50,10.1007/978-3-642-77281-8_26,CITES,1995
10.1109/TPAMI.2013.50,10.1007/978-3-642-82657-3_24,CITES,1986
10.1109/TPAMI.2013.50,10.1016/0031-3203(82)90024-3,CITES,1982
10.1109/TPAMI.2013.50,10.1037/H0071325,CITES,1933
10.1145/2623330.2623732,10.1109/TASL.2011.2134090,CITES,2012
10.1109/TASL.2011.2134090,10.1109/ICASSP.1996.550603,CITES,
10.1109/TASL.2011.2134090,10.1109/ASRU.2009.5372916,CITES,2009
10.1109/TASL.2011.2134090,10.1016/j.csl.2009.02.001,CITES,2009
10.1109/TASL.2011.2134090,10.1109/TASL.2009.2020890,CITES,2009
10.1109/TASL.2011.2134090,10.1006/csla.1996.0013,CITES,1996
10.1109/TASL.2011.2134090,10.1109/ICASSP.1990.115720,CITES,
10.1109/TASL.2011.2134090,10.1109/5.880082,CITES,2000
10.1109/TASL.2011.2134090,10.1109/72.286885,CITES,1993
10.1109/TASL.2011.2134090,10.1016/S0167-6393(98)00023-5,CITES,1998
10.1109/TASL.2011.2134090,10.21437/Interspeech.2010-304,CITES,2010
10.1109/TASL.2011.2134090,10.1016/S0925-2312(00)00308-8,CITES,2001
10.1109/TASL.2011.2134090,10.1109/ICASSP.2008.4518845,CITES,2008
10.1109/TASL.2011.2134090,10.1145/1390156.1390294,CITES,2008
10.1109/TASL.2011.2134090,10.1126/science.1127647,CITES,2006
10.1109/TASL.2011.2134090,10.1561/2200000006,CITES,2009
10.1109/TASL.2011.2134090,10.1038/323533a0,CITES,1986
10.1109/TASL.2011.2134090,10.1111/j.1467-8640.2010.00366.x,CITES,2010
10.1109/TASL.2011.2134090,10.1145/1390156.1390177,CITES,2008
10.1109/TASL.2011.2134090,10.1109/ICCV.2009.5459469,CITES,2009
10.1109/TASL.2011.2134090,10.1162/089976602760128018,CITES,2002
10.1109/TASL.2011.2134090,10.1109/MSP.2009.932166,CITES,2009
10.1109/TASL.2011.2134090,10.1109/ICASSP.2011.5947401,CITES,2011
10.1109/TASL.2011.2134090,10.21437/Interspeech.2010-35,CITES,2010
10.1109/TASL.2011.2134090,10.21437/Interspeech.2005-126,CITES,2005
10.1109/TASL.2011.2134090,10.1162/neco.2006.18.7.1527,CITES,2006
10.1109/TASL.2011.2134090,10.21437/Interspeech.2010-307,CITES,2010
10.1109/TASL.2011.2134090,10.1016/j.ijar.2008.11.006,CITES,2009
10.1109/TASL.2011.2134090,10.1109/ICASSP.2007.367023,CITES,2007
10.1109/TASL.2011.2134090,10.21437/Interspeech.2010-383,CITES,2010
10.1109/TASL.2011.2134090,10.1109/TASL.2011.2109382,CITES,2012
10.1109/TASL.2011.2134090,10.21437/Interspeech.2008-415,CITES,2008
10.1109/TASL.2011.2134090,10.21437/Interspeech.2008-414,CITES,2008
10.1109/TASL.2011.2134090,10.21437/Interspeech.2005-695,CITES,2005
10.1109/TASL.2011.2134090,10.1109/ICASSP.2007.366991,CITES,2007
10.1109/TASL.2011.2134090,10.1007/978-1-4615-3210-1,CITES,1994
10.1109/TASL.2011.2134090,10.1109/ICSC.2007.11,CITES,2007
10.1109/TASL.2011.2134090,10.1109/ICASSP.2007.367275,CITES,2007
10.1109/TASL.2011.2134090,10.1016/j.csl.2008.03.002,CITES,2008
10.1109/TASL.2011.2134090,10.1109/TSA.2005.854107,CITES,2006
10.1109/TASL.2011.2134090,10.1109/ICASSP.2008.4518545,CITES,2008
10.1109/TASL.2011.2134090,10.1109/CVPR.2010.5539962,CITES,2010
10.1109/TASL.2011.2134090,10.1109/TASL.2008.2010286,CITES,2009
10.1109/TASL.2011.2134090,10.1007/978-3-642-60087-6_20,CITES,1999
10.1109/TASL.2011.2134090,10.1109/TASL.2006.878265,CITES,2006
10.1109/TASL.2011.2134090,10.1109/MSP.2008.926652,CITES,2008
10.1109/TASL.2011.2134090,10.1109/MSP.2009.932707,CITES,2009
10.1109/TASL.2011.2134090,10.1109/89.568732,CITES,1997
10.1109/TASL.2011.2134090,10.1109/ICASSP.1993.319349,CITES,1993
10.1109/TASL.2011.2134090,10.1109/TASL.2006.876778,CITES,2007
10.1109/TASL.2011.2134090,10.1109/ICASSP.2000.862024,CITES,
10.1109/TASL.2011.2134090,10.1109/ICASSP.1992.226048,CITES,1992
10.1109/TASL.2011.2134090,10.1016/S0167-6393(01)00058-9,CITES,2002
10.1109/TASL.2011.2134090,10.1109/89.242487,CITES,1993
10.1109/TASL.2011.2134090,10.1109/MSP.2005.1511826,CITES,2005
10.1109/TASL.2011.2134090,10.1006/csla.1994.1010,CITES,1994
10.1109/TASL.2011.2134090,10.1109/89.260359,CITES,1994
10.1145/2623330.2623732,10.1145/2020408.2020512,CITES,2011
10.1145/2020408.2020512,10.1007/978-3-642-13672-6_40,CITES,2010
10.1145/2020408.2020512,10.1016/S0378-4371(00)00018-2,CITES,2000
10.1145/2020408.2020512,10.1137/1.9781611972740.43,CITES,2004
10.1145/2020408.2020512,10.1145/1273496.1273521,CITES,2007
10.1145/2020408.2020512,10.1145/316194.316229,CITES,1999
10.1145/2020408.2020512,10.1145/1458082.1458212,CITES,2008
10.1145/2020408.2020512,10.1109/2.989932,CITES,2002
10.1145/2020408.2020512,10.1145/1401890.1401925,CITES,2008
10.1145/2020408.2020512,10.1145/1401890.1401928,CITES,2008
10.1145/2020408.2020512,10.1145/1099554.1099591,CITES,2005
10.1145/2020408.2020512,10.1073/pnas.122653799,CITES,2002
10.1145/2020408.2020512,10.1145/1645953.1646073,CITES,2009
10.1145/2020408.2020512,10.1145/1835804.1835828,CITES,2010
10.1145/2020408.2020512,10.1109/ICDM.2010.58,CITES,2010
10.1145/2020408.2020512,10.1145/1273496.1273558,CITES,2007
10.1145/2020408.2020512,10.1145/1081870.1081893,CITES,2005
10.1145/2020408.2020512,10.1145/1835804.1835837,CITES,2010
10.1145/2020408.2020512,10.1137/1.9781611972757.26,CITES,2005
10.1145/2020408.2020512,10.21236/ADA452802,CITES,2003
10.1145/2020408.2020512,10.1080/00107510500052444,CITES,2005
10.1145/2020408.2020512,10.1145/1935826.1935887,CITES,2011
10.1145/2020408.2020512,10.1145/956750.956831,CITES,2003
10.1145/2020408.2020512,10.1109/ICDM.2010.54,CITES,2010
10.1145/2623330.2623732,10.1007/s10618-010-0210-x,CITES,2011
10.1007/s10618-010-0210-x,10.1145/1132952.1132954,CITES,2006
10.1007/s10618-010-0210-x,10.1145/276304.276332,CITES,1998
10.1007/s10618-010-0210-x,10.1137/1.9781611972788.37,CITES,2008
10.1007/s10618-010-0210-x,10.1073/pnas.0605965104,CITES,2007
10.1007/s10618-010-0210-x,10.1145/1401890.1401925,CITES,2008
10.1007/s10618-010-0210-x,10.7551/mitpress/7432.001.0001,CITES,2007
10.1007/s10618-010-0210-x,10.1111/j.1467-985X.2007.00471.x,CITES,2007
10.1007/s10618-010-0210-x,10.1198/016214502388618906,CITES,2002
10.1007/s10618-010-0210-x,10.1145/956750.956816,CITES,2003
10.1007/s10618-010-0210-x,10.1145/1014052.1014125,CITES,2004
10.1007/s10618-010-0210-x,10.1145/1150402.1150476,CITES,2006
10.1007/s10618-010-0210-x,10.1145/1367497.1367591,CITES,2008
10.1007/s10618-010-0210-x,10.1145/1772690.1772755,CITES,2010
10.1007/s10618-010-0210-x,10.1007/s11222-007-9033-z,CITES,2007
10.1007/s10618-010-0210-x,10.1146/annurev.soc.27.1.415,CITES,2001
10.1007/s10618-010-0210-x,10.1007/s10618-010-0189-3,CITES,2010
10.1007/s10618-010-0210-x,10.1145/1090193.1090201,CITES,2005
10.1007/s10618-010-0210-x,10.1103/PhysRevE.74.036104,CITES,2006
10.1007/s10618-010-0210-x,10.1073/pnas.0601602103,CITES,2006
10.1007/s10618-010-0210-x,10.1198/016214501753208735,CITES,2001
10.1007/s10618-010-0210-x,10.1145/1117454.1117459,CITES,2005
10.1007/s10618-010-0210-x,10.1609/aimag.v29i3.2157,CITES,2008
10.1007/s10618-010-0210-x,10.1145/1557019.1557109,CITES,2009
10.1007/s10618-010-0210-x,10.1145/1645953.1646094,CITES,2009
10.1007/s10618-010-0210-x,10.1145/1526709.1526738,CITES,2009
10.1007/s10618-010-0210-x,10.1002/asi.20978,CITES,2009
10.1007/s10618-010-0210-x,10.2307/2786545,CITES,1969
10.1007/s10618-010-0210-x,10.4018/jdwm.2007070101,CITES,2007
10.1007/s10618-010-0210-x,10.1093/bioinformatics/bth906,CITES,2004
10.1007/s10618-010-0210-x,10.1017/CBO9780511815478,CITES,1994
10.1007/s10618-010-0210-x,10.1080/00220671.1926.10879675,CITES,1926
10.1145/2623330.2623732,10.1109/ASONAM.2010.19,CITES,2010
10.1109/ASONAM.2010.19,10.1137/1.9781611972771.57,CITES,2007
10.1109/ASONAM.2010.19,10.1145/1401890.1401925,CITES,2008
10.1109/ASONAM.2010.19,10.1145/1134271.1134277,CITES,2005
10.1109/ASONAM.2010.19,10.3115/1613715.1613787,CITES,2008
10.1109/ASONAM.2010.19,10.1023/A:1007330508534,CITES,1997
10.1109/ASONAM.2010.19,10.1145/1367497.1367618,CITES,2008
10.1109/ASONAM.2010.19,10.1109/34.868688,CITES,2000
10.1145/2623330.2623732,10.5555/1756006.1756025,CITES,2010
10.1145/2623330.2623732,10.1145/1645953.1646094,CITES,2009
10.1145/1645953.1646094,10.1145/361002.361007,CITES,1975
10.1145/1645953.1646094,10.1145/1056808.1056919,CITES,2005
10.1145/1645953.1646094,10.1007/s10115-005-0210-0,CITES,2006
10.1145/1645953.1646094,10.1109/TPAMI.2002.1017616,CITES,2002
10.1145/1645953.1646094,10.21236/ADA452802,CITES,2003
10.1145/1645953.1646094,10.1146/annurev.soc.27.1.415,CITES,2001
10.1145/1645953.1646094,10.1145/1090193.1090201,CITES,2005
10.1145/1645953.1646094,10.1080/00107510500052444,CITES,2005
10.1145/1645953.1646094,10.1103/PhysRevE.74.036104,CITES,2006
10.1145/1645953.1646094,10.1145/882082.882087,CITES,2003
10.1145/1645953.1646094,10.1162/089976600300015853,CITES,2000
10.1145/1645953.1646094,10.1145/1557019.1557109,CITES,2009
10.1145/1645953.1646094,10.1145/1401890.1401972,CITES,2008
10.1145/1645953.1646094,10.1145/1526709.1526738,CITES,2009
10.1145/2623330.2623732,10.1145/1541880.1541882,CITES,2009
10.1145/1541880.1541882,10.1145/1150402.1150459,CITES,2006
10.1145/1541880.1541882,10.1093/biomet/66.2.229,CITES,1979
10.1145/1541880.1541882,10.2307/1268821,CITES,1989
10.1145/1541880.1541882,10.1049/cp:19991239,CITES,1999
10.1145/1541880.1541882,10.1109/ICDM.2005.22,CITES,
10.1145/1541880.1541882,10.1137/1.9781611972757.8,CITES,2005
10.1145/1541880.1541882,10.1145/375663.375668,CITES,2001
10.1145/1541880.1541882,10.1016/S0893-6080(00)00060-5,CITES,2000
10.1145/1541880.1541882,10.1109/ICDM.2007.53,CITES,2007
10.1145/1541880.1541882,10.1080/00401706.1960.10489888,CITES,1960
10.1145/1541880.1541882,10.1080/01431160110055804,CITES,2002
10.1145/1541880.1541882,10.1145/604264.604268,CITES,2001
10.1145/1541880.1541882,10.1145/952532.952616,CITES,2003
10.1145/1541880.1541882,10.2307/2344839,CITES,1976
10.1145/1541880.1541882,10.1145/1014052.1014062,CITES,2004
10.1145/1541880.1541882,10.1145/956750.956758,CITES,2003
10.1145/1541880.1541882,10.1093/bioinformatics/17.1.23,CITES,2001
10.1145/1541880.1541882,10.1145/361002.361007,CITES,1975
10.1145/1541880.1541882,10.1002/for.768,CITES,2001
10.1145/1541880.1541882,10.1049/ip-vis:19941330,CITES,1994
10.1145/1541880.1541882,10.1002/qj.49712353910,CITES,1997
10.1145/1541880.1541882,10.1016/S0303-2647(00)00131-3,CITES,2000
10.1145/1541880.1541882,10.1093/biomet/55.1.119,CITES,1968
10.1145/1541880.1541882,10.1109/ICDCS.2006.49,CITES,
10.1145/1541880.1541882,10.1145/342009.335388,CITES,2000
10.1145/1541880.1541882,10.1016/S0167-7152(96)00213-1,CITES,1997
10.1145/1541880.1541882,10.2307/253535,CITES,1998
10.1145/1541880.1541882,10.1080/01621459.1998.10473711,CITES,1998
10.1145/1541880.1541882,10.1145/604264.604269,CITES,2001
10.1145/1541880.1541882,10.1145/1007730.1007733,CITES,2004
10.1145/1541880.1541882,10.2116/analsci.21.161,CITES,2005
10.1145/1541880.1541882,10.1023/A:1009740009307,CITES,1997
10.1145/1541880.1541882,10.1145/1281192.1281219,CITES,2007
10.1145/1541880.1541882,10.1109/TSE.1987.232894,CITES,1987
10.1145/1541880.1541882,10.1145/1014052.1014100,CITES,2004
10.1145/1541880.1541882,10.1109/72.595879,CITES,1997
10.1145/1541880.1541882,10.1016/j.jpdc.2005.12.011,CITES,2006
10.1145/1541880.1541882,10.1080/14786448708628471,CITES,1887
10.1145/1541880.1541882,10.1109/ICASSP.2000.860253,CITES,
10.1145/1541880.1541882,10.1007/978-1-4613-0227-8_3,CITES,2004
10.1145/1541880.1541882,10.1145/312129.312195,CITES,1999
10.1145/1541880.1541882,10.1109/TSMCB.2003.817026,CITES,2004
10.1145/1541880.1541882,10.1111/j.2517-6161.1972.tb00912.x,CITES,1972
10.1145/1541880.1541882,10.1145/1081870.1081917,CITES,2005
10.1145/1541880.1541882,10.1161/01.CIR.101.23.e215,CITES,2000
10.1145/1541880.1541882,10.1023/A:1026195112518,CITES,2003
10.1145/1541880.1541882,10.1080/00401706.1969.10490657,CITES,1969
10.1145/1541880.1541882,10.1016/S0306-4379(00)00022-3,CITES,2000
10.1145/1541880.1541882,10.1109/60.749142,CITES,1999
10.1145/1541880.1541882,10.2307/2346830,CITES,1979
10.1145/1541880.1541882,10.1080/01621459.1974.10482950,CITES,1974
10.1145/1541880.1541882,10.1016/S0957-4174(97)00045-6,CITES,1997
10.1145/1541880.1541882,10.1007/11731139_67,CITES,2006
10.1145/1541880.1541882,10.1016/S0167-8655(03)00003-5,CITES,2003
10.1145/1541880.1541882,10.1007/11538059_42,CITES,2005
10.1145/1541880.1541882,10.1007/978-3-540-27772-9_80,CITES,2004
10.1145/1541880.1541882,10.1007/978-3-540-27772-9_59,CITES,2004
10.1145/1541880.1541882,10.1023/B:AIRE.0000045502.10941.a9,CITES,2004
10.1145/1541880.1541882,10.1093/clinchem/47.12.2137,CITES,2001
10.1145/1541880.1541882,10.1214/aos/1176349519,CITES,1985
10.1145/1541880.1541882,10.1145/1014052.1014102,CITES,2004
10.1145/1541880.1541882,10.1109/ICDM.2007.12,CITES,2007
10.1145/1541880.1541882,10.1145/1150402.1150428,CITES,2006
10.1145/1541880.1541882,10.1109/32.372146,CITES,1995
10.1145/1541880.1541882,10.1109/IJCNN.1991.155491,CITES,
10.1145/1541880.1541882,10.1016/S0167-8655(00)00131-8,CITES,2001
10.1145/1541880.1541882,10.1145/502512.502554,CITES,2001
10.1145/1541880.1541882,10.1145/1150402.1150429,CITES,2006
10.1145/1541880.1541882,10.1145/375663.375673,CITES,2001
10.1145/1541880.1541882,10.1145/775047.775092,CITES,2002
10.1145/1541880.1541882,10.1273/cbij.3.30,CITES,2003
10.1145/1541880.1541882,10.1006/jpdc.1997.1404,CITES,1998
10.1145/1541880.1541882,10.1145/775047.775128,CITES,2002
10.1145/1541880.1541882,10.1145/1014052.1014077,CITES,2004
10.1145/1541880.1541882,10.1080/00401706.1979.10489749,CITES,1979
10.1145/1541880.1541882,10.1007/s007780050006,CITES,2000
10.1145/1541880.1541882,10.1109/72.870046,CITES,2000
10.1145/1541880.1541882,10.1109/52.605929,CITES,1997
10.1145/1541880.1541882,10.1145/508791.508835,CITES,2002
10.1145/1541880.1541882,10.1145/948109.948144,CITES,2003
10.1145/1541880.1541882,10.1109/MDSO.2005.53,CITES,2005
10.1145/1541880.1541882,10.1145/1080091.1080118,CITES,2005
10.1145/1541880.1541882,10.1145/322510.322526,CITES,1999
10.1145/1541880.1541882,10.1023/A:1006624031083,CITES,2000
10.1145/1541880.1541882,10.1007/978-1-4757-3860-5,CITES,1993
10.1145/1541880.1541882,10.1016/S0167-8655(01)00133-7,CITES,2002
10.1145/1541880.1541882,10.1109/CBMS.2005.34,CITES,
10.1145/1541880.1541882,10.1002/sim.4780100906,CITES,1991
10.1145/1541880.1541882,10.1145/956750.956828,CITES,2003
10.1145/1541880.1541882,10.1093/bioinformatics/btl433,CITES,2006
10.1145/1541880.1541882,10.1145/775047.775102,CITES,2002
10.1145/1541880.1541882,10.1109/MCOM.2002.1039860,CITES,2002
10.1145/1541880.1541882,10.1145/366173.366197,CITES,2001
10.1145/1541880.1541882,10.1016/j.sigpro.2003.07.018,CITES,2003
10.1145/1541880.1541882,10.1016/j.sigpro.2003.07.019,CITES,2003
10.1145/1541880.1541882,10.1109/81.269061,CITES,1994
10.1145/1541880.1541882,10.1109/72.661127,CITES,1998
10.1145/1541880.1541882,10.1145/347090.347123,CITES,2000
10.1145/1541880.1541882,10.1016/S0893-6080(01)00097-1,CITES,2001
10.1145/1541880.1541882,10.1145/956750.956831,CITES,2003
10.1145/1541880.1541882,10.1145/956750.956847,CITES,2003
10.1145/1541880.1541882,10.1007/s10618-005-0014-6,CITES,2006
10.1145/1541880.1541882,10.1007/11604655_61,CITES,2005
10.1145/1541880.1541882,10.1162/neco.1996.8.2.260,CITES,1996
10.1145/1541880.1541882,10.1214/aoms/1177704472,CITES,1962
10.1145/1541880.1541882,10.1016/j.comnet.2007.02.001,CITES,2007
10.1145/1541880.1541882,10.1145/1007730.1007738,CITES,2004
10.1145/1541880.1541882,10.1007/11760146_111,CITES,2006
10.1145/1541880.1541882,10.1214/aos/1176343003,CITES,1975
10.1145/1541880.1541882,10.1111/j.1365-2966.2006.10327.x,CITES,2006
10.1145/1541880.1541882,10.1145/342009.335437,CITES,2000
10.1145/1541880.1541882,10.1109/TPAMI.2002.1033211,CITES,2002
10.1145/1541880.1541882,10.1049/ip-vis:19990428,CITES,1999
10.1145/1541880.1541882,10.1162/neco.1994.6.2.270,CITES,1994
10.1145/1541880.1541882,10.1080/00401706.1983.10487848,CITES,1983
10.1145/1541880.1541882,10.1162/089976606775774679,CITES,2006
10.1145/1541880.1541882,10.1002/0471725382,CITES,1987
10.1145/1541880.1541882,10.1145/223784.223794,CITES,1995
10.1145/1541880.1541882,10.1162/089976601750264965,CITES,2001
10.1145/1541880.1541882,10.1145/775047.775103,CITES,2002
10.1145/1541880.1541882,10.1145/502512.502567,CITES,2001
10.1145/1541880.1541882,10.1145/967900.967992,CITES,2004
10.1145/1541880.1541882,10.1109/TKDE.2004.1269665,CITES,2004
10.1145/1541880.1541882,10.1109/49.339929,CITES,1994
10.1145/1541880.1541882,10.1373/clinchem.2005.058339,CITES,2005
10.1145/1541880.1541882,10.1109/TSMCC.2002.807277,CITES,2002
10.1145/1541880.1541882,10.1109/TKDE.2007.1009,CITES,2007
10.1145/1541880.1541882,10.1109/AERO.2006.1656136,CITES,
10.1145/1541880.1541882,10.1109/5326.827457,CITES,2000
10.1145/1541880.1541882,10.1080/00401706.1972.10488930,CITES,1972
10.1145/1541880.1541882,10.1109/60.507183,CITES,1996
10.1145/1541880.1541882,10.1109/ICDM.2005.103,CITES,
10.1145/1541880.1541882,10.1007/s10115-005-0200-2,CITES,2006
10.1145/1541880.1541882,10.1145/1281192.1281267,CITES,2007
10.1145/1541880.1541882,10.1145/1150402.1150447,CITES,2006
10.1145/1541880.1541882,10.1049/cp:19950597,CITES,1995
10.1145/1541880.1541882,10.1016/S0167-8655(99)00087-2,CITES,1999
10.1145/1541880.1541882,10.1109/TSP.2003.814797,CITES,2003
10.1145/1541880.1541882,10.1093/biostatistics/kxl005,CITES,2007
10.1145/1541880.1541882,10.1126/science.1117679,CITES,2005
10.1145/1541880.1541882,10.1093/biomet/87.4.789,CITES,2000
10.1145/1541880.1541882,10.1016/0167-8655(94)00092-H,CITES,1995
10.1145/1541880.1541882,10.1142/S0129065795000251,CITES,1995
10.1145/1541880.1541882,10.1006/jsvi.1996.0747,CITES,1997
10.1145/1541880.1541882,10.1145/1150402.1150501,CITES,2006
10.1145/1541880.1541882,10.1145/502512.502570,CITES,2001
10.1145/1541880.1541882,10.1023/B:DAMI.0000023676.72185.7c,CITES,2004
10.1145/1541880.1541882,10.1002/qre.392,CITES,2001
10.1145/1541880.1541882,10.1007/s101150200013,CITES,2002
10.1145/1541880.1541882,10.1007/s10115-006-0020-z,CITES,2006
10.1145/1541880.1541882,10.1007/978-3-540-73871-8_16,CITES,2007
10.1145/2623330.2623732,10.1145/1557019.1557109,CITES,2009
10.1145/1557019.1557109,10.1145/1132952.1132954,CITES,2006
10.1145/1557019.1557109,10.1145/276304.276332,CITES,1998
10.1145/1557019.1557109,10.1137/1.9781611972788.37,CITES,2008
10.1145/1557019.1557109,10.1088/1742-5468/2005/09/P09008,CITES,2005
10.1145/1557019.1557109,10.1145/1401890.1401925,CITES,2008
10.1145/1557019.1557109,10.1111/j.1467-985X.2007.00471.x,CITES,2007
10.1145/1557019.1557109,10.1198/016214502388618906,CITES,2002
10.1145/1557019.1557109,10.1145/956750.956816,CITES,2003
10.1145/1557019.1557109,10.1145/1014052.1014125,CITES,2004
10.1145/1557019.1557109,10.1137/S1064827595287997,CITES,1998
10.1145/1557019.1557109,10.21236/ADA452802,CITES,2003
10.1145/1557019.1557109,10.1146/annurev.soc.27.1.415,CITES,2001
10.1145/1557019.1557109,10.1145/1090193.1090201,CITES,2005
10.1145/1557019.1557109,10.1145/956750.956830,CITES,2003
10.1145/1557019.1557109,10.1103/PhysRevE.74.036104,CITES,2006
10.1145/1557019.1557109,10.1073/pnas.0601602103,CITES,2006
10.1145/1557019.1557109,10.1103/PhysRevE.69.026113,CITES,2003
10.1145/1557019.1557109,10.1198/016214501753208735,CITES,2001
10.1145/1557019.1557109,10.1145/1117454.1117459,CITES,2005
10.1145/1557019.1557109,10.1145/1324172.1324173,CITES,2008
10.1145/1557019.1557109,10.1145/1401890.1401972,CITES,2008
10.1145/1557019.1557109,10.1145/1526709.1526738,CITES,2009
10.1145/1557019.1557109,10.2307/2786545,CITES,1969
10.1145/1557019.1557109,10.1145/1015330.1015341,CITES,2004
10.1145/1557019.1557109,10.1093/bioinformatics/bth906,CITES,2004
10.1145/1557019.1557109,10.1007/s11222-007-9033-z,CITES,2007
10.1145/2623330.2623732,10.1007/s10994-008-5066-6,CITES,2008
10.1007/s10994-008-5066-6,10.1023/A:1007413511361,CITES,1997
10.1007/s10994-008-5066-6,10.1023/A:1009778005914,CITES,1997
10.1007/s10994-008-5066-6,10.1162/neco.1992.4.1.1,CITES,1992
10.1007/s10994-008-5066-6,10.1007/978-3-662-04599-2_13,CITES,2001
10.1007/s10994-008-5066-6,10.1214/aoms/1177705148,CITES,1961
10.1007/s10994-008-5066-6,10.1214/088342306000000222,CITES,2006
10.1007/s10994-008-5066-6,10.1023/A:1022631118932,CITES,1993
10.1007/s10994-008-5066-6,10.1023/A:1022899518027,CITES,2003
10.1007/s10994-008-5066-6,10.1145/1014052.1014125,CITES,2004
10.1007/s10994-008-5066-6,10.1109/ICDM.2004.10101,CITES,2004
10.1007/s10994-008-5066-6,10.1145/956750.956830,CITES,2003
10.1145/2623330.2623732,10.1201/b17320-16,CITES,2008
10.1145/2623330.2623732,10.1007/978-3-642-14929-0_1,CITES,2008
10.1007/978-3-642-14929-0_1,10.1609/aimag.v29i3.2157,CITES,2008
10.1007/978-3-642-14929-0_1,10.1162/jmlr.2003.3.4-5.679,CITES,2000
10.1007/978-3-642-14929-0_1,10.1109/ICDM.2003.1250989,CITES,2003
10.1007/978-3-642-14929-0_1,10.1145/956750.956830,CITES,2003
10.1007/978-3-642-14929-0_1,10.1145/956750.956772,CITES,2003
10.1007/978-3-642-14929-0_1,10.1109/ICDM.2005.125,CITES,
10.1007/978-3-642-14929-0_1,10.1145/1090193.1090201,CITES,2005
10.1007/978-3-642-14929-0_1,10.1145/276304.276332,CITES,1998
10.1007/978-3-642-14929-0_1,10.1145/1014052.1014125,CITES,2004
10.1007/978-3-642-14929-0_1,10.21236/ADA479429,CITES,2007
10.1007/978-3-642-14929-0_1,10.1145/1401890.1401925,CITES,2008
10.1007/978-3-642-14929-0_1,10.1137/S003614450342480,CITES,2003
10.1007/978-3-642-14929-0_1,10.21236/ADA452802,CITES,2003
10.1007/978-3-642-14929-0_1,10.1109/ICDMW.2007.27,CITES,2007
10.1007/978-3-642-14929-0_1,10.1007/s00779-005-0046-3,CITES,2006
10.1007/978-3-642-14929-0_1,10.1023/A:1010933404324,CITES,2001
10.1145/2623330.2623732,10.1145/1401890.1401925,CITES,2008
10.1145/1401890.1401925,10.1023/A:1010933404324,CITES,2001
10.1145/1401890.1401925,10.1145/276304.276332,CITES,1998
10.1145/1401890.1401925,10.1007/s00779-005-0046-3,CITES,2006
10.1145/1401890.1401925,10.1109/TPAMI.1984.4767596,CITES,1984
10.1145/1401890.1401925,10.21236/ADA452802,CITES,2003
10.1145/1401890.1401925,10.1145/956750.956830,CITES,2003
10.1145/1401890.1401925,10.1109/ICDM.2006.70,CITES,2006
10.1145/2623330.2623732,10.1145/1390156.1390177,CITES,2008
10.1145/2623330.2623732,10.5555/1756006.1859891,CITES,2008
10.5555/1756006.1859891,10.1137/08074489X,CITES,2008
10.5555/1756006.1859891,10.1145/1390156.1390219,CITES,2008
10.5555/1756006.1859891,10.7551/mitpress/7503.003.0186,CITES,2006
10.5555/1756006.1859891,10.1142/9789812772435_0002,CITES,2006
10.5555/1756006.1859891,10.1145/1150402.1150476,CITES,2006
10.5555/1756006.1859891,10.1038/nbt1196,CITES,2006
10.5555/1756006.1859891,10.1002/QSAR.200510135,CITES,2006
10.5555/1756006.1859891,10.1109/ICDM.2005.132,CITES,2005
10.5555/1756006.1859891,10.1186/1471-2105-6-265,CITES,2005
10.5555/1756006.1859891,10.1038/nature04209,CITES,2005
10.5555/1756006.1859891,10.1016/J.NEUNET.2005.07.009,CITES,2005
10.5555/1756006.1859891,10.1093/bioinformatics/bti398,CITES,2005
10.5555/1756006.1859891,10.1137/S089547980139786X,CITES,2005
10.5555/1756006.1859891,10.1145/1014052.1014072,CITES,2004
10.5555/1756006.1859891,10.1145/1015330.1015446,CITES,2004
10.5555/1756006.1859891,10.1073/PNAS.0402591101,CITES,2004
10.5555/1756006.1859891,10.1056/NEJMOA031046,CITES,2004
10.5555/1756006.1859891,10.1007/978-3-540-72816-0_20940,CITES,2004
10.5555/1756006.1859891,10.1007/978-3-540-45167-9_5,CITES,2003
10.5555/1756006.1859891,10.1038/nrd1156,CITES,2003
10.5555/1756006.1859891,10.1093/bioinformatics/btg130,CITES,2003
10.5555/1756006.1859891,10.1145/959242.959249,CITES,2003
10.5555/1756006.1859891,10.1093/bioinformatics/18.suppl_1.s268,CITES,2002
10.5555/1756006.1859891,10.1038/415530a,CITES,2002
10.5555/1756006.1859891,10.1016/S0377-0427(00)00393-9,CITES,2000
10.5555/1756006.1859891,10.1021/BI971485F,CITES,1997
10.5555/1756006.1859891,10.1145/146847.146929,CITES,1992
10.5555/1756006.1859891,10.1007/978-3-642-69959-7,CITES,1985
10.5555/1756006.1859891,10.1016/0304-3975(77)90056-1,CITES,1976
10.5555/1756006.1859891,10.1007/978-0-387-09766-4_2219,CITES,2011
10.5555/1756006.1859891,10.1093/bioinformatics/bti1007,CITES,2005
10.5555/1756006.1859891,10.7551/mitpress/4057.003.0010,CITES,2004
10.5555/1756006.1859891,10.1093/nar/gkh081,CITES,2004
10.5555/1756006.1859891,10.1007/978-3-540-45167-9_12,CITES,2003
10.5555/1756006.1859891,10.1007/978-3-540-45167-9_11,CITES,2003
10.5555/1756006.1859891,10.25596/jalc-2002-321,CITES,2002
10.5555/1756006.1859891,10.1109/5992.814658,CITES,2000
10.5555/1756006.1859891,10.1007/978-1-4612-1128-0,CITES,1984
10.5555/1756006.1859891,10.1007/978-3-663-09367-1,CITES,1979
10.5555/1756006.1859891,10.1038/175228a0,CITES,1955
10.1145/2623330.2623732,10.5555/1390681.1442794,CITES,2008
10.1145/2623330.2623732,10.1109/FOCS.2006.44,CITES,2006
10.1109/FOCS.2006.44,10.1145/1007352.1007372,CITES,2003
10.1109/FOCS.2006.44,10.1137/S1064827593255135,CITES,1997
10.1109/FOCS.2006.44,10.1109/SFCS.1989.63529,CITES,1989
10.1109/FOCS.2006.44,10.1109/FSCS.1990.89553,CITES,1990
10.1109/FOCS.2006.44,10.1002/rsa.3240040402,CITES,1993
10.1109/FOCS.2006.44,10.1145/1014052.1016914,CITES,2004
10.1109/FOCS.2006.44,10.1109/FOCS.2006.44,CITES,2006
10.1109/FOCS.2006.44,10.1109/SFCS.1988.21958,CITES,1988
10.1109/FOCS.2006.44,10.1145/775189.775191,CITES,2003
10.1109/FOCS.2006.44,10.1109/TKDE.2003.1208999,CITES,2003
10.1109/FOCS.2006.44,10.1007/978-3-540-30216-2_9,CITES,2004
10.1109/FOCS.2006.44,10.1016/S0169-7552(98)00110-X,CITES,1998
10.1109/FOCS.2006.44,10.1145/1132516.1132574,CITES,2006
10.1109/FOCS.2006.44,10.1145/990308.990313,CITES,2004
10.1145/2623330.2623732,10.1073/PNAS.0601602103,CITES,2006
10.1073/PNAS.0601602103,10.1088/1742-5468/2005/09/P09008,CITES,2005
10.1073/PNAS.0601602103,10.1038/nature03288,CITES,2005
10.1073/PNAS.0601602103,10.1103/PhysRevE.72.027104,CITES,2005
10.1073/PNAS.0601602103,10.1103/PhysRevE.70.066111,CITES,2004
10.1073/PNAS.0601602103,10.1140/epjb/e2004-00125-x,CITES,2003
10.1073/PNAS.0601602103,10.1103/PhysRevE.69.066133,CITES,2003
10.1073/PNAS.0601602103,10.1073/pnas.0400054101,CITES,2004
10.1073/PNAS.0601602103,10.1103/PhysRevE.69.026113,CITES,2003
10.1073/PNAS.0601602103,10.1142/S0219525903001067,CITES,2003
10.1073/PNAS.0601602103,10.1137/S003614450342480,CITES,2003
10.1073/PNAS.0601602103,10.1103/PhysRevE.68.065103,CITES,2002
10.1073/PNAS.0601602103,10.1126/SCIENCE.298.5594.824,CITES,2002
10.1073/PNAS.0601602103,10.1093/bioinformatics/btg033,CITES,2002
10.1073/PNAS.0601602103,10.1109/2.989932,CITES,2002
10.1073/PNAS.0601602103,10.1103/PhysRevE.66.035103,CITES,2002
10.1073/PNAS.0601602103,10.1073/pnas.122653799,CITES,2002
10.1073/PNAS.0601602103,10.1080/00018730110112519,CITES,2001
10.1073/PNAS.0601602103,10.1103/RevModPhys.74.47,CITES,2002
10.1073/PNAS.0601602103,10.1038/35036627,CITES,2000
10.1073/PNAS.0601602103,10.1073/pnas.98.2.404,CITES,2000
10.1073/PNAS.0601602103,10.1109/mc.2004.1319252,CITES,1999
10.1073/PNAS.0601602103,10.1038/30918,CITES,1998
10.1073/PNAS.0601602103,10.1137/0611030,CITES,1990
10.1073/PNAS.0601602103,10.1177/0038038588022001007,CITES,1988
10.1073/PNAS.0601602103,10.1086/jar.33.4.3629752,CITES,1977
10.1073/PNAS.0601602103,10.1086/226141,CITES,1976
10.1073/PNAS.0601602103,10.1002/J.1538-7305.1970.TB01770.X,CITES,1970
10.1073/PNAS.0601602103,10.1515/9781400841356.349,CITES,1999
10.1073/PNAS.0601602103,10.21136/CMJ.1973.101168,CITES,1973
10.1145/2623330.2623732,10.1145/1090193.1090201,CITES,2005
10.1145/1090193.1090201,10.1109/ICDM.2004.10101,CITES,2004
10.1145/1090193.1090201,10.1145/1014052.1014137,CITES,2004
10.1145/1090193.1090201,10.1145/1014052.1014125,CITES,2004
10.1145/1090193.1090201,10.1109/ICDM.2003.1250989,CITES,2003
10.1145/1090193.1090201,10.1145/956750.956830,CITES,2003
10.1145/1090193.1090201,10.1007/978-1-4899-7687-1_100268,CITES,2003
10.1145/1090193.1090201,10.1198/016214502388618906,CITES,2002
10.1145/1090193.1090201,10.1198/016214501753208735,CITES,2001
10.1145/1090193.1090201,10.1145/324133.324140,CITES,1999
10.1145/1090193.1090201,10.1007/3-540-44914-0_25,CITES,1999
10.1145/1090193.1090201,10.1145/276304.276332,CITES,1998
10.1145/1090193.1090201,10.1109/CVPR.1997.609407,CITES,1997
10.1145/1090193.1090201,10.1007/3-540-57868-4_64,CITES,1994
10.1145/2623330.2623732,10.1145/956863.956972,CITES,2003
10.1145/956863.956972,10.1016/S0378-8733(03)00009-1,CITES,2003
10.1145/956863.956972,10.1016/S0378-4371(02)00736-7,CITES,2002
10.1145/956863.956972,10.1016/S0169-7552(98)00110-X,CITES,1998
10.1145/956863.956972,10.1002/(SICI)1097-4571(199009)41:6<391::AID-ASI1>3.0.CO;2-9,CITES,1990
10.1145/956863.956972,10.1145/775047.775126,CITES,2002
10.1145/956863.956972,10.1007/BF02289026,CITES,1953
10.1145/956863.956972,10.1145/245108.245123,CITES,1997
10.1145/956863.956972,10.3115/1034678.1034693,CITES,1999
10.1145/956863.956972,10.1137/S003614450342480,CITES,2003
10.1145/956863.956972,10.1145/775047.775059,CITES,2002
10.1145/956863.956972,10.1109/4236.989007,CITES,2002
10.1145/2623330.2623732,10.1145/1007352.1007372,CITES,2003
10.1145/1007352.1007372,10.1137/S0895479801384019,CITES,2005
10.1145/1007352.1007372,10.5555/1059888.1059896,CITES,2005
10.1145/1007352.1007372,10.1002/nla.343,CITES,2004
10.1145/1007352.1007372,10.1109/SFCS.2003.1238215,CITES,2003
10.1145/1007352.1007372,10.1137/S0895479801390637,CITES,2003
10.1145/1007352.1007372,10.1145/380752.380858,CITES,2001
10.1145/1007352.1007372,10.1145/331524.331526,CITES,1999
10.1145/1007352.1007372,10.1109/SFCS.1998.743487,CITES,1998
10.1145/1007352.1007372,10.1016/S0898-1221(98)00191-6,CITES,1998
10.1145/1007352.1007372,10.1109/IPPS.1995.395915,CITES,1995
10.1145/1007352.1007372,10.2172/10106339,CITES,1993
10.1145/1007352.1007372,10.1109/FSCS.1990.89553,CITES,1990
10.1145/1007352.1007372,10.1007/BF01397553,CITES,1988
10.1145/1007352.1007372,10.1007/3-540-19422-3_11,CITES,1987
10.1145/1007352.1007372,10.1007/BF02579329,CITES,1981
10.1145/1007352.1007372,10.1137/0716027,CITES,1977
10.1145/1007352.1007372,10.1147/RD.175.0420,CITES,1973
10.1145/1007352.1007372,10.1007/978-1-4612-0865-5_26,CITES,1963
10.1145/1007352.1007372,10.1002/rsa.3240040402,CITES,1993
10.1145/1007352.1007372,10.1007/978-1-4613-8369-7,CITES,1993
10.1145/1007352.1007372,10.1090/dimacs/007/01,CITES,1991
10.1145/2623330.2623732,10.1016/0004-3702(91)90084-W,CITES,1991
10.1145/2623330.2623732,10.1109/TPAMI.1984.4767596,CITES,1984
10.1109/TPAMI.1984.4767596,10.1090/conm/001,CITES,1980
10.1109/TPAMI.1984.4767596,10.1109/TIT.1983.1056610,CITES,1983
10.1109/TPAMI.1984.4767596,10.1007/BF02980577,CITES,1925
10.1109/TPAMI.1984.4767596,10.2307/1403035,CITES,1981
10.1109/TPAMI.1984.4767596,10.1109/TC.1977.1674810,CITES,1977
10.1109/TPAMI.1984.4767596,10.1109/TPAMI.1983.4767390,CITES,1983
10.1109/TPAMI.1984.4767596,10.1109/TSSC.1968.300117,CITES,1968
10.1109/TPAMI.1984.4767596,10.1109/T-C.1974.223969,CITES,1974
10.1109/TPAMI.1984.4767596,10.1109/PROC.1981.12021,CITES,1981
10.1109/TPAMI.1984.4767596,10.1016/0146-664X(80)90019-2,CITES,1980
10.1109/TPAMI.1984.4767596,10.1007/978-94-009-5819-7,CITES,1964
10.1109/TPAMI.1984.4767596,10.1109/TIT.1965.1053827,CITES,1965
10.1109/TPAMI.1984.4767596,10.1109/PROC.1972.8787,CITES,1972
10.1109/TPAMI.1984.4767596,10.1016/0146-664X(82)90040-5,CITES,1982
10.1109/TPAMI.1984.4767596,10.1109/TASSP.1980.1163348,CITES,1980
10.1109/TPAMI.1984.4767596,10.1109/TIT.1972.1054786,CITES,1972
10.1109/TPAMI.1984.4767596,10.1109/TASSP.1982.1163911,CITES,1982
10.1109/TPAMI.1984.4767596,10.1109/TPAMI.1983.4767392,CITES,1983
10.1109/TPAMI.1984.4767596,10.1109/TPAMI.1983.4767341,CITES,1983
10.1109/TPAMI.1984.4767596,10.1137/1113026,CITES,1968
10.1109/TPAMI.1984.4767596,10.1007/BF01011718,CITES,1974
10.1109/TPAMI.1984.4767596,10.1364/JOSA.62.000511,CITES,1972
10.1109/TPAMI.1984.4767596,10.1007/978-94-009-5755-8,CITES,1976
10.1109/TPAMI.1984.4767596,10.1109/TCOM.1976.1093216,CITES,1976
10.1109/TPAMI.1984.4767596,10.1016/0021-9991(75)90060-1,CITES,1975
10.1109/TPAMI.1984.4767596,10.1109/TSMC.1976.4309519,CITES,1976
10.1109/TPAMI.1984.4767596,10.1364/JOSA.62.000055,CITES,1972
10.1109/TPAMI.1984.4767596,10.2307/2317621,CITES,1971
10.1109/TPAMI.1984.4767596,10.1063/1.1699114,CITES,1953
10.1109/TPAMI.1984.4767596,10.2307/3213345,CITES,1977
10.1145/2623330.2623732,10.1109/TPAMI.1983.4767390,CITES,1983
10.1109/TPAMI.1983.4767390,10.1109/TPAMI.1980.4767035,CITES,1980
10.1109/TPAMI.1983.4767390,10.1109/TSMC.1976.4309519,CITES,1976
10.1109/TPAMI.1983.4767390,10.1016/0146-664X(79)90045-5,CITES,1979
10.1109/TPAMI.1983.4767390,10.7551/mitpress/3877.001.0001,CITES,1979
10.1109/TPAMI.1983.4767390,10.1109/TC.1977.1674848,CITES,1977
10.1109/TPAMI.1983.4767390,10.1016/0004-3702(81)90026-6,CITES,1981
10.1109/TPAMI.1983.4767390,10.1007/BFb0080630,CITES,1967
10.1109/TPAMI.1983.4767390,10.1109/TPAMI.1979.4766903,CITES,1979
10.1109/TPAMI.1983.4767390,10.1109/TPAMI.1981.4767127,CITES,1981
10.1109/TPAMI.1983.4767390,10.1145/357062.357064,CITES,1979
10.1145/2623330.2623732,10.1086/jar.33.4.3629752,CITES,1977
10.1086/jar.33.4.3629752,10.1287/moor.2.3.225,CITES,1977
10.1086/jar.33.4.3629752,10.1016/0049-089X(76)90011-9,CITES,1976
10.1086/jar.33.4.3629752,10.1086/224954,CITES,1970
10.1086/jar.33.4.3629752,10.2307/3316686,CITES,1970
10.1086/jar.33.4.3629752,10.1002/J.1834-4461.1968.TB00983.X,CITES,1968
10.1086/jar.33.4.3629752,10.1080/00664677.1967.9967214,CITES,1967
10.1086/jar.33.4.3629752,10.2307/2314684,CITES,1966
10.1086/jar.33.4.3629752,10.1038/146568a0,CITES,1940
10.1145/2623330.2623732,10.1007/978-0-387-31439-6_100248,CITES,2014
10.1145/2623330.2623732,10.1137/1.9781611972825.71,CITES,2012
10.1145/2623330.2623732,10.7551/mitpress/7432.001.0001,CITES,2007
10.1145/2623330.2623732,10.21236/ada452802,CITES,2003
10.1145/3543873.3587570,10.1109/ICDM54844.2022.00169,CITES,2022
10.1109/ICDM54844.2022.00169,10.1109/icassp43922.2022.9747635,CITES,2022
10.1109/icassp43922.2022.9747635,10.1109/TNNLS.2022.3161453,CITES,2021
10.1109/icassp43922.2022.9747635,10.1609/aaai.v35i5.16514,CITES,2021
10.1109/icassp43922.2022.9747635,10.1609/aaai.v35i12.17332,CITES,2020
10.1109/icassp43922.2022.9747635,10.1609/aaai.v32i1.11604,CITES,2018
10.1109/icassp43922.2022.9747635,10.17863/CAM.48429,CITES,2017
10.1109/icassp43922.2022.9747635,10.3115/v1/D14-1179,CITES,2014
10.1109/icassp43922.2022.9747635,10.1109/TNNLS.2020.2978386,CITES,2019
10.1109/ICDM54844.2022.00169,10.1145/3534678.3539418,CITES,2021
10.1145/3534678.3539418,10.48550/arXiv.2207.04376,CITES,2022
10.1145/3534678.3539418,10.1145/3459637.3482226,CITES,2021
10.1145/3534678.3539418,10.1007/978-3-030-86520-7_28,CITES,2021
10.1145/3534678.3539418,10.1109/ICDM54844.2022.00169,CITES,2022
10.1145/3534678.3539418,10.1609/aaai.v35i5.16514,CITES,2021
10.1145/3534678.3539418,10.1609/aaai.v35i12.17332,CITES,2020
10.1145/3534678.3539418,10.1145/3394486.3403217,CITES,2020
10.1145/3534678.3539418,10.1109/TPAMI.2021.3134200,CITES,2020
10.1145/3534678.3539418,10.1145/3394486.3403049,CITES,2020
10.1145/3534678.3539418,10.1145/3447556.3447566,CITES,2020
10.1145/3534678.3539418,10.1145/3366423.3380171,CITES,2020
10.1145/3534678.3539418,10.1145/3336191.3371789,CITES,2020
10.1145/3534678.3539418,10.1109/BigData47090.2019.9006004,CITES,2019
10.1145/3534678.3539418,10.1609/AAAI.V34I04.5741,CITES,2019
10.1145/3534678.3539418,10.1145/3292500.3330851,CITES,2019
10.1145/3534678.3539418,10.1145/3292500.3330905,CITES,2019
10.1145/3534678.3539418,10.24963/ijcai.2019/550,CITES,2019
10.1145/3534678.3539418,10.1109/TKDE.2022.3201243,CITES,2018
10.1145/3534678.3539418,10.1145/3219819.3220078,CITES,2018
10.1145/3534678.3539418,10.17863/CAM.48429,CITES,2017
10.1145/3534678.3539418,10.1137/1.9781611974973.49,CITES,2016
10.1145/3534678.3539418,10.1109/MSP.2017.2693418,CITES,2016
10.1145/3534678.3539418,10.1136/bmj.f7511,CITES,2013
10.1145/3534678.3539418,10.2139/ssrn.1470768,CITES,2011
10.1145/3534678.3539418,10.1201/b17320-16,CITES,2008
10.1145/3534678.3539418,10.1145/1081870.1081893,CITES,2005
10.1145/3534678.3539418,10.1023/A:1009953814988,CITES,2000
10.1109/ICDM54844.2022.00169,10.1609/aaai.v35i5.16514,CITES,2021
10.1609/aaai.v35i5.16514,10.1109/TBDATA.2022.3177455,CITES,2020
10.1609/aaai.v35i5.16514,10.1145/3394486.3403177,CITES,2020
10.1609/aaai.v35i5.16514,10.1145/3394486.3403140,CITES,2020
10.1609/aaai.v35i5.16514,10.1109/TPAMI.2021.3134200,CITES,2020
10.1609/aaai.v35i5.16514,10.1093/comnet/cnab014,CITES,2019
10.1609/aaai.v35i5.16514,10.24963/ijcai.2019/267,CITES,2019
10.1609/aaai.v35i5.16514,10.1090/cbms/129/05,CITES,2019
10.1609/aaai.v35i5.16514,10.1109/CVPR.2019.00981,CITES,2019
10.1609/aaai.v35i5.16514,10.1109/tkde.2020.2981333,CITES,2018
10.1609/aaai.v35i5.16514,10.17863/CAM.48429,CITES,2017
10.1609/aaai.v35i5.16514,10.1109/CVPR.2017.576,CITES,2016
10.1609/aaai.v35i5.16514,10.1109/MSP.2012.2235192,CITES,2012
10.1609/aaai.v35i5.16514,10.1145/1557019.1557108,CITES,2009
10.1609/aaai.v35i5.16514,10.1103/PhysRevE.67.026126,CITES,2002
10.1609/aaai.v35i5.16514,10.1109/TNNLS.2020.2978386,CITES,2019
10.1109/ICDM54844.2022.00169,10.1609/aaai.v35i12.17332,CITES,2020
10.1609/aaai.v35i12.17332,10.1109/ICDM54844.2022.00169,CITES,2022
10.1609/aaai.v35i12.17332,10.1145/3340531.3411903,CITES,2020
10.1609/aaai.v35i12.17332,10.1093/comnet/cnab014,CITES,2019
10.1609/aaai.v35i12.17332,10.1145/3397191,CITES,2020
10.1609/aaai.v35i12.17332,10.1145/3292500.3330921,CITES,2019
10.1609/aaai.v35i12.17332,10.1109/ICCV.2019.00936,CITES,2019
10.1609/aaai.v35i12.17332,10.1109/BigData.2018.8622638,CITES,2018
10.1609/aaai.v35i12.17332,10.1145/3219819.3219890,CITES,2018
10.1609/aaai.v35i12.17332,10.1093/bioinformatics/bty294,CITES,2018
10.1609/aaai.v35i12.17332,10.17863/CAM.48429,CITES,2017
10.1609/aaai.v35i12.17332,10.1609/aaai.v29i1.9277,CITES,2015
10.1609/aaai.v35i12.17332,10.14778/2735479.2735490,CITES,2014
10.1609/aaai.v35i12.17332,10.1613/jair.3659,CITES,2012
10.1609/aaai.v35i12.17332,10.1007/978-3-642-23783-6_16,CITES,2011
10.1609/aaai.v35i12.17332,10.1201/b17320-16,CITES,2008
10.1609/aaai.v35i12.17332,10.21236/ada479429,CITES,2007
10.1609/aaai.v35i12.17332,10.1145/1242572.1242600,CITES,2007
10.1609/aaai.v35i12.17332,10.1007/978-1-4899-7687-1_100268,CITES,2003
10.1609/aaai.v35i12.17332,10.1146/ANNUREV.SOC.27.1.415,CITES,2001
10.1609/aaai.v35i12.17332,10.2140/PJM.1967.21.343,CITES,1967
10.1609/aaai.v35i12.17332,10.1109/TNN.2008.2005605,CITES,2009
10.1609/aaai.v35i12.17332,10.1515/9781400841356.349,CITES,1999
10.1109/ICDM54844.2022.00169,10.1145/3459637.3482488,CITES,2020
10.1145/3459637.3482488,10.1609/AAAI.V34I04.5747,CITES,2020
10.1145/3459637.3482488,10.1109/ICCV.2019.00936,CITES,2019
10.1145/3459637.3482488,10.1609/AAAI.V34I04.6048,CITES,2019
10.1145/3459637.3482488,10.1016/J.AIOPEN.2021.01.001,CITES,2018
10.1145/3459637.3482488,10.1609/aaai.v32i1.11604,CITES,2018
10.1145/3459637.3482488,10.17863/CAM.48429,CITES,2017
10.1145/3459637.3482488,10.1109/cvpr.2016.90,CITES,2015
10.1145/3459637.3482488,10.1201/b17320-16,CITES,2008
10.1109/ICDM54844.2022.00169,10.1109/TPAMI.2021.3134200,CITES,2020
10.1109/TPAMI.2021.3134200,10.1609/aaai.v35i5.16514,CITES,2021
10.1109/TPAMI.2021.3134200,10.1145/3437963.3441735,CITES,2020
10.1109/TPAMI.2021.3134200,10.1609/aaai.v35i12.17332,CITES,2020
10.1109/TPAMI.2021.3134200,10.1609/AAAI.V34I04.6100,CITES,2020
10.1109/TPAMI.2021.3134200,10.1093/comnet/cnab014,CITES,2019
10.1109/TPAMI.2021.3134200,10.1609/AAAI.V34I04.5747,CITES,2020
10.1109/TPAMI.2021.3134200,10.1145/3292500.3330897,CITES,2019
10.1109/TPAMI.2021.3134200,10.1109/TPAMI.2021.3081010,CITES,2019
10.1109/TPAMI.2021.3134200,10.1145/3292500.3330982,CITES,2019
10.1109/TPAMI.2021.3134200,10.1016/J.AIOPEN.2021.01.001,CITES,2018
10.1109/TPAMI.2021.3134200,10.1007/978-3-030-04648-4_7,CITES,2018
10.1109/TPAMI.2021.3134200,10.1109/tkde.2020.2981333,CITES,2018
10.1109/TPAMI.2021.3134200,10.1145/3219819.3219947,CITES,2018
10.1109/TPAMI.2021.3134200,10.1609/aaai.v32i1.11782,CITES,2018
10.1109/TPAMI.2021.3134200,10.1609/aaai.v32i1.11604,CITES,2018
10.1109/TPAMI.2021.3134200,10.1109/CVPR.2018.00813,CITES,2017
10.1109/TPAMI.2021.3134200,10.17863/CAM.48429,CITES,2017
10.1109/TPAMI.2021.3134200,10.1145/3097983.3098061,CITES,2017
10.1109/TPAMI.2021.3134200,10.1109/MSP.2017.2693418,CITES,2016
10.1109/TPAMI.2021.3134200,10.1109/CVPR.2017.195,CITES,2016
10.1109/TPAMI.2021.3134200,10.18653/v1/N16-1174,CITES,2016
10.1109/TPAMI.2021.3134200,10.1145/2783258.2783417,CITES,2015
10.1109/TPAMI.2021.3134200,10.1145/3065386,CITES,2012
10.1109/TPAMI.2021.3134200,10.1145/1557019.1557108,CITES,2009
10.1109/TPAMI.2021.3134200,10.1201/b17320-16,CITES,2008
10.1109/TPAMI.2021.3134200,10.1103/PhysRevLett.89.208701,CITES,2002
10.1109/TPAMI.2021.3134200,10.1126/SCIENCE.290.5500.2319,CITES,2000
10.1109/TPAMI.2021.3134200,10.1109/TNNLS.2020.2978386,CITES,2019
10.1109/TPAMI.2021.3134200,10.1109/5.726791,CITES,1998
10.1109/ICDM54844.2022.00169,10.1093/comnet/cnab014,CITES,2019
10.1093/comnet/cnab014,10.1145/3394486.3403296,CITES,2020
10.1093/comnet/cnab014,10.1145/3340531.3411866,CITES,2020
10.1093/comnet/cnab014,10.1145/3340531.3412757,CITES,2020
10.1093/comnet/cnab014,10.1145/3292500.3330925,CITES,2019
10.1093/comnet/cnab014,10.1109/ICDM.2018.8626170,CITES,2018
10.1093/comnet/cnab014,10.1109/ICDM.2018.00089,CITES,2018
10.1093/comnet/cnab014,10.1109/ICPR.2018.8545577,CITES,2018
10.1093/comnet/cnab014,10.1007/978-3-319-73198-8_9,CITES,2018
10.1093/comnet/cnab014,10.1145/3341161.3342890,CITES,2018
10.1093/comnet/cnab014,10.17863/CAM.48429,CITES,2017
10.1093/comnet/cnab014,10.1145/3159652.3159706,CITES,2017
10.1093/comnet/cnab014,10.1109/TKDE.2018.2819980,CITES,2017
10.1093/comnet/cnab014,10.1145/3097983.3098061,CITES,2017
10.1093/comnet/cnab014,10.1145/2939672.2939751,CITES,2016
10.1093/comnet/cnab014,10.1145/2939672.2939754,CITES,2016
10.1093/comnet/cnab014,10.1145/3110025.3110086,CITES,2016
10.1093/comnet/cnab014,10.1145/2806416.2806512,CITES,2015
10.1093/comnet/cnab014,10.1145/2736277.2741093,CITES,2015
10.1093/comnet/cnab014,10.1145/2623330.2623732,CITES,2014
10.1093/comnet/cnab014,10.1145/2339530.2339723,CITES,2012
10.1093/comnet/cnab014,10.1145/2020408.2020512,CITES,2011
10.1093/comnet/cnab014,10.5555/1953048.2078195,CITES,2011
10.1093/comnet/cnab014,10.1007/978-1-4899-7687-1_100268,CITES,2003
10.1093/comnet/cnab014,10.1137/S1064827595287997,CITES,1998
10.1093/comnet/cnab014,10.1137/1.9781611974973.71,CITES,2017
10.1109/ICDM54844.2022.00169,10.1609/AAAI.V34I04.5747,CITES,2020
10.1609/AAAI.V34I04.5747,10.24963/ijcai.2019/564,CITES,2019
10.1609/AAAI.V34I04.5747,10.24963/ijcai.2019/563,CITES,2019
10.1609/AAAI.V34I04.5747,10.18653/v1/P19-1479,CITES,2019
10.1609/AAAI.V34I04.5747,10.1109/ICCV.2019.00936,CITES,2019
10.1609/AAAI.V34I04.5747,10.1609/AAAI.V34I04.5984,CITES,2019
10.1609/AAAI.V34I04.5747,10.1016/j.patcog.2020.107637,CITES,2019
10.1609/AAAI.V34I04.5747,10.1109/TPAMI.2021.3054830,CITES,2019
10.1609/AAAI.V34I04.5747,10.1016/J.AIOPEN.2021.01.001,CITES,2018
10.1609/AAAI.V34I04.5747,10.1609/aaai.v33i01.33014602,CITES,2018
10.1609/AAAI.V34I04.5747,10.1609/aaai.v32i1.11604,CITES,2018
10.1609/AAAI.V34I04.5747,10.17863/CAM.48429,CITES,2017
10.1609/AAAI.V34I04.5747,10.1093/bioinformatics/btx252,CITES,2017
10.1609/AAAI.V34I04.5747,10.1109/CVPR.2018.00275,CITES,2017
10.1609/AAAI.V34I04.5747,10.1145/2766462.2767755,CITES,2015
10.1609/AAAI.V34I04.5747,10.1201/b17320-16,CITES,2008
10.1109/ICDM54844.2022.00169,10.1145/3397191,CITES,2020
10.1145/3397191,10.1109/ICDM.2010.145,CITES,2010
10.1145/3397191,10.1109/TVCG.2006.120,CITES,2006
10.1145/3397191,10.1145/2601438,CITES,2014
10.1145/3397191,10.1109/ICDM.2015.141,CITES,2015
10.1145/3397191,10.1007/s10115-016-0965-5,CITES,2017
10.1145/3397191,10.1007/978-3-319-57454-7_23,CITES,2017
10.1145/3397191,10.1007/s10618-014-0365-y,CITES,2015
10.1145/3397191,10.1109/ACIT.2018.8672689,CITES,2018
10.1145/3397191,10.1109/FOCS.2006.44,CITES,2006
10.1145/3397191,10.1145/2856030,CITES,2016
10.1145/3397191,10.1145/2433396.2433403,CITES,2013
10.1145/3397191,10.1109/ICDMW.2007.35,CITES,2007
10.1145/3397191,10.2307/270991,CITES,1992
10.1145/3397191,10.1016/S0378-8733(99)00006-4,CITES,1999
10.1145/3397191,10.1109/TKDE.2018.2807452,CITES,2018
10.1145/3397191,10.1145/2806416.2806512,CITES,2015
10.1145/3397191,10.1109/MCI.2019.2919396,CITES,2019
10.1145/3397191,10.1145/3132847.3132925,CITES,2017
10.1145/3397191,10.1145/1541880.1541882,CITES,2009
10.1145/3397191,10.1109/TKDE.2010.271,CITES,2012
10.1145/3397191,10.1007/s10844-011-0183-2,CITES,2012
10.1145/3397191,10.1090/cbms/092,CITES,1996
10.1145/3397191,10.1109/TIP.2015.2505184,CITES,2016
10.1145/3397191,10.1145/3097983.3098036,CITES,2017
10.1145/3397191,10.1145/2470654.2466444,CITES,2013
10.1145/3397191,10.1371/journal.pone.0159161,CITES,2016
10.1145/3397191,10.1016/0165-4896(91)90080-B,CITES,1991
10.1145/3397191,10.1080/0022250X.1994.9990134,CITES,1994
10.1145/3397191,10.1145/3041021.3054234,CITES,2017
10.1145/3397191,10.1016/j.socnet.2010.03.004,CITES,2010
10.1145/3397191,10.1016/j.physrep.2009.11.002,CITES,2010
10.1145/3397191,10.1021/ci990262o,CITES,2000
10.1145/3397191,10.14778/2735479.2735490,CITES,2014
10.1145/3397191,10.1145/276627.276652,CITES,1998
10.1145/3397191,10.1145/2487575.2487620,CITES,2013
10.1145/3397191,10.1080/15427951.2013.814092,CITES,2014
10.1145/3397191,10.1016/j.knosys.2018.03.022,CITES,2017
10.1145/3397191,10.1145/2939672.2939754,CITES,2016
10.1145/3397191,10.1109/ICDM.2019.00039,CITES,2019
10.1145/3397191,10.1145/3269206.3271788,CITES,2018
10.1145/3397191,10.1137/1.9781611972801.66,CITES,2010
10.1145/3397191,10.1145/2339530.2339723,CITES,2012
10.1145/3397191,10.1080/01621459.1981.10477598,CITES,1981
10.1145/3397191,10.2307/270703,CITES,1976
10.1145/3397191,10.1109/ICDE.2016.7498256,CITES,2016
10.1145/3397191,10.1145/3292500.3330941,CITES,2019
10.1145/3397191,10.1145/3292500.3330735,CITES,2019
10.1145/3397191,10.1145/3292500.3330992,CITES,2019
10.1145/3397191,10.1145/990308.990313,CITES,2004
10.1145/3397191,10.1137/1.9780898719918,CITES,2011
10.1145/3397191,10.1137/1.9781611973440.11,CITES,2014
10.1145/3397191,10.1088/1742-5468/2011/11/P11005,CITES,2011
10.1145/3397191,10.1145/1772690.1772752,CITES,2010
10.1145/3397191,10.1145/3219819.3219980,CITES,2018
10.1145/3397191,10.1109/ICDM.2018.00043,CITES,2018
10.1145/3397191,10.1007/s10115-019-01394-7,CITES,2020
10.1145/3397191,10.1145/3186727,CITES,2019
10.1145/3397191,10.1080/0022250X.1971.9989788,CITES,1971
10.1145/3397191,10.1006/jtbi.2003.3147,CITES,2003
10.1145/3397191,10.1103/PhysRevE.69.066133,CITES,2003
10.1145/3397191,10.1103/PhysRevE.69.026113,CITES,2003
10.1145/3397191,10.1145/3184558.3191526,CITES,2018
10.1145/3397191,10.1109/TKDE.2019.2947478,CITES,2019
10.1145/3397191,10.1007/11427186_45,CITES,2005
10.1145/3397191,10.1145/2939672.2939751,CITES,2016
10.1145/3397191,10.1137/1.9781611974973.49,CITES,2016
10.1145/3397191,10.1145/2623330.2623732,CITES,2014
10.1145/3397191,10.1109/35021BIGCOMP.2015.7072812,CITES,2015
10.1145/3397191,10.1093/bioinformatics/btl301,CITES,2007
10.1145/3397191,10.1145/3159652.3159706,CITES,2017
10.1145/3397191,10.1103/PhysRevE.76.036106,CITES,2007
10.1145/3397191,10.1002/wics.1347,CITES,2015
10.1145/3397191,10.1109/INFCOM.2012.6195540,CITES,2012
10.1145/3397191,10.1086/267838,CITES,1970
10.1145/3397191,10.1109/TKDE.2014.2349913,CITES,2015
10.1145/3397191,10.1145/3200764,CITES,2018
10.1145/3397191,10.1145/2433396.2433479,CITES,2013
10.1145/3397191,10.1109/TKDE.2018.2878247,CITES,2020
10.1145/3397191,10.1016/0378-8733(78)90014-X,CITES,1978
10.1145/3397191,10.1016/j.cosrev.2007.05.001,CITES,2007
10.1145/3397191,10.1609/aimag.v29i3.2157,CITES,2008
10.1145/3397191,10.1145/2783258.2783321,CITES,2015
10.1145/3397191,10.1137/080744888,CITES,2013
10.1145/3397191,10.1145/2736277.2741093,CITES,2015
10.1145/3397191,10.1007/s10618-010-0210-x,CITES,2011
10.1145/3397191,10.1016/0378-8733(83)90025-4,CITES,1983
10.1145/3397191,10.1109/TNNLS.2020.2978386,CITES,2019
10.1145/3397191,10.1145/3292500.3330921,CITES,2019
10.1145/3397191,10.1109/TII.2019.2947066,CITES,2020
10.1145/3397191,10.1109/ICDM.2016.0072,CITES,2016
10.1109/ICDM54844.2022.00169,10.1145/3292500.3330921,CITES,2019
10.1145/3292500.3330921,10.1016/j.neuroimage.2013.12.015,CITES,2014
10.1145/3292500.3330921,10.1109/ICDM.2005.132,CITES,2005
10.1145/3292500.3330921,10.1038/nrn2575,CITES,2009
10.1145/3292500.3330921,10.1146/annurev-clinpsy-040510-143934,CITES,2011
10.1145/3292500.3330921,10.1523/JNEUROSCI.2965-15.2016,CITES,2016
10.1145/3292500.3330921,10.1016/j.neuron.2014.05.014,CITES,2014
10.1145/3292500.3330921,10.1016/j.neuroimage.2007.03.071,CITES,2007
10.1145/3292500.3330921,10.1016/S0896-6273(02)00569-X,CITES,2002
10.1145/3292500.3330921,10.1017/S0140525X07001185,CITES,2007
10.1145/3292500.3330921,10.1137/1.9781611972832.18,CITES,2013
10.1145/3292500.3330921,10.1145/1150402.1150479,CITES,2006
10.1145/3292500.3330921,10.1214/09-STS282,CITES,2008
10.1145/3292500.3330921,10.1109/ISBI.2017.7950674,CITES,2017
10.1145/3292500.3330921,10.1145/3186727,CITES,2019
10.1145/3292500.3330921,10.1016/S0160-2896(02)00091-0,CITES,2002
10.1145/3292500.3330921,10.1073/pnas.0601602103,CITES,2006
10.1145/3292500.3330921,10.1016/j.neuron.2011.09.006,CITES,2011
10.1145/3292500.3330921,10.1109/ICDM.2017.50,CITES,2017
10.1145/3292500.3330921,10.1109/FTC.2016.7821697,CITES,2016
10.1145/3292500.3330921,10.1109/CVPR.2018.00478,CITES,2018
10.1145/3292500.3330921,10.1016/j.neuroimage.2014.07.051,CITES,2014
10.1145/3292500.3330921,10.1109/ICDM.2009.125,CITES,2009
10.1145/3292500.3330921,10.1016/j.neuroimage.2009.05.069,CITES,2009
10.1145/3292500.3330921,10.1523/JNEUROSCI.1443-09.2009,CITES,2009
10.1145/3292500.3330921,10.1145/3097983.3098164,CITES,2017
10.1145/3292500.3330921,10.1145/3097983.3097988,CITES,2017
10.1145/3292500.3330921,10.1137/1.9781611975321.39,CITES,2018
10.1145/3292500.3330921,10.1109/CVPR.2018.00029,CITES,2018
10.1145/3292500.3330921,10.1609/aaai.v32i1.11782,CITES,2018
10.1109/ICDM54844.2022.00169,10.18653/v1/P19-1247,CITES,2019
10.18653/v1/P19-1247,10.18653/v1/D18-1393,CITES,2018
10.18653/v1/P19-1247,10.1145/3204948,CITES,2018
10.18653/v1/P19-1247,10.1609/icwsm.v12i1.15025,CITES,2018
10.18653/v1/P19-1247,10.18653/v1/P18-2029,CITES,2018
10.18653/v1/P19-1247,10.1145/3184558.3186987,CITES,2018
10.18653/v1/P19-1247,10.1609/icwsm.v12i1.14982,CITES,2018
10.18653/v1/P19-1247,10.1145/3132847.3133150,CITES,2017
10.18653/v1/P19-1247,10.18653/v1/P17-2102,CITES,2017
10.18653/v1/P19-1247,10.1007/978-3-319-93417-4_38,CITES,2017
10.18653/v1/P19-1247,10.18653/v1/D16-1148,CITES,2016
10.18653/v1/P19-1247,10.18653/v1/D16-1152,CITES,2016
10.18653/v1/P19-1247,10.1145/2939672.2939754,CITES,2016
10.18653/v1/P19-1247,10.18653/v1/N16-1174,CITES,2016
10.18653/v1/P19-1247,10.18653/v1/S15-1015,CITES,2015
10.18653/v1/P19-1247,10.1145/2736277.2741093,CITES,2015
10.18653/v1/P19-1247,10.3115/v1/D14-1162,CITES,2014
10.18653/v1/P19-1247,10.3115/v1/D14-1125,CITES,2014
10.18653/v1/P19-1247,10.1162/tacl_a_00184,CITES,2014
10.18653/v1/P19-1247,10.3115/v1/p14-1105,CITES,2014
10.18653/v1/P19-1247,10.1145/2623330.2623732,CITES,2014
10.18653/v1/P19-1247,10.1609/icwsm.v5i1.14108,CITES,2011
10.18653/v1/P19-1247,10.5555/1953048.2078195,CITES,2011
10.18653/v1/P19-1247,10.3115/1690219.1690287,CITES,2009
10.18653/v1/P19-1247,10.3115/1620754.1620827,CITES,2009
10.18653/v1/P19-1247,10.3115/1596276.1596297,CITES,2006
10.18653/v1/P19-1247,10.1093/POQ/NFW007,CITES,2016
10.18653/v1/P19-1247,10.3115/v1/N15-1171,CITES,2015
10.1109/ICDM54844.2022.00169,10.1109/ICCV.2019.00936,CITES,2019
10.1109/ICCV.2019.00936,10.1016/J.AIOPEN.2021.01.001,CITES,2018
10.1109/ICCV.2019.00936,10.1007/978-3-030-01234-2_25,CITES,2018
10.1109/ICCV.2019.00936,10.1007/978-3-030-01246-5_41,CITES,2018
10.1109/ICCV.2019.00936,10.1007/978-3-030-01246-5_21,CITES,2018
10.1109/ICCV.2019.00936,10.1145/3219819.3219890,CITES,2018
10.1109/ICCV.2019.00936,10.18653/v1/P18-1187,CITES,2018
10.1109/ICCV.2019.00936,10.1109/CVPR.2018.00133,CITES,2018
10.1109/ICCV.2019.00936,10.1109/CVPR.2018.00278,CITES,2018
10.1109/ICCV.2019.00936,10.1145/3326362,CITES,2018
10.1109/ICCV.2019.00936,10.1609/aaai.v32i1.12328,CITES,2018
10.1109/ICCV.2019.00936,10.1609/aaai.v32i1.11604,CITES,2018
10.1109/ICCV.2019.00936,10.17863/CAM.48429,CITES,2017
10.1109/ICCV.2019.00936,10.1109/ICCVW.2017.85,CITES,2017
10.1109/ICCV.2019.00936,10.1109/ICCV.2017.556,CITES,2017
10.1109/ICCV.2019.00936,10.1109/ICCVW.2017.90,CITES,2017
10.1109/ICCV.2019.00936,10.1109/3DV.2017.00067,CITES,2017
10.1109/ICCV.2019.00936,10.1093/bioinformatics/btx252,CITES,2017
10.1109/ICCV.2019.00936,10.18653/v1/D17-1209,CITES,2017
10.1109/ICCV.2019.00936,10.1109/CVPR.2017.11,CITES,2017
10.1109/ICCV.2019.00936,10.1162/tacl_a_00049,CITES,2017
10.1109/ICCV.2019.00936,10.1109/ICCV.2017.89,CITES,2017
10.1109/ICCV.2019.00936,10.18653/v1/D17-1159,CITES,2017
10.1109/ICCV.2019.00936,10.1109/WACV.2018.00163,CITES,2017
10.1109/ICCV.2019.00936,10.1109/CVPR.2017.261,CITES,2017
10.1109/ICCV.2019.00936,10.1109/CVPR.2017.330,CITES,2017
10.1109/ICCV.2019.00936,10.1109/CVPR.2017.660,CITES,2016
10.1109/ICCV.2019.00936,10.1109/CVPR.2017.16,CITES,2016
10.1109/ICCV.2019.00936,10.1109/CVPR.2017.701,CITES,2016
10.1109/ICCV.2019.00936,10.1609/aaai.v31i1.10851,CITES,2016
10.1109/ICCV.2019.00936,10.1109/CVPR.2017.243,CITES,2016
10.1109/ICCV.2019.00936,10.1007/978-3-319-46475-6_34,CITES,2016
10.1109/ICCV.2019.00936,10.1109/CVPR.2016.609,CITES,2016
10.1109/ICCV.2019.00936,10.1109/cvpr.2016.90,CITES,2015
10.1109/ICCV.2019.00936,10.1109/CVPR.2016.573,CITES,2015
10.1109/ICCV.2019.00936,10.1109/ICCV.2015.114,CITES,2015
10.1109/ICCV.2019.00936,10.1145/1557019.1557109,CITES,2009
10.1109/ICCV.2019.00936,10.1007/s10115-007-0103-5,CITES,2008
10.1109/ICCV.2019.00936,10.1109/78.157290,CITES,1992
10.1109/ICCV.2019.00936,10.1177/0284185170010S30209,CITES,1970
10.1109/ICCV.2019.00936,10.1109/TNNLS.2020.2978386,CITES,2019
10.1109/ICCV.2019.00936,10.1007/978-3-030-13073-2_10,CITES,2019
10.1109/ICCV.2019.00936,10.2312/3dor.20171047,CITES,2017
10.1109/ICCV.2019.00936,10.1007/978-3-642-75988-8_28,CITES,1989
10.1109/ICDM54844.2022.00169,10.1609/aaai.v32i1.11604,CITES,2018
10.1609/aaai.v32i1.11604,10.1090/cbms/129/05,CITES,2019
10.1609/aaai.v32i1.11604,10.1007/978-3-319-55699-4_40,CITES,2016
10.1609/aaai.v32i1.11604,10.1109/MSP.2017.2693418,CITES,2016
10.1609/aaai.v32i1.11604,10.1126/science.aab3050,CITES,2015
10.1609/aaai.v32i1.11604,10.1145/2623330.2623732,CITES,2014
10.1609/aaai.v32i1.11604,10.1109/MSP.2012.2235192,CITES,2012
10.1609/aaai.v32i1.11604,10.1109/TSP.2013.2238935,CITES,2012
10.1609/aaai.v32i1.11604,10.1016/J.ACHA.2010.04.005,CITES,2009
10.1609/aaai.v32i1.11604,10.1007/978-3-642-04174-7_29,CITES,2009
10.1609/aaai.v32i1.11604,10.1007/978-3-031-01548-9,CITES,2009
10.1609/aaai.v32i1.11604,10.1201/b17320-16,CITES,2008
10.1609/aaai.v32i1.11604,10.1145/1390156.1390303,CITES,2008
10.1609/aaai.v32i1.11604,10.1007/s11222-007-9033-z,CITES,2007
10.1609/aaai.v32i1.11604,10.1145/1015330.1015429,CITES,2004
10.1609/aaai.v32i1.11604,10.1184/R1/6606860.V1,CITES,2001
10.1609/aaai.v32i1.11604,10.1145/218380.218473,CITES,1995
10.1609/aaai.v32i1.11604,10.1086/jar.33.4.3629752,CITES,1977
10.1109/ICDM54844.2022.00169,10.17863/CAM.48429,CITES,2017
10.17863/CAM.48429,10.1093/bioinformatics/btx252,CITES,2017
10.17863/CAM.48429,10.1109/CVPRW.2017.156,CITES,2016
10.17863/CAM.48429,10.1109/CVPR.2017.576,CITES,2016
10.17863/CAM.48429,10.18653/v1/P17-1012,CITES,2016
10.17863/CAM.48429,10.18653/v1/D16-1053,CITES,2016
10.17863/CAM.48429,10.1109/cvpr.2016.90,CITES,2015
10.17863/CAM.48429,10.3115/v1/D14-1179,CITES,2014
10.17863/CAM.48429,10.1145/2623330.2623732,CITES,2014
10.17863/CAM.48429,10.1201/b17320-16,CITES,2008
10.17863/CAM.48429,10.1145/1390156.1390303,CITES,2008
10.17863/CAM.48429,10.1109/IJCNN.2005.1555942,CITES,2005
10.17863/CAM.48429,10.1073/PNAS.0506580102,CITES,2005
10.17863/CAM.48429,10.1007/978-1-4899-7687-1_100268,CITES,2003
10.17863/CAM.48429,10.1126/SCIENCE.290.5500.2323,CITES,2000
10.17863/CAM.48429,10.1109/72.712151,CITES,1998
10.17863/CAM.48429,10.1162/neco.1997.9.8.1735,CITES,1997
10.17863/CAM.48429,10.1109/72.572108,CITES,1997
10.17863/CAM.48429,10.5555/2627435.2670313,CITES,2014
10.17863/CAM.48429,10.1109/TNN.2008.2005605,CITES,2009
10.1109/ICDM54844.2022.00169,10.14778/2735479.2735490,CITES,2014
10.14778/2735479.2735490,10.1145/303976.303983,CITES,1999
10.14778/2735479.2735490,10.1109/ICDM.2009.135,CITES,2009
10.14778/2735479.2735490,10.1016/S0169-7552(98)00110-X,CITES,1998
10.14778/2735479.2735490,10.1137/1.9781611972818.12,CITES,2011
10.14778/2735479.2735490,10.1007/s11263-006-7899-4,CITES,2006
10.14778/2735479.2735490,10.1145/1066157.1066176,CITES,2005
10.14778/2735479.2735490,10.14778/1687627.1687629,CITES,2009
10.14778/2735479.2735490,10.1145/1807167.1807193,CITES,2010
10.14778/2735479.2735490,10.1145/1247480.1247631,CITES,2007
10.14778/2735479.2735490,10.1109/ICDE.2003.1260817,CITES,
10.14778/2735479.2735490,10.1109/TKDE.2003.1208999,CITES,2003
10.14778/2735479.2735490,10.1080/03081088108817379,CITES,1981
10.14778/2735479.2735490,10.1109/ICDE.2011.5767883,CITES,2011
10.14778/2735479.2735490,10.1145/872757.872798,CITES,2003
10.14778/2735479.2735490,10.14778/1687627.1687650,CITES,2009
10.14778/2735479.2735490,10.1137/1.9781611973440.11,CITES,2014
10.14778/2735479.2735490,10.1137/1.9781611972832.18,CITES,2013
10.14778/2735479.2735490,10.1073/pnas.1312486110,CITES,2013
10.14778/2735479.2735490,10.1109/18.910572,CITES,2001
10.14778/2735479.2735490,10.1145/1557019.1557155,CITES,2009
10.14778/2735479.2735490,10.1145/1348549.1348550,CITES,2007
10.14778/2735479.2735490,10.1109/TIT.2007.909166,CITES,2007
10.14778/2735479.2735490,10.1145/2588555.2610519,CITES,2014
10.14778/2735479.2735490,10.1145/1242572.1242600,CITES,2007
10.14778/2735479.2735490,10.1090/S0002-9904-1934-05899-3,CITES,1934
10.14778/2735479.2735490,10.1609/aimag.v29i3.2157,CITES,2008
10.14778/2735479.2735490,10.14778/2078331.2078332,CITES,2011
10.14778/2735479.2735490,10.1145/1142473.1142476,CITES,2006
10.14778/2735479.2735490,10.1109/ICDM.2006.70,CITES,2006
10.14778/2735479.2735490,10.1162/089976600300015880,CITES,2000
10.1109/ICDM54844.2022.00169,10.1145/1557019.1557108,CITES,2009
10.1145/1557019.1557108,10.1103/RevModPhys.74.47,CITES,2002
10.1145/1557019.1557108,10.1145/1401890.1401897,CITES,2008
10.1145/1557019.1557108,10.1145/1008992.1009000,CITES,2004
10.1145/1557019.1557108,10.1145/1401890.1401914,CITES,2008
10.1145/1557019.1557108,10.1145/1242572.1242610,CITES,2007
10.1145/1557019.1557108,10.1145/1242572.1242635,CITES,2007
10.1145/1557019.1557108,10.1145/316188.316229,CITES,1999
10.1145/1557019.1557108,10.1145/347090.347121,CITES,2000
10.1145/1557019.1557108,10.1086/225469,CITES,1973
10.1145/1557019.1557108,10.1145/312624.312649,CITES,1999
10.1145/1557019.1557108,10.1109/18.910572,CITES,2001
10.1145/1557019.1557108,10.1145/1367497.1367512,CITES,2008
10.1145/1557019.1557108,10.1109/ICDM.2008.142,CITES,2008
10.1145/1557019.1557108,10.1145/1367497.1367586,CITES,2008
10.1145/1557019.1557108,10.1038/35065725,CITES,2001
10.1145/1557019.1557108,10.1109/ICDM.2008.71,CITES,2008
10.1145/1557019.1557108,10.1145/1401890.1402008,CITES,2008
10.1145/1557019.1557108,10.1017/CBO9780511815478,CITES,1994
10.1109/ICDM54844.2022.00169,10.1201/b17320-16,CITES,2008
10.1109/ICDM54844.2022.00169,10.1145/1242572.1242600,CITES,2007
10.1145/1242572.1242600,10.1109/MC.2004.165,CITES,2004
10.1145/1242572.1242600,10.1111/1467-6451.00180,CITES,2002
10.1145/1242572.1242600,10.1145/1081870.1081922,CITES,2005
10.1145/1242572.1242600,10.1145/1081870.1081898,CITES,2005
10.1145/1242572.1242600,10.1145/355112.355122,CITES,2000
10.1145/1242572.1242600,10.1109/TNET.2003.815300,CITES,2003
10.1145/1242572.1242600,10.1145/1066157.1066273,CITES,2005
10.1145/1242572.1242600,10.1145/1081870.1081908,CITES,2005
10.1145/1242572.1242600,10.1145/1150402.1150506,CITES,2006
10.1109/ICDM54844.2022.00169,10.1103/PhysRevLett.89.208701,CITES,2002
10.1103/PhysRevLett.89.208701,10.1109/INFCOM.2002.1019306,CITES,2002
10.1103/PhysRevLett.89.208701,10.1103/PhysRevE.65.056109,CITES,2002
10.1103/PhysRevLett.89.208701,10.1103/PhysRevE.65.036104,CITES,2001
10.1103/PhysRevLett.89.208701,10.1080/00018730110112519,CITES,2001
10.1103/PhysRevLett.89.208701,10.1103/RevModPhys.74.47,CITES,2002
10.1103/PhysRevLett.89.208701,10.1038/35075138,CITES,2001
10.1103/PhysRevLett.89.208701,10.1103/PhysRevE.64.041902,CITES,2001
10.1103/PhysRevLett.89.208701,10.1038/35065725,CITES,2001
10.1103/PhysRevLett.89.208701,10.1103/PHYSREVLETT.85.4633,CITES,2000
10.1103/PhysRevLett.89.208701,10.1103/PhysRevE.63.066123,CITES,2000
10.1103/PhysRevLett.89.208701,10.1103/PhysRevLett.86.3682,CITES,2000
10.1103/PhysRevLett.89.208701,10.1038/35019019,CITES,2000
10.1103/PhysRevLett.89.208701,10.1103/PhysRevLett.85.5468,CITES,2000
10.1103/PhysRevLett.89.208701,10.1103/PhysRevE.64.026118,CITES,2000
10.1103/PhysRevLett.89.208701,10.1073/pnas.98.2.404,CITES,2000
10.1103/PhysRevLett.89.208701,10.1103/PhysRevLett.85.4626,CITES,2000
10.1103/PhysRevLett.89.208701,10.1103/PhysRevLett.85.4629,CITES,2000
10.1103/PhysRevLett.89.208701,10.1126/SCIENCE.287.5461.2115A,CITES,2000
10.1103/PhysRevLett.89.208701,10.1073/pnas.200327197,CITES,2000
10.1103/PhysRevLett.89.208701,10.1126/science.286.5439.509,CITES,1999
10.1103/PhysRevLett.89.208701,10.1145/316188.316229,CITES,1999
10.1103/PhysRevLett.89.208701,10.1038/43601,CITES,1999
10.1103/PhysRevLett.89.208701,10.1038/30918,CITES,1998
10.1103/PhysRevLett.89.208701,10.2307/3546201,CITES,1996
10.1103/PhysRevLett.89.208701,10.1002/RSA.3240060204,CITES,1995
10.1103/PhysRevLett.89.208701,10.1038/365437A0,CITES,1993
10.1103/PhysRevLett.89.208701,10.1145/147135.1040001,CITES,1992
10.1103/PhysRevLett.89.208701,10.2307/2937047,CITES,1991
10.1103/PhysRevLett.89.208701,10.1016/0097-3165(78)90059-6,CITES,1978
10.1103/PhysRevLett.89.208701,10.1002/ASI.4630270505,CITES,1976
10.1103/PhysRevLett.89.208701,10.1126/SCIENCE.149.3683.510,CITES,1965
10.1103/PhysRevLett.89.208701,10.1093/BIOMET/42.3-4.425,CITES,1955
10.1103/PhysRevLett.89.208701,10.1126/science.71.1829.63,CITES,1930
