Community,DOI,PaperTitle,Abstract,Macro_Community
0,10.1145/3543873.3587570,Graph Embedding for Mapping Interdisciplinary Research Networks,"Representation learning is the frst step in automating tasks such as research paper recommendation, classifcation, and retrieval. Due to the accelerating rate of research publication, together with the recognised benefts of interdisciplinary research, systems that facilitate researchers in discovering and understanding relevant works from beyond their immediate school of knowledge are vital. This work explores diferent methods of research paper representation (or document embedding), to identify those methods that are capable of preserving the interdisciplinary implications of research papers in their embeddings. In addition to evaluating state of the art methods of document embedding in a interdisciplinary citation prediction task, we propose a novel Graph Neural Network architecture designed to preserve the key interdisciplinary implications of research articles in citation network node embeddings. Our proposed method outperforms other GNN-based methods in interdisciplinary citation prediction, without compromising overall citation prediction performance.",7
0,10.1609/AAAI.V34I04.5747,Measuring and relieving the over-smoothing problem for graph neural networks from the topological view,"Graph Neural Networks (GNNs) have achieved promising performance on a wide range of graph-based tasks. Despite their success, one severe limitation of GNNs is the over-smoothing issue (indistinguishable representations of nodes in different classes). In this work, we present a systematic and quantitative study on the over-smoothing issue of GNNs. First, we introduce two quantitative metrics, MAD and MADGap, to measure the smoothness and over-smoothness of the graph nodes representations, respectively. Then, we verify that smoothing is the nature of GNNs and the critical factor leading to over-smoothness is the low information-to-noise ratio of the message received by the nodes, which is partially determined by the graph topology. Finally, we propose two methods to alleviate the over-smoothing issue from the topological view: (1) MADReg which adds a MADGap-based regularizer to the training objective; (2) AdaEdge which optimizes the graph topology based on the model predictions. Extensive experiments on 7 widely-used graph datasets with 10 typical GNN models show that the two proposed methods are effective for relieving the over-smoothing issue, thus improving the performance of various GNN models.",7
0,10.24963/ijcai.2019/564,Dual Self-Paced Graph Convolutional Network: Towards Reducing Attribute Distortions Induced by Topology,"The success of graph convolutional neural networks (GCNNs) based semi-supervised node classification is credited to the attribute smoothing (propagating) over the topology. However, the attributes may be interfered by the utilization of the topology information. This distortion will induce a certain amount of misclassifications of the nodes, which can be correctly predicted with only the attributes. By analyzing the impact of the edges in attribute propagations, the simple edges, which connect two nodes with similar attributes, should be given priority during the training process compared to the complex ones according to curriculum learning. To reduce the distortions induced by the topology while exploit more potentials of the attribute information, Dual Self-Paced Graph Convolutional Network (DSP-GCN) is proposed in this paper. Specifically, the unlabelled nodes with confidently predicted labels are gradually added into the training set in the node-level self-paced learning, while edges are gradually, from the simple edges to the complex ones, added into the graph during the training process in the edge-level self-paced learning. These two learning strategies are designed to mutually reinforce each other by coupling the selections of the edges and unlabelled nodes. Experimental results of transductive semi-supervised node classification on many real networks indicate that the proposed DSP-GCN has successfully reduced the attribute distortions induced by the topology while it gives superior performances with only one graph convolutional layer.",7
0,10.24963/ijcai.2019/563,Topology Optimization based Graph Convolutional Network,"In the past few years, semi-supervised node classification in attributed network has been developed rapidly. Inspired by the success of deep learning, researchers adopt the convolutional neural network to develop the Graph Convolutional Networks (GCN), and they have achieved surprising classification accuracy by considering the topological information and employing the fully connected network (FCN). However, the given network topology may also induce a performance degradation if it is directly employed in classification, because it may possess high sparsity and certain noises. Besides, the lack of learnable filters in GCN also limits the performance. In this paper, we propose a novel Topology Optimization based Graph Convolutional Networks (TO-GCN) to fully utilize the potential information by jointly refining the network topology and learning the parameters of the FCN. According to our derivations, TO-GCN is more flexible than GCN, in which the filters are fixed and only the classifier can be updated during the learning process. Extensive experiments on real attributed networks demonstrate the superiority of the proposed TO-GCN against the state-of-the-art approaches.",7
0,10.18653/v1/P19-1479,Coherent Comments Generation for Chinese Articles with a Graph-to-Sequence Model,"Automatic article commenting is helpful in encouraging user engagement on online news platforms. However, the news documents are usually too long for models under traditional encoder-decoder frameworks, which often results in general and irrelevant comments. In this paper, we propose to generate comments with a graph-to-sequence model that models the input news as a topic interaction graph. By organizing the article into graph structure, our model can better understand the internal structure of the article and the connection between topics, which makes it better able to generate coherent and informative comments. We collect and release a large scale news-comment corpus from a popular Chinese online news platform Tencent Kuaibao. Extensive experiment results show that our model can generate much more coherent and informative comments compared with several strong baseline models.",7
0,10.1109/ICCV.2019.00936,DeepGCNs: Can GCNs Go As Deep As CNNs?,"Convolutional Neural Networks (CNNs) achieve impressive performance in a wide variety of fields. Their success benefited from a massive boost when very deep CNN models were able to be reliably trained. Despite their merits, CNNs fail to properly address problems with non-Euclidean data. To overcome this challenge, Graph Convolutional Networks (GCNs) build graphs to represent non-Euclidean data, borrow concepts from CNNs, and apply them in training. GCNs show promising results, but they are usually limited to very shallow models due to the vanishing gradient problem. As a result, most state-of-the-art GCN models are no deeper than 3 or 4 layers. In this work, we present new ways to successfully train very deep GCNs. We do this by borrowing concepts from CNNs, specifically residual/dense connections and dilated convolutions, and adapting them to GCN architectures. Extensive experiments show the positive effect of these deep GCN frameworks. Finally, we use these new concepts to build a very deep 56-layer GCN, and show how it significantly boosts performance (+3.7% mIoU over state-of-the-art) in the task of point cloud semantic segmentation. We believe that the community can greatly benefit from this work, as it opens up many opportunities for advancing GCN-based research.",7
0,10.1609/AAAI.V34I04.5984,EvolveGCN: Evolving Graph Convolutional Networks for Dynamic Graphs,"Graph representation learning resurges as a trending research subject owing to the widespread use of deep learning for Euclidean data, which inspire various creative designs of neural networks in the non-Euclidean domain, particularly graphs. With the success of these graph neural networks (GNN) in the static setting, we approach further practical scenarios where the graph dynamically evolves. Existing approaches typically resort to node embeddings and use a recurrent neural network (RNN, broadly speaking) to regulate the embeddings and learn the temporal dynamics. These methods require the knowledge of a node in the full time span (including both training and testing) and are less applicable to the frequent change of the node set. In some extreme scenarios, the node sets at different time steps may completely differ. To resolve this challenge, we propose EvolveGCN, which adapts the graph convolutional network (GCN) model along the temporal dimension without resorting to node embeddings. The proposed approach captures the dynamism of the graph sequence through using an RNN to evolve the GCN parameters. Two architectures are considered for the parameter evolution. We evaluate the proposed approach on tasks including link prediction, edge classification, and node classification. The experimental results indicate a generally higher performance of EvolveGCN compared with related approaches. The code is available at https://github.com/IBM/EvolveGCN.",7
0,10.1016/j.patcog.2020.107637,Hypergraph Convolution and Hypergraph Attention,,7
0,10.1109/TPAMI.2021.3054830,Graph Neural Networks With Convolutional ARMA Filters,"Popular graph neural networks implement convolution operations on graphs based on polynomial spectral filters. In this paper, we propose a novel graph convolutional layer inspired by the auto-regressive moving average (ARMA) filter that, compared to polynomial ones, provides a more flexible frequency response, is more robust to noise, and better captures the global graph structure. We propose a graph neural network implementation of the ARMA filter with a recursive and distributed formulation, obtaining a convolutional layer that is efficient to train, localized in the node space, and can be transferred to new graphs at test time. We perform a spectral analysis to study the filtering effect of the proposed ARMA layer and report experiments on four downstream tasks: semi-supervised node classification, graph signal classification, graph classification, and graph regression. Results show that the proposed ARMA layer brings significant improvements over graph neural networks based on polynomial filters.",7
0,10.1016/J.AIOPEN.2021.01.001,Graph Neural Networks: A Review of Methods and Applications,,7
0,10.1609/aaai.v33i01.33014602,Weisfeiler and Leman Go Neural: Higher-order Graph Neural Networks,"In recent years, graph neural networks (GNNs) have emerged as a powerful neural architecture to learn vector representations of nodes and graphs in a supervised, end-to-end fashion. Up to now, GNNs have only been evaluated empirically—showing promising results. The following work investigates GNNs from a theoretical point of view and relates them to the 1-dimensional Weisfeiler-Leman graph isomorphism heuristic (1-WL). We show that GNNs have the same expressiveness as the 1-WL in terms of distinguishing non-isomorphic (sub-)graphs. Hence, both algorithms also have the same shortcomings. Based on this, we propose a generalization of GNNs, so-called k-dimensional GNNs (k-GNNs), which can take higher-order graph structures at multiple scales into account. These higher-order structures play an essential role in the characterization of social networks and molecule graphs. Our experimental evaluation confirms our theoretical findings as well as confirms that higher-order information is useful in the task of graph classification and regression.",7
0,10.1609/aaai.v32i1.11604,Deeper Insights into Graph Convolutional Networks for Semi-Supervised Learning,"Many interesting problems in machine learning are being revisited with new deep learning tools. For graph-based semi-supervised learning, a recent important development is graph convolutional networks (GCNs), which nicely integrate local vertex features and graph topology in the convolutional layers. Although the GCN model compares favorably with other state-of-the-art methods, its mechanisms are not clear and it still requires considerable amount of labeled data for validation and model selection. In this paper, we develop deeper insights into the GCN model and address its fundamental limits. First, we show that the graph convolution of the GCN model is actually a special form of Laplacian smoothing, which is the key reason why GCNs work, but it also brings potential concerns of over-smoothing with many convolutional layers. Second, to overcome the limits of the GCN model with shallow architectures, we propose both co-training and self-training approaches to train GCNs. Our approaches significantly improve GCNs in learning with very few labels, and exempt them from requiring additional labels for validation. Extensive experiments on benchmarks have verified our theory and proposals.",7
0,10.17863/CAM.48429,Graph Attention Networks,"We present graph attention networks (GATs), novel neural network architectures that operate on graph-structured data, leveraging masked self-attentional layers to address the shortcomings of prior methods based on graph convolutions or their approximations. By stacking layers in which nodes are able to attend over their neighborhoods' features, we enable (implicitly) specifying different weights to different nodes in a neighborhood, without requiring any kind of costly matrix operation (such as inversion) or depending on knowing the graph structure upfront. In this way, we address several key challenges of spectral-based graph neural networks simultaneously, and make our model readily applicable to inductive as well as transductive problems. Our GAT models have achieved or matched state-of-the-art results across four established transductive and inductive graph benchmarks: the Cora, Citeseer and Pubmed citation network datasets, as well as a protein-protein interaction dataset (wherein test graphs remain unseen during training).",7
0,10.1093/bioinformatics/btx252,Predicting multicellular function through multi-layer tissue networks,"Motivation: Understanding functions of proteins in specific human tissues is essential for insights into disease diagnostics and therapeutics, yet prediction of tissue‐specific cellular function remains a critical challenge for biomedicine. Results: Here, we present OhmNet, a hierarchy‐aware unsupervised node feature learning approach for multi‐layer networks. We build a multi‐layer network, where each layer represents molecular interactions in a different human tissue. OhmNet then automatically learns a mapping of proteins, represented as nodes, to a neural embedding‐based low‐dimensional space of features. OhmNet encourages sharing of similar features among proteins with similar network neighborhoods and among proteins activated in similar tissues. The algorithm generalizes prior work, which generally ignores relationships between tissues, by modeling tissue organization with a rich multiscale tissue hierarchy. We use OhmNet to study multicellular function in a multi‐layer protein interaction network of 107 human tissues. In 48 tissues with known tissue‐specific cellular functions, OhmNet provides more accurate predictions of cellular function than alternative approaches, and also generates more accurate hypotheses about tissue‐specific protein actions. We show that taking into account the tissue hierarchy leads to improved predictive power. Remarkably, we also demonstrate that it is possible to leverage the tissue hierarchy in order to effectively transfer cellular functions to a functionally uncharacterized tissue. Overall, OhmNet moves from flat networks to multiscale models able to predict a range of phenotypes spanning cellular subsystems. Availability and implementation: Source code and datasets are available at http://snap.stanford.edu/ohmnet. Contact: jure@cs.stanford.edu",7
0,10.1109/CVPR.2018.00275,FeaStNet: Feature-Steered Graph Convolutions for 3D Shape Analysis,"Convolutional neural networks (CNNs) have massively impacted visual recognition in 2D images, and are now ubiquitous in state-of-the-art approaches. CNNs do not easily extend, however, to data that are not represented by regular grids, such as 3D shape meshes or other graph-structured data, to which traditional local convolution operators do not directly apply. To address this problem, we propose a novel graph-convolution operator to establish correspondences between filter weights and graph neighborhoods with arbitrary connectivity. The key novelty of our approach is that these correspondences are dynamically computed from features learned by the network, rather than relying on predefined static coordinates over the graph as in previous work. We obtain excellent experimental results that significantly improve over previous state-of-the-art shape correspondence results. This shows that our approach can learn effective shape representations from raw input coordinates, without relying on shape descriptors.",7
0,10.1145/2766462.2767755,Image-Based Recommendations on Styles and Substitutes,"Humans inevitably develop a sense of the relationships between objects, some of which are based on their appearance. Some pairs of objects might be seen as being alternatives to each other (such as two pairs of jeans), while others may be seen as being complementary (such as a pair of jeans and a matching shirt). This information guides many of the choices that people make, from buying clothes to their interactions with each other. We seek here to model this human sense of the relationships between objects based on their appearance. Our approach is not based on fine-grained modeling of user annotations but rather on capturing the largest dataset possible and developing a scalable method for uncovering human notions of the visual relationships within. We cast this as a network inference problem defined on graphs of related images, and provide a large-scale dataset for the training and evaluation of the same. The system we develop is capable of recommending which clothes and accessories will go well together (and which will not), amongst a host of other applications.",7
0,10.1201/b17320-16,Collective Classification in Network Data,,7
0,10.1145/3397191,On Proximity and Structural Role-based Embeddings in Networks,"Structural roles define sets of structurally similar nodes that are more similar to nodes inside the set than outside, whereas communities define sets of nodes with more connections inside the set than outside. Roles based on structural similarity and communities based on proximity are fundamentally different but important complementary notions. Recently, the notion of structural roles has become increasingly important and has gained a lot of attention due to the proliferation of work on learning representations (node/edge embeddings) from graphs that preserve the notion of roles. Unfortunately, recent work has sometimes confused the notion of structural roles and communities (based on proximity) leading to misleading or incorrect claims about the capabilities of network embedding methods. As such, this article seeks to clarify the misconceptions and key differences between structural roles and communities, and formalize the general mechanisms (e.g., random walks and feature diffusion) that give rise to community- or role-based structural embeddings. We theoretically prove that embedding methods based on these mechanisms result in either community- or role-based structural embeddings. These mechanisms are typically easy to identify and can help researchers quickly determine whether a method preserves community- or role-based embeddings. Furthermore, they also serve as a basis for developing new and improved methods for community- or role-based structural embeddings. Finally, we analyze and discuss applications and data characteristics where community- or role-based embeddings are most appropriate.",7
0,10.1109/ICDM54844.2022.00169,Two Sides of the Same Coin: Heterophily and Oversmoothing in Graph Convolutional Neural Networks,"In node classification tasks, graph convolutional neural networks (GCNs) have demonstrated competitive performance over traditional methods on diverse graph data. However, it is known that the performance of GCNs degrades with increasing number of layers (oversmoothing problem) and recent studies have also shown that GCNs may perform worse in heterophilous graphs, where neighboring nodes tend to belong to different classes (heterophily problem). These two problems are usually viewed as unrelated, and thus are studied independently, often at the graph filter level from a spectral perspective.We are the first to take a unified perspective to jointly explain the oversmoothing and heterophily problems at the node level. Specifically, we profile the nodes via two quantitative metrics: the relative degree of a node (compared to its neighbors) and the node-level heterophily. Our theory shows that the interplay of these two profiling metrics defines three cases of node behaviors, which explain the oversmoothing and heterophily problems jointly and can predict the performance of GCNs. Based on insights from our theory, we show theoretically and empirically the effectiveness of two strategies: structure-based edge correction, which learns corrected edge weights from structural properties (i.e., degrees), and feature-based edge correction, which learns signed edge weights from node features. Compared to other approaches, which tend to handle well either heterophily or oversmoothing, we show that our model, GGCN, which incorporates the two strategies performs well in both problems. We provide a longer version of this paper in [1] and codes on https://github.com/YujunYan/Heterophily_and_oversmoothing.",7
0,10.1109/icassp43922.2022.9747635,Memory-Based Message Passing: Decoupling the Message for Propagation from Discrimination,"Message passing is a fundamental procedure for graph neural networks in the field of graph representation learning. Based on the homophily assumption, the current message passing always aggregates features of connected nodes, such as the graph Laplacian smoothing process. However, real-world graphs tend to be noisy and/or non-smooth. The homophily assumption does not always hold, leading to sub-optimal results. A revised message passing method needs to maintain each node’s discriminative ability when aggregating the message from neighbors. To this end, we propose a Memory-based Message Passing (MMP) method to decouple the message of each node into a self-embedding part for discrimination and a memory part for propagation. Furthermore, we develop a control mechanism and a decoupling regularization to control the ratio of absorbing and excluding the message in the memory for each node. More importantly, our MMP is a general skill that can work as an additional layer to help improve traditional GNNs performance. Extensive experiments on various datasets with different homophily ratios demonstrate the effectiveness and robustness of the proposed method.",7
0,10.1145/3534678.3539418,How does Heterophily Impact the Robustness of Graph Neural Networks?: Theoretical Connections and Practical Implications,"We bridge two research directions on graph neural networks (GNNs), by formalizing the relation between heterophily of node labels (i.e., connected nodes tend to have dissimilar labels) and the robustness of GNNs to adversarial attacks. Our theoretical and empirical analyses show that for homophilous graph data, impactful structural attacks always lead to reduced homophily, while for heterophilous graph data the change in the homophily level depends on the node degrees. These insights have practical implications for defending against attacks on real-world graphs: we deduce that separate aggregators for ego- and neighbor-embeddings, a design principle which has been identified to significantly improve prediction for heterophilous graph data, can also offer increased robustness to GNNs. Our comprehensive experiments show that GNNs merely adopting this design achieve improved empirical and certifiable robustness compared to the best-performing unvaccinated model. Additionally, combining this design with explicit defense mechanisms against adversarial attacks leads to an improved robustness with up to 18.33% performance increase under attacks compared to the best-performing vaccinated model.",7
0,10.1609/aaai.v35i5.16514,Beyond Low-frequency Information in Graph Convolutional Networks,"Graph neural networks (GNNs) have been proven to be effective in various network-related tasks. Most existing GNNs usually exploit the low-frequency signals of node features, which gives rise to one fundamental question: is the low-frequency information all we need in the real world applications? In this paper, we first present an experimental investigation assessing the roles of low-frequency and high-frequency signals, where the results clearly show that exploring low-frequency signal only is distant from learning an effective node representation in different scenarios. How can we adaptively learn more information beyond low-frequency information in GNNs? A well-informed answer can help GNNs enhance the adaptability. We tackle this challenge and propose a novel Frequency Adaptation Graph Convolutional Networks (FAGCN) with a self-gating mechanism, which can adaptively integrate different signals in the process of message passing. For a deeper understanding, we theoretically analyze the roles of low-frequency signals and high-frequency signals on learning node representations, which further explains why FAGCN can perform well on different types of networks. Extensive experiments on six real-world networks validate that FAGCN not only alleviates the over-smoothing problem, but also has advantages over the state-of-the-arts.",7
0,10.1609/aaai.v35i12.17332,Graph Neural Networks with Heterophily,"Graph Neural Networks (GNNs) have proven to be useful for many different practical applications. However, many existing GNN models have implicitly assumed homophily among the nodes connected in the graph, and therefore have largely overlooked the important setting of heterophily, where most connected nodes are from different classes. In this work, we propose a novel framework called CPGNN that generalizes GNNs for graphs with either homophily or heterophily. The proposed framework incorporates an interpretable compatibility matrix for modeling the heterophily or homophily level in the graph, which can be learned in an end-to-end fashion, enabling it to go beyond the assumption of strong homophily. Theoretically, we show that replacing the compatibility matrix in our framework with the identity (which represents pure homophily) reduces to GCN. Our extensive experiments demonstrate the effectiveness of our approach in more realistic and challenging experimental settings with significantly less training data compared to previous works: CPGNN variants achieve state-of-the-art results in heterophily settings with or without contextual node features, while maintaining comparable performance in homophily settings.",7
0,10.1145/3459637.3482488,Understanding and Resolving Performance Degradation in Deep Graph Convolutional Networks,"A Graph Convolutional Network (GCN) stacks several layers and in each layer performs a PROPagation operation~(PROP) and a TRANsformation operation~(TRAN) for learning node representations over graph-structured data. Though powerful, GCNs tend to suffer performance drop when the model gets deep. Previous works focus on PROPs to study and mitigate this issue, but the role of TRANs is barely investigated. In this work, we study performance degradation of GCNs by experimentally examining how stacking only TRANs or PROPs works. We find that TRANs contribute significantly, or even more than PROPs, to declining performance, and moreover that they tend to amplify node-wise feature variance in GCNs, causing variance inflammation that we identify as a key factor for causing performance drop. Motivated by such observations, we propose a variance-controlling technique termed Node Normalization (NodeNorm), which scales each node's features using its own standard deviation. Experimental results validate the effectiveness of NodeNorm on addressing performance degradation of GCNs. Specifically, it enables deep GCNs to outperform shallow ones in cases where deep models are needed, and to achieve comparable results with shallow ones on 6 benchmark datasets. NodeNorm is a generic plug-in and can well generalize to other GNN architectures. Code is publicly available at https://github.com/miafei/NodeNorm.",7
0,10.1109/TPAMI.2021.3134200,Non-Local Graph Neural Networks,"Modern graph neural networks (GNNs) learn node embeddings through multilayer local aggregation and achieve great success in applications on assortative graphs. However, tasks on disassortative graphs usually require non-local aggregation. In addition, we find that local aggregation is even harmful for some disassortative graphs. In this work, we propose a simple yet effective non-local aggregation framework with an efficient attention-guided sorting for GNNs. Based on it, we develop various non-local GNNs. We perform thorough experiments to analyze disassortative graph datasets and evaluate our non-local GNNs. Experimental results demonstrate that our non-local GNNs significantly outperform previous state-of-the-art methods on seven benchmark datasets of disassortative graphs, in terms of both model performance and efficiency.",7
0,10.1093/comnet/cnab014,Multi-scale Attributed Node Embedding,"We present network embedding algorithms that capture information about a node from the local distribution over node attributes around it, as observed over random walks following an approach similar to Skip-gram. Observations from neighbourhoods of different sizes are either pooled (AE) or encoded distinctly in a multi-scale approach (MUSAE). Capturing attribute-neighbourhood relationships over multiple scales is useful for a range of applications, including latent feature identification across disconnected networks with similar features. We prove theoretically that matrices of node-feature pointwise mutual information are implicitly factorized by the embeddings. Experiments show that our algorithms are computationally efficient and outperform comparable models on social networks and web graphs.",7
0,10.1145/3292500.3330921,"GroupINN: Grouping-based Interpretable Neural Network for Classification of Limited, Noisy Brain Data","Mapping the human brain, or understanding how certain brain regions relate to specific aspects of cognition, has been and remains an active area of neuroscience research. Functional magnetic resonance imaging (fMRI) data---in the form of images, time series or graphs---are central in this research, but pose many challenges in phenotype prediction tasks (e.g., noisy, small training samples). Standardly employed handcrafted models and newly proposed neural network methods pose limitations in the expressive power and interpretability, respectively, in this context. In this work focusing on fMRI-derived brain graphs, a modality that partially handles some challenges of fMRI data, we propose a grouping-based interpretable neural network model, GroupINN, that effectively classifies cognitive performance with 85% fewer model parameters than baseline deep models, while also identifying the most predictive brain subnetworks within several task-specific contexts. Our method incorporates the idea of node grouping into the design of the neural network. That way, unlike other methods that employ clustering as a preprocessing step to reorder nodes, GroupINN learns the node grouping and extracts graph features jointly. Experiments on task-based fMRI datasets show that our method is $2.6-69\times$ faster than other deep models, while achieving comparable or better accuracy and providing interpretability.",7
0,10.18653/v1/P19-1247,Encoding Social Information with Graph Convolutional Networks forPolitical Perspective Detection in News Media,"Identifying the political perspective shaping the way news events are discussed in the media is an important and challenging task. In this paper, we highlight the importance of contextualizing social information, capturing how this information is disseminated in social networks. We use Graph Convolutional Networks, a recently proposed neural architecture for representing relational information, to capture the documents’ social context. We show that social information can be used effectively as a source of distant supervision, and when direct supervision is available, even little social information can significantly improve performance.",7
0,10.14778/2735479.2735490,Linearized and Single-Pass Belief Propagation,,7
0,10.1145/1557019.1557108,Social influence analysis in large-scale networks,,7
0,10.1145/1242572.1242600,Netprobe: a fast and scalable system for fraud detection in online auction networks,,7
0,10.1103/PhysRevLett.89.208701,Assortative mixing in networks.,"A network is said to show assortative mixing if the nodes in the network that have many connections tend to be connected to other nodes with many connections. Here we measure mixing patterns in a variety of networks and find that social networks are mostly assortatively mixed, but that technological and biological networks tend to be disassortative. We propose a model of an assortatively mixed network, which we study both analytically and numerically. Within this model we find that networks percolate more easily if they are assortative and that they are also more robust to vertex removal.",7
1,10.18653/v1/D19-1371,SciBERT: A Pretrained Language Model for Scientifc Text,"Obtaining large-scale annotated data for NLP tasks in the scientific domain is challenging and expensive. We release SciBERT, a pretrained language model based on BERT (Devlin et. al., 2018) to address the lack of high-quality, large-scale labeled scientific data. SciBERT leverages unsupervised pretraining on a large multi-domain corpus of scientific publications to improve performance on downstream scientific NLP tasks. We evaluate on a suite of tasks including sequence tagging, sentence classification and dependency parsing, with datasets from a variety of scientific domains. We demonstrate statistically significant improvements over BERT and achieve new state-of-the-art results on several of these tasks. The code and pretrained models are available at https://github.com/allenai/scibert/.",5
1,10.18653/v1/W19-1909,Publicly Available Clinical BERT Embeddings,"Contextual word embedding models such as ELMo and BERT have dramatically improved performance for many natural language processing (NLP) tasks in recent months. However, these models have been minimally explored on specialty corpora, such as clinical text; moreover, in the clinical domain, no publicly-available pre-trained BERT models yet exist. In this work, we address this need by exploring and releasing BERT models for clinical text: one for generic clinical text and another for discharge summaries specifically. We demonstrate that using a domain-specific model yields performance improvements on 3/5 clinical NLP tasks, establishing a new state-of-the-art on the MedNLI dataset. We find that these domain-specific models are not as performant on 2 clinical de-identification tasks, and argue that this is a natural consequence of the differences between de-identified source text and synthetically non de-identified task text.",5
1,10.18653/v1/N19-1361,Structural Scaffolds for Citation Intent Classification in Scientific Publications,"Identifying the intent of a citation in scientific papers (e.g., background information, use of methods, comparing results) is critical for machine reading of individual publications and automated analysis of the scientific literature. We propose structural scaffolds, a multitask model to incorporate structural information of scientific papers into citations for effective classification of citation intents. Our model achieves a new state-of-the-art on an existing ACL anthology dataset (ACL-ARC) with a 13.3% absolute increase in F1 score, without relying on external linguistic resources or hand-engineered features as done in existing methods. In addition, we introduce a new dataset of citation intents (SciCite) which is more than five times larger and covers multiple scientific domains compared with existing datasets. Our code and data are available at: https://github.com/allenai/scicite.",5
1,10.18653/v1/W19-5034,ScispaCy: Fast and Robust Models for Biomedical Natural Language Processing,"Despite recent advances in natural language processing, many statistical models for processing text perform extremely poorly under domain shift. Processing biomedical and clinical text is a critically important application area of natural language processing, for which there are few robust, practical, publicly available models. This paper describes scispaCy, a new Python library and models for practical biomedical/scientific text processing, which heavily leverages the spaCy library. We detail the performance of two packages of models released in scispaCy and demonstrate their robustness on several tasks and datasets. Models and code are available at https://allenai.github.io/scispacy/.",5
1,10.1093/bioinformatics/btz682,BioBERT: a pre-trained biomedical language representation model for biomedical text mining,"Abstract Motivation Biomedical text mining is becoming increasingly important as the number of biomedical documents rapidly grows. With the progress in natural language processing (NLP), extracting valuable information from biomedical literature has gained popularity among researchers, and deep learning has boosted the development of effective biomedical text mining models. However, directly applying the advancements in NLP to biomedical text mining often yields unsatisfactory results due to a word distribution shift from general domain corpora to biomedical corpora. In this article, we investigate how the recently introduced pre-trained language model BERT can be adapted for biomedical corpora. Results We introduce BioBERT (Bidirectional Encoder Representations from Transformers for Biomedical Text Mining), which is a domain-specific language representation model pre-trained on large-scale biomedical corpora. With almost the same architecture across tasks, BioBERT largely outperforms BERT and previous state-of-the-art models in a variety of biomedical text mining tasks when pre-trained on biomedical corpora. While BERT obtains performance comparable to that of previous state-of-the-art models, BioBERT significantly outperforms them on the following three representative biomedical text mining tasks: biomedical named entity recognition (0.62% F1 score improvement), biomedical relation extraction (2.80% F1 score improvement) and biomedical question answering (12.24% MRR improvement). Our analysis results show that pre-training BERT on biomedical corpora helps it to understand complex biomedical texts. Availability and implementation We make the pre-trained weights of BioBERT freely available at https://github.com/naver/biobert-pretrained, and the source code for fine-tuning BioBERT available at https://github.com/dmis-lab/biobert.",5
1,10.1186/s12859-019-2813-6,CollaboNet: collaboration of deep neural networks for biomedical named entity recognition,"Finding biomedical named entities is one of the most essential tasks in biomedical text mining. Recently, deep learning-based approaches have been applied to biomedical named entity recognition (BioNER) and showed promising results. However, as deep learning approaches need an abundant amount of training data, a lack of data can hinder performance. BioNER datasets are scarce resources and each dataset covers only a small subset of entity types. Furthermore, many bio entities are polysemous, which is one of the major obstacles in named entity recognition. To address the lack of data and the entity type misclassification problem, we propose CollaboNet which utilizes a combination of multiple NER models. In CollaboNet, models trained on a different dataset are connected to each other so that a target model obtains information from other collaborator models to reduce false positives. Every model is an expert on their target entity type and takes turns serving as a target and a collaborator model during training time. The experimental results show that CollaboNet can be used to greatly reduce the number of false positives and misclassified entities including polysemous words. CollaboNet achieved state-of-the-art performance in terms of precision, recall and F1 score. We demonstrated the benefits of combining multiple models for BioNER. Our model has successfully reduced the number of misclassified entities and improved the performance by leveraging multiple datasets annotated for different entity types. Given the state-of-the-art performance of our model, we believe that CollaboNet can improve the accuracy of downstream biomedical text mining applications such as bio-entity relation extraction.",5
1,10.18653/v1/D18-1360,"Multi-Task Identification of Entities, Relations, and Coreference for Scientific Knowledge Graph Construction","We introduce a multi-task setup of identifying entities, relations, and coreference clusters in scientific articles. We create SciERC, a dataset that includes annotations for all three tasks and develop a unified framework called SciIE with shared span representations. The multi-task setup reduces cascading errors between tasks and leverages cross-sentence relations through coreference links. Experiments show that our multi-task model outperforms previous models in scientific information extraction without using any domain-specific features. We further show that the framework supports construction of a scientific knowledge graph, which we use to analyze information in scientific literature.",5
1,10.1186/s12859-019-2604-0,From POS tagging to dependency parsing for biomedical event extraction,"Given the importance of relation or event extraction from biomedical research publications to support knowledge capture and synthesis, and the strong dependency of approaches to this information extraction task on syntactic information, it is valuable to understand which approaches to syntactic processing of biomedical text have the highest performance. We perform an empirical study comparing state-of-the-art traditional feature-based and neural network-based models for two core natural language processing tasks of part-of-speech (POS) tagging and dependency parsing on two benchmark biomedical corpora, GENIA and CRAFT. To the best of our knowledge, there is no recent work making such comparisons in the biomedical context; specifically no detailed analysis of neural models on this data is available. Experimental results show that in general, the neural models outperform the feature-based models on two benchmark biomedical corpora GENIA and CRAFT. We also perform a task-oriented evaluation to investigate the influences of these models in a downstream application on biomedical event extraction, and show that better intrinsic parsing performance does not always imply better extrinsic event extraction performance. We have presented a detailed empirical study comparing traditional feature-based and neural network-based models for POS tagging and dependency parsing in the biomedical context, and also investigated the influence of parser selection for a biomedical event extraction downstream task. We make the retrained models available at https://github.com/datquocnguyen/BioPosDep.",5
1,10.1162/tacl_a_00028,Measuring the Evolution of a Scientific Field through Citation Frames,"Citations have long been used to characterize the state of a scientific field and to identify influential works. However, writers use citations for different purposes, and this varied purpose influences uptake by future scholars. Unfortunately, our understanding of how scholars use and frame citations has been limited to small-scale manual citation analysis of individual papers. We perform the largest behavioral study of citations to date, analyzing how scientific works frame their contributions through different types of citations and how this framing affects the field as a whole. We introduce a new dataset of nearly 2,000 citations annotated for their function, and use it to develop a state-of-the-art classifier and label the papers of an entire field: Natural Language Processing. We then show how differences in framing affect scientific uptake and reveal the evolution of the publication venues and the field as a whole. We demonstrate that authors are sensitive to discourse structure and publication venue when citing, and that how a paper frames its work through citations is predictive of the citation count it will receive. Finally, we use changes in citation framing to show that the field of NLP is undergoing a significant increase in consensus.",5
1,10.18653/v1/P18-1019,"A Corpus with Multi-Level Annotations of Patients, Interventions and Outcomes to Support Language Processing for Medical Literature","We present a corpus of 5,000 richly annotated abstracts of medical articles describing clinical randomized controlled trials. Annotations include demarcations of text spans that describe the Patient population enrolled, the Interventions studied and to what they were Compared, and the Outcomes measured (the ‘PICO’ elements). These spans are further annotated at a more granular level, e.g., individual interventions within them are marked and mapped onto a structured medical vocabulary. We acquired annotations from a diverse set of workers with varying levels of expertise and cost. We describe our data collection process and the corpus itself in detail. We then outline a set of challenging NLP tasks that would aid searching of the medical literature and the practice of evidence-based medicine.",5
1,10.18653/v1/N18-3011,Construction of the Literature Graph in Semantic Scholar,"We describe a deployed scalable system for organizing published scientific literature into a heterogeneous graph to facilitate algorithmic manipulation and discovery. The resulting literature graph consists of more than 280M nodes, representing papers, authors, entities and various interactions between them (e.g., authorships, citations, entity mentions). We reduce literature graph construction into familiar NLP tasks (e.g., entity extraction and linking), point out research challenges due to differences from standard formulations of these tasks, and report empirical results for each task. The methods described in this paper are used to enable semantic features in www.semanticscholar.org.",5
1,10.18653/v1/W18-2501,AllenNLP: A Deep Semantic Natural Language Processing Platform,"Modern natural language processing (NLP) research requires writing code. Ideally this code would provide a precise definition of the approach, easy repeatability of results, and a basis for extending the research. However, many research codebases bury high-level parameters under implementation details, are challenging to run and debug, and are difficult enough to extend that they are more likely to be rewritten. This paper describes AllenNLP, a library for applying deep learning methods to NLP research that addresses these issues with easy-to-use command-line tools, declarative configuration-driven experiments, and modular NLP abstractions. AllenNLP has already increased the rate of research experimentation and the sharing of NLP components at the Allen Institute for Artificial Intelligence, and we are working to have the same impact across the field.",5
1,10.18653/v1/N18-1202,Deep Contextualized Word Representations,"We introduce a new type of deep contextualized word representation that models both (1) complex characteristics of word use (e.g., syntax and semantics), and (2) how these uses vary across linguistic contexts (i.e., to model polysemy). Our word vectors are learned functions of the internal states of a deep bidirectional language model (biLM), which is pre-trained on a large text corpus. We show that these representations can be easily added to existing models and significantly improve the state of the art across six challenging NLP problems, including question answering, textual entailment and sentiment analysis. We also present an analysis showing that exposing the deep internals of the pre-trained network is crucial, allowing downstream models to mix different types of semi-supervision signals.",5
1,10.18653/v1/P18-1031,Universal Language Model Fine-tuning for Text Classification,"Inductive transfer learning has greatly impacted computer vision, but existing approaches in NLP still require task-specific modifications and training from scratch. We propose Universal Language Model Fine-tuning (ULMFiT), an effective transfer learning method that can be applied to any task in NLP, and introduce techniques that are key for fine-tuning a language model. Our method significantly outperforms the state-of-the-art on six text classification tasks, reducing the error by 18-24% on the majority of datasets. Furthermore, with only 100 labeled examples, it matches the performance of training from scratch on 100 times more data. We open-source our pretrained models and code.",5
1,10.18653/v1/D17-1035,Reporting Score Distributions Makes a Difference: Performance Study of LSTM-networks for Sequence Tagging,"In this paper we show that reporting a single performance score is insufficient to compare non-deterministic approaches. We demonstrate for common sequence tagging tasks that the seed value for the random number generator can result in statistically significant (p < 10^{-4}) differences for state-of-the-art systems. For two recent systems for NER, we observe an absolute difference of one percentage point F₁-score depending on the selected seed value, making these systems perceived either as state-of-the-art or mediocre. Instead of publishing and reporting single performance scores, we propose to compare score distributions based on multiple executions. Based on the evaluation of 50.000 LSTM-networks for five sequence tagging tasks, we present network architectures that produce both superior performance as well as are more stable with respect to the remaining hyperparameters.",5
1,10.1093/database/baw068,BioCreative V CDR task corpus: a resource for chemical disease relation extraction,"Community-run, formal evaluations and manually annotated text corpora are critically important for advancing biomedical text-mining research. Recently in BioCreative V, a new challenge was organized for the tasks of disease named entity recognition (DNER) and chemical-induced disease (CID) relation extraction. Given the nature of both tasks, a test collection is required to contain both disease/chemical annotations and relation annotations in the same set of articles. Despite previous efforts in biomedical corpus construction, none was found to be sufficient for the task. Thus, we developed our own corpus called BC5CDR during the challenge by inviting a team of Medical Subject Headings (MeSH) indexers for disease/chemical entity annotation and Comparative Toxicogenomics Database (CTD) curators for CID relation annotation. To ensure high annotation quality and productivity, detailed annotation guidelines and automatic annotation tools were provided. The resulting BC5CDR corpus consists of 1500 PubMed articles with 4409 annotated chemicals, 5818 diseases and 3116 chemical-disease interactions. Each entity annotation includes both the mention text spans and normalized concept identifiers, using MeSH as the controlled vocabulary. To ensure accuracy, the entities were first captured independently by two annotators followed by a consensus annotation: The average inter-annotator agreement (IAA) scores were 87.49% and 96.05% for the disease and chemicals, respectively, in the test set according to the Jaccard similarity coefficient. Our corpus was successfully used for the BioCreative V challenge tasks and should serve as a valuable resource for the text-mining research community. Database URL: http://www.biocreative.org/tasks/biocreative-v/track-3-cdr/",5
1,10.1038/sdata.2016.35,"MIMIC-III, a freely accessible critical care database","MIMIC-III (‘Medical Information Mart for Intensive Care’) is a large, single-center database comprising information relating to patients admitted to critical care units at a large tertiary care hospital. Data includes vital signs, medications, laboratory measurements, observations and notes charted by care providers, fluid balance, procedure codes, diagnostic codes, imaging reports, hospital length of stay, survival data, and more. The database supports applications including academic and industrial research, quality improvement initiatives, and higher education coursework. Design Type(s) data integration objective Measurement Type(s) Demographics • clinical measurement • intervention • Billing • Medical History Dictionary • Pharmacotherapy • clinical laboratory test • medical data Technology Type(s) Electronic Medical Record • Medical Record • Electronic Billing System • Medical Coding Process Document • Free Text Format Factor Type(s) Sample Characteristic(s) Homo sapiens Design Type(s) data integration objective Measurement Type(s) Demographics • clinical measurement • intervention • Billing • Medical History Dictionary • Pharmacotherapy • clinical laboratory test • medical data Technology Type(s) Electronic Medical Record • Medical Record • Electronic Billing System • Medical Coding Process Document • Free Text Format Factor Type(s) Sample Characteristic(s) Homo sapiens Machine-accessible metadata file describing the reported data (ISA-Tab format)",5
1,10.18653/v1/P16-1101,End-to-end Sequence Labeling via Bi-directional LSTM-CNNs-CRF,"State-of-the-art sequence labeling systems traditionally require large amounts of task-specific knowledge in the form of hand-crafted features and data pre-processing. In this paper, we introduce a novel neutral network architecture that benefits from both word- and character-level representations automatically, by using combination of bidirectional LSTM, CNN and CRF. Our system is truly end-to-end, requiring no feature engineering or data pre-processing, thus making it applicable to a wide range of sequence labeling tasks. We evaluate our system on two data sets for two sequence labeling tasks --- Penn Treebank WSJ corpus for part-of-speech (POS) tagging and CoNLL 2003 corpus for named entity recognition (NER). We obtain state-of-the-art performance on both the two data --- 97.55\% accuracy for POS tagging and 91.21\% F1 for NER.",5
1,10.1093/database/bav123,ChemProt-3.0: a global chemical biology diseases mapping,"ChemProt is a publicly available compilation of chemical-protein-disease annotation resources that enables the study of systems pharmacology for a small molecule across multiple layers of complexity from molecular to clinical levels. In this third version, ChemProt has been updated to more than 1.7 million compounds with 7.8 million bioactivity measurements for 19 504 proteins. Here, we report the implementation of global pharmacological heatmap, supporting a user-friendly navigation of chemogenomics space. This facilitates the visualization and selection of chemicals that share similar structural properties. In addition, the user has the possibility to search by compound, target, pathway, disease and clinical effect. Genetic variations associated to target proteins were integrated, making it possible to plan pharmacogenetic studies and to suggest human response variability to drug. Finally, Quantitative Structure–Activity Relationship models for 850 proteins having sufficient data were implemented, enabling secondary pharmacological profiling predictions from molecular structure. Database URL: http://potentia.cbs.dtu.dk/ChemProt/",5
1,10.1016/j.jbi.2013.12.006,NCBI disease corpus: A resource for disease name recognition and concept normalization,,5
1,10.1186/1471-2105-12-S2-S5,Automatic classification of sentences to support Evidence Based Medicine,"AimGiven a set of pre-defined medical categories used in Evidence Based Medicine, we aim to automatically annotate sentences in medical abstracts with these labels.MethodWe constructed a corpus of 1,000 medical abstracts annotated by hand with specified medical categories (e.g. Intervention, Outcome). We explored the use of various features based on lexical, semantic, structural, and sequential information in the data, using Conditional Random Fields (CRF) for classification.ResultsFor the classification tasks over all labels, our systems achieved micro-averaged f-scores of 80.9% and 66.9% over datasets of structured and unstructured abstracts respectively, using sequential features. In labeling only the key sentences, our systems produced f-scores of 89.3% and 74.0% over structured and unstructured abstracts respectively, using the same sequential features. The results over an external dataset were lower (f-scores of 63.1% for all labels, and 83.8% for key sentences).ConclusionsOf the features we used, the best for classifying any given sentence in an abstract were based on unigrams, section headings, and sequential information from preceding sentences. These features resulted in improved performance over a simple bag-of-words approach, and outperformed feature sets used in previous work.",5
1,10.3115/1567594.1567610,Introduction to the Bio-entity Recognition Task at JNLPBA,We describe here the JNLPBA shared task of bio-entity recognition using an extended version of the GENIA version 3 named entity corpus of MEDLINE abstracts. We provide background information on the task and present a general discussion of the approaches taken by participating systems.,5
1,10.1093/bioinformatics/btg1023,GENIA corpus - a semantically annotated corpus for bio-textmining,,5
1,10.18653/v1/N19-1423,BERT: Pre-training of Deep Bidirectional Transformers for Language Understanding,"We introduce a new language representation model called BERT, which stands for Bidirectional Encoder Representations from Transformers. Unlike recent language representation models (Peters et al., 2018a; Radford et al., 2018), BERT is designed to pre-train deep bidirectional representations from unlabeled text by jointly conditioning on both left and right context in all layers. As a result, the pre-trained BERT model can be fine-tuned with just one additional output layer to create state-of-the-art models for a wide range of tasks, such as question answering and language inference, without substantial task-specific architecture modifications. BERT is conceptually simple and empirically powerful. It obtains new state-of-the-art results on eleven natural language processing tasks, including pushing the GLUE score to 80.5 (7.7 point absolute improvement), MultiNLI accuracy to 86.7% (4.6% absolute improvement), SQuAD v1.1 question answering Test F1 to 93.2 (1.5 point absolute improvement) and SQuAD v2.0 Test F1 to 83.1 (5.1 point absolute improvement).",5
1,10.18653/v1/2020.acl-main.207,SPECTER: Document-level Representation Learning using Citation-informed Transformers,"Representation learning is a critical ingredient for natural language processing systems. Recent Transformer language models like BERT learn powerful textual representations, but these models are targeted towards token- and sentence-level training objectives and do not leverage information on inter-document relatedness, which limits their document-level representation power. For applications on scientific documents, such as classification and recommendation, accurate embeddings of documents are a necessity. We propose SPECTER, a new method to generate document-level embedding of scientific papers based on pretraining a Transformer language model on a powerful signal of document-level relatedness: the citation graph. Unlike existing pretrained language models, Specter can be easily applied to downstream applications without task-specific fine-tuning. Additionally, to encourage further research on document-level models, we introduce SciDocs, a new evaluation benchmark consisting of seven document-level tasks ranging from citation prediction, to document classification and recommendation. We show that Specter outperforms a variety of competitive baselines on the benchmark.",5
1,10.18653/v1/D19-1410,Sentence-BERT: Sentence Embeddings using Siamese BERT-Networks,"BERT (Devlin et al., 2018) and RoBERTa (Liu et al., 2019) has set a new state-of-the-art performance on sentence-pair regression tasks like semantic textual similarity (STS). However, it requires that both sentences are fed into the network, which causes a massive computational overhead: Finding the most similar pair in a collection of 10,000 sentences requires about 50 million inference computations (~65 hours) with BERT. The construction of BERT makes it unsuitable for semantic similarity search as well as for unsupervised tasks like clustering. In this publication, we present Sentence-BERT (SBERT), a modification of the pretrained BERT network that use siamese and triplet network structures to derive semantically meaningful sentence embeddings that can be compared using cosine-similarity. This reduces the effort for finding the most similar pair from 65 hours with BERT / RoBERTa to about 5 seconds with SBERT, while maintaining the accuracy from BERT. We evaluate SBERT and SRoBERTa on common STS tasks and transfer learning tasks, where it outperforms other state-of-the-art sentence embeddings methods.",5
1,10.1001/jamanetworkopen.2019.6700,Quantifying Sex Bias in Clinical Studies at Scale With Automated Data Extraction,"Key Points Question What is the magnitude of female underrepresentation in clinical studies? Findings In this cross-sectional study, machine reading to extract sex data from 43 135 published articles and 13 165 clinical trial records showed substantial underrepresentation of female participants, with studies as measurement unit, in 7 of 11 disease categories, especially HIV/AIDS, chronic kidney diseases, and cardiovascular diseases. Sex bias in articles for all categories combined was unchanged over time with studies as the measurement unit but improved with participants as measurement unit. Meaning This study suggests that sex bias against female participants in clinical studies persists, but results differ when studies vs participants are the measurement units.",5
1,10.18653/v1/P19-1442,DisSent: Learning Sentence Representations from Explicit Discourse Relations,"Learning effective representations of sentences is one of the core missions of natural language understanding. Existing models either train on a vast amount of text, or require costly, manually curated sentence relation datasets. We show that with dependency parsing and rule-based rubrics, we can curate a high quality sentence relation task by leveraging explicit discourse relations. We show that our curated dataset provides an excellent signal for learning vector representations of sentence meaning, representing relations that can only be determined when the meanings of two sentences are combined. We demonstrate that the automatically curated corpus allows a bidirectional LSTM sentence encoder to yield high quality sentence embeddings and can serve as a supervised fine-tuning dataset for larger models such as BERT. Our fixed sentence embeddings achieve high performance on a variety of transfer tasks, including SentEval, and we achieve state-of-the-art results on Penn Discourse Treebank’s implicit relation prediction task.",5
1,10.18653/v1/P19-1512,Improving Textual Network Embedding with Global Attention via Optimal Transport,"Constituting highly informative network embeddings is an essential tool for network analysis. It encodes network topology, along with other useful side information, into low dimensional node-based feature representations that can be exploited by statistical modeling. This work focuses on learning context-aware network embeddings augmented with text data. We reformulate the network embedding problem, and present two novel strategies to improve over traditional attention mechanisms: (i) a content-aware sparse attention module based on optimal transport; and (ii) a high-level attention parsing module. Our approach yields naturally sparse and self-normalized relational inference. It can capture long-term interactions between sequences, thus addressing the challenges faced by existing textual network embedding schemes. Extensive experiments are conducted to demonstrate our model can consistently outperform alternative state-of-the-art methods.",5
1,10.1145/3308558.3313700,A Scalable Hybrid Research Paper Recommender System for Microsoft Academic,"We present the design and methodology for the large scale hybrid paper recommender system used by Microsoft Academic. The system provides recommendations for approximately 160 million English research papers and patents. Our approach handles incomplete citation information while also alleviating the cold-start problem that often affects other recommender systems. We use the Microsoft Academic Graph (MAG), titles, and available abstracts of research papers to build a recommendation list for all documents, thereby combining co-citation and content based approaches. Tuning system parameters also allows for blending and prioritization of each approach which, in turn, allows us to balance paper novelty versus authority in recommendation results. We evaluate the generated recommendations via a user study of 40 participants, with over 2400 recommendation pairs graded and discuss the quality of the results using P@10 and nDCG scores. We see that there is a strong correlation between participant scores and the similarity rankings produced by our system but that additional focus needs to be put towards improving recommender precision, particularly for content based recommendations. The results of the user survey and associated analysis scripts are made available via GitHub and the recommendations produced by our system are available as part of the MAG on Azure to facilitate further research and light up novel research paper recommendation applications.",5
1,10.1007/s11192-020-03561-y,A context-aware citation recommendation model with BERT and graph convolutional networks,"With the tremendous growth in the number of scientific papers being published, searching for references while writing a scientific paper is a time-consuming process. A technique that could add a reference citation at the appropriate place in a sentence will be beneficial. In this perspective, the context-aware citation recommendation has been researched for around two decades. Many researchers have utilized the text data called the context sentence, which surrounds the citation tag, and the metadata of the target paper to find the appropriate cited research. However, the lack of well-organized benchmarking datasets, and no model that can attain high performance has made the research difficult. In this paper, we propose a deep learning-based model and well-organized dataset for context-aware paper citation recommendation. Our model comprises a document encoder and a context encoder. For this, we use graph convolutional networks layer, and bidirectional encoder representations from transformers, a pre-trained model of textual data. By modifying the related PeerRead dataset, we propose a new dataset called FullTextPeerRead containing context sentences to cited references and paper metadata. To the best of our knowledge, this dataset is the first well-organized dataset for a context-aware paper recommendation. The results indicate that the proposed model with the proposed datasets can attain state-of-the-art performance and achieve a more than 28% improvement in mean average precision and recall@k.",5
1,10.1145/3289600.3291017,Estimating Position Bias without Intrusive Interventions,"Presentation bias is one of the key challenges when learning from implicit feedback in search engines, as it confounds the relevance signal. While it was recently shown how counterfactual learning-to-rank (LTR) approaches \citeJoachims/etal/17a can provably overcome presentation bias when observation propensities are known, it remains to show how to effectively estimate these propensities. In this paper, we propose the first method for producing consistent propensity estimates without manual relevance judgments, disruptive interventions, or restrictive relevance modeling assumptions. First, we show how to harvest a specific type of intervention data from historic feedback logs of multiple different ranking functions, and show that this data is sufficient for consistent propensity estimation in the position-based model. Second, we propose a new extremum estimator that makes effective use of this data. In an empirical evaluation, we find that the new estimator provides superior propensity estimates in two real-world systems -- Arxiv Full-text Search and Google Drive Search. Beyond these two points, we find that the method is robust to a wide range of settings in simulation studies.",5
1,10.18653/v1/D18-1482,Word Mover’s Embedding: From Word2Vec to Document Embedding,"While the celebrated Word2Vec technique yields semantically rich representations for individual words, there has been relatively less success in extending to generate unsupervised sentences or documents embeddings. Recent work has demonstrated that a distance measure between documents called Word Mover’s Distance (WMD) that aligns semantically similar words, yields unprecedented KNN classification accuracy. However, WMD is expensive to compute, and it is hard to extend its use beyond a KNN classifier. In this paper, we propose the Word Mover’s Embedding (WME), a novel approach to building an unsupervised document (sentence) embedding from pre-trained word embeddings. In our experiments on 9 benchmark text classification datasets and 22 textual similarity tasks, the proposed technique consistently matches or outperforms state-of-the-art techniques, with significantly higher accuracy on problems of short length.",5
1,10.1145/3269206.3271800,From Neural Re-Ranking to Neural Ranking: Learning a Sparse Representation for Inverted Indexing,"The availability of massive data and computing power allowing for effective data driven neural approaches is having a major impact on machine learning and information retrieval research, but these models have a basic problem with efficiency. Current neural ranking models are implemented as multistage rankers: for efficiency reasons, the neural model only re-ranks the top ranked documents retrieved by a first-stage efficient ranker in response to a given query. Neural ranking models learn dense representations causing essentially every query term to match every document term, making it highly inefficient or intractable to rank the whole collection. The reliance on a first stage ranker creates a dual problem: First, the interaction and combination effects are not well understood. Second, the first stage ranker serves as a ""gate-keeper"" or filter, effectively blocking the potential of neural models to uncover new relevant documents. In this work, we propose a standalone neural ranking model (SNRM) by introducing a sparsity property to learn a latent sparse representation for each query and document. This representation captures the semantic relationship between the query and documents, but is also sparse enough to enable constructing an inverted index for the whole collection. We parameterize the sparsity of the model to yield a retrieval model as efficient as conventional term based models. Our model gains in efficiency without loss of effectiveness: it not only outperforms the existing term matching baselines, but also performs similarly to the recent re-ranking based neural models with dense representations. Our model can also take advantage of pseudo-relevance feedback for further improvements. More generally, our results demonstrate the importance of sparsity in neural IR models and show that dense representations can be pruned effectively, giving new insights about essential semantic features and their distributions.",5
1,10.18653/v1/D18-1209,Improved Semantic-Aware Network Embedding with Fine-Grained Word Alignment,"Network embeddings, which learns low-dimensional representations for each vertex in a large-scale network, have received considerable attention in recent years. For a wide range of applications, vertices in a network are typically accompanied by rich textual information such as user profiles, paper abstracts, etc. In this paper, we propose to incorporate semantic features into network embeddings by matching important words between text sequences for all pairs of vertices. We introduce an word-by-word alignment framework that measures the compatibility of embeddings between word pairs, and then adaptively accumulates these alignment features with a simple yet effective aggregation function. In experiments, we evaluate the proposed framework on three real-world benchmarks for downstream tasks, including link prediction and multi-label vertex classification. The experimental results demonstrate that our model outperforms state-of-the-art network embedding methods by a large margin.",5
1,10.1007/978-3-319-97289-3_20,Research Paper Recommender Systems on Big Scholarly Data,,5
1,10.18653/v1/N18-1022,Content-Based Citation Recommendation,"We present a content-based method for recommending citations in an academic paper draft. We embed a given query document into a vector space, then use its nearest neighbors as candidates, and rerank the candidates using a discriminative model trained to distinguish between observed and unobserved citations. Unlike previous work, our method does not require metadata such as author names which can be missing, e.g., during the peer review process. Without using metadata, our method outperforms the best reported results on PubMed and DBLP datasets with relative improvements of over 18% in F1@20 and over 22% in MRR. We show empirically that, although adding metadata improves the performance on standard metrics, it favors self-citations which are less useful in a citation recommendation setup. We release an online portal for citation recommendation based on our method, (URL: http://bit.ly/citeDemo) and a new dataset OpenCorpus of 7 million research articles to facilitate future research on this task.",5
1,10.18653/v1/P17-1158,CANE: Context-Aware Network Embedding for Relation Modeling,"Network embedding (NE) is playing a critical role in network analysis, due to its ability to represent vertices with efficient low-dimensional embedding vectors. However, existing NE models aim to learn a fixed context-free embedding for each vertex and neglect the diverse roles when interacting with other vertices. In this paper, we assume that one vertex usually shows different aspects when interacting with different neighbor vertices, and should own different embeddings respectively. Therefore, we present Context-Aware Network Embedding (CANE), a novel NE model to address this issue. CANE learns context-aware embeddings for vertices with mutual attention mechanism and is expected to model the semantic relationships between vertices more precisely. In experiments, we compare our model with existing NE models on three real-world datasets. Experimental results show that CANE achieves significant improvement than state-of-the-art methods on link prediction and comparable performance on vertex classification. The source code and datasets can be obtained from https://github.com/thunlp/CANE.",5
1,10.1109/IJCNN.2017.7966147,A model of extended paragraph vector for document categorization and trend analysis,,5
1,10.18653/v1/N18-1101,A Broad-Coverage Challenge Corpus for Sentence Understanding through Inference,"This paper introduces the Multi-Genre Natural Language Inference (MultiNLI) corpus, a dataset designed for use in the development and evaluation of machine learning models for sentence understanding. At 433k examples, this resource is one of the largest corpora available for natural language inference (a.k.a. recognizing textual entailment), improving upon available resources in both its coverage and difficulty. MultiNLI accomplishes this by offering data from ten distinct genres of written and spoken English, making it possible to evaluate systems on nearly the full complexity of the language, while supplying an explicit setting for evaluating cross-genre domain adaptation. In addition, an evaluation using existing machine learning models designed for the Stanford NLI corpus shows that it represents a substantially more difficult task than does that corpus, despite the two showing similar levels of inter-annotator agreement.",5
1,10.18653/v1/W16-1609,An Empirical Evaluation of doc2vec with Practical Insights into Document Embedding Generation,"Recently, Le and Mikolov (2014) proposed doc2vec as an extension to word2vec (Mikolov et al., 2013a) to learn document-level embeddings. Despite promising results in the original paper, others have struggled to reproduce those results. This paper presents a rigorous empirical evaluation of doc2vec over two tasks. We compare doc2vec to two baselines and two state-of-the-art document embedding methodologies. We found that doc2vec performs robustly when using models trained on large external corpora, and can be further improved by using pre-trained word embeddings. We also provide recommendations on hyper-parameter settings for general purpose applications, and release source code to induce document embeddings using our trained doc2vec models.",5
1,10.1162/tacl_a_00051,Enriching Word Vectors with Subword Information,"Continuous word representations, trained on large unlabeled corpora are useful for many natural language processing tasks. Popular models that learn such representations ignore the morphology of words, by assigning a distinct vector to each word. This is a limitation, especially for languages with large vocabularies and many rare words. In this paper, we propose a new approach based on the skipgram model, where each word is represented as a bag of character n-grams. A vector representation is associated to each character n-gram; words being represented as the sum of these representations. Our method is fast, allowing to train models on large corpora quickly and allows us to compute word representations for words that did not appear in the training data. We evaluate our word representations on nine different languages, both on word similarity and analogy tasks. By comparing to recently proposed morphological word representations, we show that our vectors achieve state-of-the-art performance on these tasks.",5
1,10.1145/2911451.2914717,Doc2Sent2Vec: A Novel Two-Phase Approach for Learning Document Representation,,5
1,10.5555/1953048.2078195,Scikit-learn: Machine Learning in Python,"Scikit-learn is a Python module integrating a wide range of state-of-the-art machine learning algorithms for medium-scale supervised and unsupervised problems. This package focuses on bringing machine learning to non-specialists using a general-purpose high-level language. Emphasis is put on ease of use, performance, documentation, and API consistency. It has minimal dependencies and is distributed under the simplified BSD license, encouraging its use in both academic and commercial settings. Source code, binaries, and documentation can be downloaded from http://scikit-learn.sourceforge.net.",5
1,10.1186/1471-2105-11-492,The structural and content aspects of abstracts versus bodies of full text journal articles are different,"BackgroundAn increase in work on the full text of journal articles and the growth of PubMedCentral have the opportunity to create a major paradigm shift in how biomedical text mining is done. However, until now there has been no comprehensive characterization of how the bodies of full text journal articles differ from the abstracts that until now have been the subject of most biomedical text mining research.ResultsWe examined the structural and linguistic aspects of abstracts and bodies of full text articles, the performance of text mining tools on both, and the distribution of a variety of semantic classes of named entities between them. We found marked structural differences, with longer sentences in the article bodies and much heavier use of parenthesized material in the bodies than in the abstracts. We found content differences with respect to linguistic features. Three out of four of the linguistic features that we examined were statistically significantly differently distributed between the two genres. We also found content differences with respect to the distribution of semantic features. There were significantly different densities per thousand words for three out of four semantic classes, and clear differences in the extent to which they appeared in the two genres. With respect to the performance of text mining tools, we found that a mutation finder performed equally well in both genres, but that a wide variety of gene mention systems performed much worse on article bodies than they did on abstracts. POS tagging was also more accurate in abstracts than in article bodies.ConclusionsAspects of structure and content differ markedly between article abstracts and article bodies. A number of these differences may pose problems as the text mining field moves more into the area of processing full-text articles. However, these differences also present a number of opportunities for the extraction of data types, particularly that found in parenthesized text, that is present in article bodies but not in article abstracts.",5
1,10.1186/1471-2105-10-46,Is searching full text more effective than searching abstracts?,"BackgroundWith the growing availability of full-text articles online, scientists and other consumers of the life sciences literature now have the ability to go beyond searching bibliographic records (title, abstract, metadata) to directly access full-text content. Motivated by this emerging trend, I posed the following question: is searching full text more effective than searching abstracts? This question is answered by comparing text retrieval algorithms on MEDLINE® abstracts, full-text articles, and spans (paragraphs) within full-text articles using data from the TREC 2007 genomics track evaluation. Two retrieval models are examined: bm25 and the ranking algorithm implemented in the open-source Lucene search engine.ResultsExperiments show that treating an entire article as an indexing unit does not consistently yield higher effectiveness compared to abstract-only search. However, retrieval based on spans, or paragraphs-sized segments of full-text articles, consistently outperforms abstract-only search. Results suggest that highest overall effectiveness may be achieved by combining evidence from spans and full articles.ConclusionUsers searching full text are more likely to find relevant articles than searching only abstracts. This finding affirms the value of full text collections for text retrieval and provides a starting point for future work in exploring algorithms that take advantage of rapidly-growing digital archives. Experimental results also highlight the need to develop distributed text retrieval algorithms, since full-text articles are significantly longer than abstracts and may require the computational resources of multiple machines in a cluster. The MapReduce programming model provides a convenient framework for organizing such computations.",5
1,10.1093/BIOINFORMATICS/BTH291,Distribution of information in biomedical abstracts and full-text publications,,5
1,10.1109/TNNLS.2020.2978386,A Comprehensive Survey on Graph Neural Networks,"Deep learning has revolutionized many machine learning tasks in recent years, ranging from image classification and video processing to speech recognition and natural language understanding. The data in these tasks are typically represented in the Euclidean space. However, there is an increasing number of applications, where data are generated from non-Euclidean domains and are represented as graphs with complex relationships and interdependency between objects. The complexity of graph data has imposed significant challenges on the existing machine learning algorithms. Recently, many studies on extending deep learning approaches for graph data have emerged. In this article, we provide a comprehensive overview of graph neural networks (GNNs) in data mining and machine learning fields. We propose a new taxonomy to divide the state-of-the-art GNNs into four categories, namely, recurrent GNNs, convolutional GNNs, graph autoencoders, and spatial–temporal GNNs. We further discuss the applications of GNNs across various domains and summarize the open-source codes, benchmark data sets, and model evaluation of GNNs. Finally, we propose potential research directions in this rapidly growing field.",5
1,10.5555/2627435.2697068,Accelerating t-SNE using tree-based algorithms,,5
1,10.1007/978-3-540-72079-9_9,Collaborative Filtering Recommender Systems,,5
1,10.1002/asi.20274,Identifying a better measure of relatedness for mapping science,,5
2,10.1145/2740908.2742839,An Overview of Microsoft Academic Service (MAS) and Applications,"In this paper we describe a new release of a Web scale entity graph that serves as the backbone of Microsoft Academic Service (MAS), a major production effort with a broadened scope to the namesake vertical search engine that has been publicly available since 2008 as a research prototype. At the core of MAS is a heterogeneous entity graph comprised of six types of entities that model the scholarly activities: field of study, author, institution, paper, venue, and event. In addition to obtaining these entities from the publisher feeds as in the previous effort, we in this version include data mining results from the Web index and an in-house knowledge base from Bing, a major commercial search engine. As a result of the Bing integration, the new MAS graph sees significant increase in size, with fresh information streaming in automatically following their discoveries by the search engine. In addition, the rich entity relations included in the knowledge base provide additional signals to disambiguate and enrich the entities within and beyond the academic domain. The number of papers indexed by MAS, for instance, has grown from low tens of millions to 83 million while maintaining an above 95% accuracy based on test data sets derived from academic activities at Microsoft Research. Based on the data set, we demonstrate two scenarios in this work: a knowledge driven, highly interactive dialog that seamlessly combines reactive search and proactive suggestion experience, and a proactive heterogeneous entity recommendation.",6
2,10.1145/2939672.2939754,node2vec: Scalable Feature Learning for Networks,"Prediction tasks over nodes and edges in networks require careful effort in engineering features used by learning algorithms. Recent research in the broader field of representation learning has led to significant progress in automating prediction by learning the features themselves. However, present feature learning approaches are not expressive enough to capture the diversity of connectivity patterns observed in networks. Here we propose node2vec, an algorithmic framework for learning continuous feature representations for nodes in networks. In node2vec, we learn a mapping of nodes to a low-dimensional space of features that maximizes the likelihood of preserving network neighborhoods of nodes. We define a flexible notion of a node's network neighborhood and design a biased random walk procedure, which efficiently explores diverse neighborhoods. Our algorithm generalizes prior work which is based on rigid notions of network neighborhoods, and we argue that the added flexibility in exploring neighborhoods is the key to learning richer representations. We demonstrate the efficacy of node2vec over existing state-of-the-art techniques on multi-label classification and link prediction in several real-world networks from diverse domains. Taken together, our work represents a new way for efficiently learning state-of-the-art task-independent representations in complex networks.",6
2,10.1145/3487553.3524653,Assessing Network Representations for Identifying Interdisciplinarity,"Many studies have sought to identify interdisciplinary research as a function of the diversity of disciplines identified in an article’s references or citations. However, given the constant evolution of the scientific landscape, disciplinary boundaries are shifting and blurring, making it increasingly difficult to describe research within a strict taxonomy. In this work, we explore the potential for graph learning methods to learn embedded representations for research papers that encode their ‘interdisciplinarity’ in a citation network. This facilitates the identification of interdisciplinary research without the use of disciplinary categories. We evaluate these representations and their ability to identify interdisciplinary research, according to their utility in interdisciplinary citation prediction. We find that those representations which preserve structural equivalence in the citation graph are best able to predict distant, interdisciplinary interactions in the network, according to multiple definitions of citation distance.",6
2,10.1162/qss_a_00014,Practical method to reclassify Web of Science articles into unique subject categories and broad disciplines,"Abstract Classification of bibliographic items into subjects and disciplines in large databases is essential for many quantitative science studies. The Web of Science classification of journals into approximately 250 subject categories, which has served as a basis for many studies, is known to have some fundamental problems and several practical limitations that may affect the results from such studies. Here we present an easily reproducible method to perform reclassification of the Web of Science into existing subject categories and into 14 broad areas. Our reclassification is at the level of articles, so it preserves disciplinary differences that may exist among individual articles published in the same journal. Reclassification also eliminates ambiguous (multiple) categories that are found for 50% of items and assigns a discipline/field category to all articles that come from broad-coverage journals such as Nature and Science. The correctness of the assigned subject categories is evaluated manually and is found to be ∼95%.",6
2,10.1057/s41599-019-0352-4,Interdisciplinarity revisited: evidence for research impact and dynamism,"Addressing many of the world’s contemporary challenges requires a multifaceted and integrated approach, and interdisciplinary research (IDR) has become increasingly central to both academic interest and government science policies. Although higher interdisciplinarity is then often assumed to be associated with higher research impact, there has been little solid scientific evidence supporting this assumption. Here, we provide verifiable evidence that interdisciplinarity is statistically significantly and positively associated with research impact by focusing on highly cited paper clusters known as the research fronts (RFs). Interdisciplinarity is uniquely operationalised as the effective number of distinct disciplines involved in the RF, computed from the relative abundance of disciplines and the affinity between disciplines, where all natural sciences are classified into eight disciplines. The result of a multiple regression analysis (n = 2,560) showed that an increase by one in the effective number of disciplines was associated with an approximately 20% increase in the research impact, which was defined as a field-normalised citation-based measure. A new visualisation technique was then applied to identify the research areas in which high-impact IDR is underway and to investigate its evolution over time and across disciplines. Collectively, this work establishes a new framework for understanding the nature and dynamism of IDR in relation to existing disciplines and its relevance to science policymaking.",6
2,10.2478/jdis-2019-0010,Node2vec Representation for Clustering Journals and as A Possible Measure of Diversity,"Abstract Purpose To investigate the effectiveness of using node2vec on journal citation networks to represent journals as vectors for tasks such as clustering, science mapping, and journal diversity measure. Design/methodology/approach Node2vec is used in a journal citation network to generate journal vector representations. Findings 1. Journals are clustered based on the node2vec trained vectors to form a science map. 2. The norm of the vector can be seen as an indicator of the diversity of journals. 3. Using node2vec trained journal vectors to determine the Rao-Stirling diversity measure leads to a better measure of diversity than that of direct citation vectors. Research limitations All analyses use citation data and only focus on the journal level. Practical implications Node2vec trained journal vectors embed rich information about journals, can be used to form a science map and may generate better values of journal diversity measures. Originality/value The effectiveness of node2vec in scientometric analysis is tested. Possible indicators for journal diversity measure are presented.",6
2,10.1016/j.joi.2018.09.001,A comparison of two approaches for measuring interdisciplinary research output: The disciplinary diversity of authors vs the disciplinary diversity of the reference list,,6
2,10.1177/0001839216665364,Prominent but Less Productive,"Federal agencies and universities in the U.S. promote interdisciplinary research because it presumably spurs transformative, innovative science. Using data on almost 900 research-center–based scientists and their 32,000 published articles, along with a set of unpublished papers, we assess whether such research is indeed beneficial and whether costs accompany the potential benefits. Existing research highlights this tension: whereas the innovation literature suggests that spanning disciplines is beneficial because it allows scientists to see connections across fields, the categories literature suggests that spanning disciplines is penalized because the resulting research may be lower quality or confusing to place. To investigate this, we empirically distinguish production and reception effects and highlight a new production penalty: lower productivity, which may be attributable to cognitive and collaborative challenges associated with interdisciplinary research and/or hurdles in the review process. Using an innovative measure of interdisciplinary research that considers the similarity of the disciplines spanned, we document both penalties (fewer papers published) and benefits (increased citations) associated with it and show that it is a high-risk, high-reward endeavor, one that partly depends on field-level interdisciplinarity.",6
2,10.1038/525306A,Interdisciplinary research by the numbers,,6
2,10.1371/journal.pone.0122565,Long-Distance Interdisciplinarity Leads to Higher Scientific Impact,"Scholarly collaborations across disparate scientific disciplines are challenging. Collaborators are likely to have their offices in another building, attend different conferences, and publish in other venues; they might speak a different scientific language and value an alien scientific culture. This paper presents a detailed analysis of success and failure of interdisciplinary papers—as manifested in the citations they receive. For 9.2 million interdisciplinary research papers published between 2000 and 2012 we show that the majority (69.9%) of co-cited interdisciplinary pairs are “win-win” relationships, i.e., papers that cite them have higher citation impact and there are as few as 3.3% “lose-lose” relationships. Papers citing references from subdisciplines positioned far apart (in the conceptual space of the UCSD map of science) attract the highest relative citation counts. The findings support the assumption that interdisciplinary research is more successful and leads to results greater than the sum of its disciplinary parts.",6
2,10.1007/s11192-008-2197-2,Is science becoming more interdisciplinary? Measuring and mapping six research fields over time,,6
2,10.1007/s11192-009-0041-y,Diversity and network coherence as indicators of interdisciplinarity: case studies in bionanoscience,"The multidimensional character and inherent conflict with categorisation of interdisciplinarity makes its mapping and evaluation a challenging task. We propose a conceptual framework that aims to capture interdisciplinarity in the wider sense of knowledge integration, by exploring the concepts of diversity and coherence. Disciplinary diversity indicators are developed to describe the heterogeneity of a bibliometric set viewed from predefined categories, i.e. using a top-down approach that locates the set on the global map of science. Network coherence indicators are constructed to measure the intensity of similarity relations within a bibliometric set, i.e. using a bottom-up approach, which reveals the structural consistency of the publications network. We carry out case studies on individual articles in bionanoscience to illustrate how these two perspectives identify different aspects of interdisciplinarity: disciplinary diversity indicates the large-scale breadth of the knowledge base of a publication; network coherence reflects the novelty of its knowledge integration. We suggest that the combination of these two approaches may be useful for comparative studies of emergent scientific and technological fields, where new and controversial categorisations are accompanied by equally contested claims of novelty and interdisciplinarity.",6
2,10.1073/pnas.0706851105,Maps of random walks on complex networks reveal community structure,"To comprehend the multipartite organization of large-scale biological and social systems, we introduce an information theoretic approach that reveals community structure in weighted and directed networks. We use the probability flow of random walks on a network as a proxy for information flows in the real system and decompose the network into modules by compressing a description of the probability flow. The result is a map that both simplifies and highlights the regularities in the structure and their relationships. We illustrate the method by making a map of scientific communication as captured in the citation patterns of >6,000 journals. We discover a multicentric organization with fields that vary dramatically in size and degree of integration into the network of science. Along the backbone of the network—including physics, chemistry, molecular biology, and medicine—information flows bidirectionally, but the map reveals a directional pattern of citation from the applied fields to the basic sciences.",6
2,10.1007/s11192-007-1700-5,Measuring researcher interdisciplinarity,,6
2,10.1007/978-1-4899-7687-1_100268,Link-Based Classification,,6
2,10.1073/pnas.122653799,Community structure in social and biological networks,"A number of recent studies have focused on the statistical properties of networked systems such as social networks and the Worldwide Web. Researchers have concentrated particularly on a few properties that seem to be common to many networks: the small-world property, power-law degree distributions, and network transitivity. In this article, we highlight another property that is found in many networks, the property of community structure, in which network nodes are joined together in tightly knit groups, between which there are only looser connections. We propose a method for detecting such communities, built around the idea of using centrality indices to find community boundaries. We test our method on computer-generated and real-world graphs whose community structure is already known and find that the method detects this known structure with high sensitivity and reliability. We also apply the method to two networks whose community structure is not well known—a collaboration network and a food web—and find that it detects significant and informative community divisions in both cases.",6
2,10.1023/A:1009953814988,Automating the Construction of Internet Portals with Machine Learning,,6
2,10.1007/BF02016934,An indicator of cross-disciplinary research,,6
2,10.1017/CBO9780511815478,Social Network Analysis: Methods and Applications,,6
2,10.1007/978-3-031-21127-0_30,The Structure of Interdisciplinary Science: Uncovering and Explaining Roles in Citation Graphs,,6
2,10.1109/ACCESS.2018.2870052,Peeking Inside the Black-Box: A Survey on Explainable Artificial Intelligence (XAI),,6
2,10.1111/rssb.12377,Visualizing the Effects of Predictor Variables in Black Box Supervised Learning Models,"SummaryIn many supervised learning applications, understanding and visualizing the effects of the predictor variables on the predicted response is of paramount importance. A shortcoming of black box supervised learning models (e.g. complex trees, neural networks, boosted trees, random forests, nearest neighbours, local kernel-weighted methods and support vector regression) in this regard is their lack of interpretability or transparency. Partial dependence plots, which are the most popular approach for visualizing the effects of the predictors with black box supervised learning models, can produce erroneous results if the predictors are strongly correlated, because they require extrapolation of the response at predictor values that are far outside the multivariate envelope of the training data. As an alternative to partial dependence plots, we present a new visualization approach that we term accumulated local effects plots, which do not require this unreliable extrapolation with correlated predictors. Moreover, accumulated local effects plots are far less computationally expensive than partial dependence plots. We also provide an R package ALEPlot as supplementary material to implement our proposed method.",6
2,10.1023/A:1010933404324,Random Forests,,6
2,10.1017/nws.2013.12,Characterizing ego-networks using motifs,"AbstractWe assess the potential of network motif profiles to characterize ego-networks in much the same way that a bag-of-words strategy allows text documents to be compared in a vector space framework. This is potentially valuable as a generic strategy for comparing nodes in a network in terms of the network structure in which they are embedded. In this paper, we consider the computational challenges and model selection decisions involved in network motif profiling. We also present three case studies concerning the analysis of Wikipedia edit networks, YouTube spam campaigns, and peer-to-peer lending in the Prosper marketplace.",6
2,10.1145/3219819.3220025,Learning Structural Node Embeddings via Diffusion Wavelets,,6
2,10.1214/aos/1013203451,Greedy function approximation: A gradient boosting machine.,,6
2,10.1145/2339530.2339723,RolX,,6
2,10.1371/journal.pone.0171428,Combinatorial algorithm for counting small induced graphs and orbits,,6
2,10.1126/science.298.5594.824,Network Motifs: Simple Building Blocks of Complex Networks,"Complex networks are studied across many fields of science. To uncover their structural design principles, we defined “network motifs,” patterns of interconnections occurring in complex networks at numbers that are significantly higher than those in randomized networks. We found such motifs in networks from biochemistry, neurobiology, ecology, and engineering. The motifs shared by ecological food webs were distinct from the motifs shared by the genetic networks of Escherichia coli and Saccharomyces cerevisiae or from those found in the World Wide Web. Similar motifs were found in networks that perform information processing, even though they describe elements as different as biomolecules within a cell and synaptic connections between neurons in Caenorhabditis elegans . Motifs may thus define universal classes of networks. This approach may uncover the basic building blocks of most networks.",6
2,10.1037/10648-000,Who shall survive?: A new approach to the problem of human interrelations.,,6
2,10.1093/bioinformatics/btl301,Biological network comparison using graphlet degree distribution,"AbstractMotivation: Analogous to biological sequence comparison, comparing cellular networks is an important problem that could provide insight into biological understanding and therapeutics. For technical reasons, comparing large networks is computationally infeasible, and thus heuristics, such as the degree distribution, clustering coefficient, diameter, and relative graphlet frequency distribution have been sought. It is easy to demonstrate that two networks are different by simply showing a short list of properties in which they differ. It is much harder to show that two networks are similar, as it requires demonstrating their similarity in all of their exponentially many properties. Clearly, it is computationally prohibitive to analyze all network properties, but the larger the number of constraints we impose in determining network similarity, the more likely it is that the networks will truly be similar.Results: We introduce a new systematic measure of a network's local structure that imposes a large number of similarity constraints on networks being compared. In particular, we generalize the degree distribution, which measures the number of nodes ‘touching’ k edges, into distributions measuring the number of nodes ‘touching’ k graphlets, where graphlets are small connected non-isomorphic subgraphs of a large network. Our new measure of network local structure consists of 73 graphlet degree distributions of graphlets with 2–5 nodes, but it is easily extendible to a greater number of constraints (i.e. graphlets), if necessary, and the extensions are limited only by the available CPU. Furthermore, we show a way to combine the 73 graphlet degree distributions into a network ‘agreement’ measure which is a number between 0 and 1, where 1 means that networks have identical distributions and 0 means that they are far apart. Based on this new network agreement measure, we show that almost all of the 14 eukaryotic PPI networks, including human, resulting from various high-throughput experimental techniques, as well as from curated databases, are better modeled by geometric random graphs than by Erdös–Rény, random scale-free, or Barabási–Albert scale-free networks.Availability: Software executables are available upon request.Contact: natasha@ics.uci.edu",6
2,10.1109/TKDE.2014.2349913,Role Discovery in Networks,,6
2,10.1016/0377-0427(87)90125-7,Silhouettes: A graphical aid to the interpretation and validation of cluster analysis,,6
2,10.1007/978-3-030-93409-5_25,Selecting Informative Features for Post-hoc Community Explanation,,6
2,10.1098/rsif.2007.0213,"A general framework for analysing diversity in science, technology and society","This paper addresses the scope for more integrated general analysis of diversity in science, technology and society. It proposes a framework recognizing three necessary but individually insufficient properties of diversity. Based on 10 quality criteria, it suggests a general quantitative non-parametric diversity heuristic. This allows the systematic exploration of diversity under different perspectives, including divergent conceptions of relevant attributes and contrasting weightings on different diversity properties. It is shown how this heuristic may be used to explore different possible trade-offs between diversity and other aspects of interest, including portfolio interactions. The resulting approach offers a way to be more systematic and transparent in the treatment of scientific and technological diversity in a range of fields, including conservation management, research governance, energy policy and sustainable innovation.",6
2,10.1038/525306a,Interdisciplinary research by the numbers,,6
3,10.1109/TKDE.2018.2807452,"A Comprehensive Survey of Graph Embedding: Problems, Techniques, and Applications","Graph is an important data representation which appears in a wide diversity of real-world scenarios. Effective graph analytics provides users a deeper understanding of what is behind the data, and thus can benefit a lot of useful applications such as node classification, node recommendation, link prediction, etc. However, most graph analytics methods suffer the high computation and space cost. Graph embedding is an effective yet efficient way to solve the graph analytics problem. It converts the graph data into a low dimensional space in which the graph structural information and graph properties are maximumly preserved. In this survey, we conduct a comprehensive review of the literature in graph embedding. We first introduce the formal definition of graph embedding as well as the related concepts. After that, we propose two taxonomies of graph embedding which correspond to what challenges exist in different graph embedding problem settings and how the existing work addresses these challenges in their solutions. Finally, we summarize the applications that graph embedding enables and suggest four promising future research directions in terms of computation efficiency, problem settings, techniques, and application scenarios.",4
3,10.1609/aaai.v32i1.11885,Distance-Aware DAG Embedding for Proximity Search on Heterogeneous Graphs,"Proximity search on heterogeneous graphs aims to measure the proximity between two nodes on a graph w.r.t. some semantic relation for ranking. Pioneer work often tries to measure such proximity by paths connecting the two nodes. However, paths as linear sequences have limited expressiveness for the complex network connections. In this paper, we explore a more expressive DAG (directed acyclic graph) data structure for modeling the connections between two nodes. Particularly, we are interested in learning a representation for the DAGs to encode the proximity between two nodes. We face two challenges to use DAGs, including how to efficiently generate DAGs and how to effectively learn DAG embedding for proximity search. We find distance-awareness as important for proximity search and the key to solve the above challenges. Thus we develop a novel Distance-aware DAG Embedding (D2AGE) model. We evaluate D2AGE on three benchmark data sets with six semantic relations, and we show that D2AGE outperforms the state-of-the-art baselines. We release the code on https://github.com/shuaiOKshuai.",4
3,10.1145/3178876.3186073,Subgraph-augmented Path Embedding for Semantic User Search on Heterogeneous Social Network,,4
3,10.1109/TPAMI.2018.2839733,Piecewise Flat Embedding for Image Segmentation,"We introduce a new multi-dimensional nonlinear embedding—Piecewise Flat Embedding (PFE)—for image segmentation. Based on the theory of sparse signal recovery, piecewise flat embedding with diverse channels attempts to recover a piecewise constant image representation with sparse region boundaries and sparse cluster value scattering. The resultant piecewise flat embedding exhibits interesting properties such as suppressing slowly varying signals, and offers an image representation with higher region identifiability which is desirable for image segmentation or high-level semantic analysis tasks. We formulate our embedding as a variant of the Laplacian Eigenmap embedding with an $L_{1,p} (0<p\leq 1)$L1,p(0<p≤1) regularization term to promote sparse solutions. First, we devise a two-stage numerical algorithm based on Bregman iterations to compute $L_{1,1}$L1,1-regularized piecewise flat embeddings. We further generalize this algorithm through iterative reweighting to solve the general $L_{1,p}$L1,p-regularized problem. To demonstrate its efficacy, we integrate PFE into two existing image segmentation frameworks, segmentation based on clustering and hierarchical segmentation based on contour detection. Experiments on four major benchmark datasets, BSDS500, MSRC, Stanford Background Dataset, and PASCAL Context, show that segmentation algorithms incorporating our embedding achieve significantly improved results.",4
3,10.1109/TKDE.2017.2754499,Knowledge Graph Embedding: A Survey of Approaches and Applications,,4
3,10.1145/3132847.3132925,Learning Community Embedding with Community Detection and Node Embedding on Graphs,,4
3,10.1109/ICDM.2017.57,Topological Recurrent Neural Network for Diffusion Prediction,"In this paper, we study the problem of using representation learning to assist information diffusion prediction on graphs. In particular, we aim at estimating the probability of an inactive node to be activated next in a cascade. Despite the success of recent deep learning methods for diffusion, we find that they often underexplore the cascade structure. We consider a cascade as not merely a sequence of nodes ordered by their activation time stamps; instead, it has a richer structure indicating the diffusion process over the data graph. As a result, we introduce a new data model, namely diffusion topologies, to fully describe the cascade structure. We find it challenging to model diffusion topologies, which are dynamic directed acyclic graphs (DAGs), with the existing neural networks. Therefore, we propose a novel topological recurrent neural network, namely Topo-LSTM, for modeling dynamic DAGs. We customize Topo-LSTM for the diffusion prediction task, and show it improves the state-of-the-art baselines, by 20.1%-56.6% (MAP) relatively, across multiple real-world data sets.",4
3,10.24963/ijcai.2017/544,Fast Network Embedding Enhancement via High Order Proximity Approximation,,4
3,10.24963/ijcai.2017/472,User Profile Preserving Social Network Embedding,,4
3,10.1145/3097983.3098036,metapath2vec: Scalable Representation Learning for Heterogeneous Networks,,4
3,10.24963/ijcai.2017/361,Flexible Orthogonal Neighborhood Preserving Embedding,,4
3,10.1145/3097983.3098061,struc2vec: Learning Node Representations from Structural Identity,"Structural identity is a concept of symmetry in which network nodes are identified according to the network structure and their relationship to other nodes. Structural identity has been studied in theory and practice over the past decades, but only recently has it been addressed with representational learning techniques. This work presents struc2vec, a novel and flexible framework for learning latent representations for the structural identity of nodes. struc2vec uses a hierarchy to measure node similarity at different scales, and constructs a multilayer graph to encode structural similarities and generate structural context for nodes. Numerical experiments indicate that state-of-the-art techniques for learning node representations fail in capturing stronger notions of structural identity, while struc2vec exhibits much superior performance in this task, as it overcomes limitations of prior approaches. As a consequence, numerical experiments indicate that struc2vec improves performance on classification tasks that depend more on structural identity.",4
3,10.1145/3038912.3052558,Explicit Semantic Ranking for Academic Search via Knowledge Graph Embedding,,4
3,10.1145/3038912.3052575,Cross View Link Prediction by Learning Noise-resilient Representation Consensus,,4
3,10.1145/3038912.3052601,"Regions, Periods, Activities: Uncovering Urban Dynamics via Cross-Modal Representation Learning","With the ever-increasing urbanization process, systematically modeling people's activities in the urban space is being recognized as a crucial socioeconomic task. This task was nearly impossible years ago due to the lack of reliable data sources, yet the emergence of geo-tagged social media (GTSM) data sheds new light on it. Recently, there have been fruitful studies on discovering geographical topics from GTSM data. However, their high computational costs and strong distributional assumptions about the latent topics hinder them from fully unleashing the power of GTSM. To bridge the gap, we present CrossMap, a novel cross-modal representation learning method that uncovers urban dynamics with massive GTSM data. CrossMap first employs an accelerated mode seeking procedure to detect spatiotemporal hotspots underlying people's activities. Those detected hotspots not only address spatiotemporal variations, but also largely alleviate the sparsity of the GTSM data. With the detected hotspots, CrossMap then jointly embeds all spatial, temporal, and textual units into the same space using two different strategies: one is reconstruction-based and the other is graph-based. Both strategies capture the correlations among the units by encoding their co-occurrence and neighborhood relationships, and learn low-dimensional representations to preserve such correlations. Our experiments demonstrate that CrossMap not only significantly outperforms state-of-the-art methods for activity recovery and classification, but also achieves much better efficiency.",4
3,10.1109/TKDE.2016.2632716,Using Geodesic Space Density Gradients for Network Community Detection,,4
3,10.1109/TKDE.2016.2638425,SSE: Semantically Smooth Embedding for Knowledge Graphs,,4
3,10.1609/aaai.v31i1.10839,Matching Node Embeddings for Graph Similarity,"Graph kernels have emerged as a powerful tool for graph comparison. Most existing graph kernels focus on local properties of graphs and ignore global structure. In this paper, we compare graphs based on their global properties as these are captured by the eigenvectors of their adjacency matrices. We present two algorithms for both labeled and unlabeled graph comparison. These algorithms represent each graph as a set of vectors corresponding to the embeddings of its vertices. The similarity between two graphs is then determined using the Earth Mover's Distance metric. These similarities do not yield a positive semidefinite matrix. To address for this, we employ an algorithm for SVM classification using indefinite kernels. We also present a graph kernel based on the Pyramid Match kernel that finds an approximate correspondence between the sets of vectors of the two graphs. We further improve the proposed kernel using the Weisfeiler-Lehman framework. We evaluate the proposed methods on several benchmark datasets for graph classification and compare their performance to state-of-the-art graph kernels. In most cases, the proposed algorithms outperform the competing methods, while their time complexity remains very attractive.",4
3,10.1609/aaai.v31i1.10814,Unsupervised Large Graph Embedding,"There are many successful spectral based unsupervised dimensionality reduction methods, including Laplacian Eigenmap (LE), Locality Preserving Projection (LPP), Spectral Regression (SR), etc. LPP and SR are two different linear spectral based methods, however, we discover that LPP and SR are equivalent, if the symmetric similarity matrix is doubly stochastic, Positive Semi-Definite (PSD) and with rank p, where p is the reduced dimension. The discovery promotes us to seek low-rank and doubly stochastic similarity matrix, we then propose an unsupervised linear dimensionality reduction method, called Unsupervised Large Graph Embedding (ULGE). ULGE starts with similar idea as LPP, it adopts an efficient approach to construct similarity matrix and then performs spectral analysis efficiently, the computational complexity can reduce to O(ndm), which is a significant improvement compared to conventional spectral based methods which need O(n^2d) at least, where n, d and m are the number of samples, dimensions and anchors, respectively. Extensive experiments on several public available data sets demonstrate the efficiency and effectiveness of the proposed method.",4
3,10.1609/aaai.v31i1.10878,Scalable Graph Embedding for Asymmetric Proximity,"Graph Embedding methods are aimed at mapping each vertex into a low dimensional vector space, which preserves certain structural relationships among the vertices in the original graph. Recently, several works have been proposed to learn embeddings based on sampled paths from the graph, e.g., DeepWalk, Line, Node2Vec. However, their methods only preserve symmetric proximities, which could be insufficient in many applications, even the underlying graph is undirected. Besides, they lack of theoretical analysis of what exactly the relationships they preserve in their embedding space. In this paper, we propose an asymmetric proximity preserving (APP) graph embedding method via random walk with restart, which captures both asymmetric and high-order similarities between node pairs. We give theoretical analysis that our method implicitly preserves the Rooted PageRank score for any two vertices. We conduct extensive experiments on tasks of link prediction and node recommendation on open source datasets, as well as online recommendation services in Alibaba Group, in which the training graph has over 290 million vertices and 18 billion edges, showing our method to be highly scalable and effective.",4
3,10.1609/aaai.v31i1.10999,Community-Based Question Answering via Asymmetric Multi-Faceted Ranking Network Learning,"Nowadays the community-based question answering (CQA) sites become the popular Internet-based web service, which have accumulated millions of questions and their posted answers over time. Thus, question answering becomes an essential problem in CQA sites, which ranks the high-quality answers to the given question. Currently, most of the existing works study the problem of question answering based on the deep semantic matching model to rank the answers based on their semantic relevance, while ignoring the authority of answerers to the given question. In this paper, we consider the problem of community-based question answering from the viewpoint of asymmetric multi-faceted ranking network embedding. We propose a novel asymmetric multi-faceted ranking network learning framework for community-based question answering by jointly exploiting the deep semantic relevance between question-answer pairs and the answerers' authority to the given question. We then develop an asymmetric ranking network learning method with deep recurrent neural networks by integrating both answers' relative quality rank to the given question and the answerers' following relations in CQA sites. The extensive experiments on a large-scale dataset from a real world CQA site show that our method achieves better performance than other state-of-the-art solutions to the problem.",4
3,10.1609/aaai.v31i1.10951,Incorporating Knowledge Graph Embeddings into Topic Modeling,"Probabilistic topic models could be used to extract low-dimension topics from document collections. However, such models without any human knowledge often produce topics that are not interpretable. In recent years, a number of knowledge-based topic models have been proposed, but they could not process fact-oriented triple knowledge in knowledge graphs. Knowledge graph embeddings, on the other hand, automatically capture relations between entities in knowledge graphs. In this paper, we propose a novel knowledge-based topic model by incorporating knowledge graph embeddings into topic modeling. By combining latent Dirichlet allocation, a widely used topic model with knowledge encoded by entity vectors, we improve the semantic coherence significantly and capture a better representation of a document in the topic space. Our evaluation results will demonstrate the effectiveness of our method.",4
3,10.1609/aaai.v31i1.11067,Community-Based Question Answering via Contextual Ranking Metric Network Learning,"The exponential growth of information on Community-based Question Answering (CQA) sites has raised the challenges for the accurate matching of high-quality answers to the given questions. Many existing approaches learn the matching model mainly based on the semantic similarity between questions and answers, which can not effectively handle the ambiguity problem of questions and the sparsity problem of CQA data. In this paper, we propose to solve these two problems by exploiting users' social contexts. Specifically, we propose a novel framework for CQA task by exploiting both the question-answer content in CQA site and users' social contexts. The experiment on real-world dataset shows the effectiveness of our method.",4
3,10.1609/aaai.v31i1.10486,Semantic Proximity Search on Heterogeneous Graph by Proximity Embedding,"Many real-world networks have a rich collection of objects. The semantics of these objects allows us to capture different classes of proximities, thus enabling an important task of semantic proximity search. As the core of semantic proximity search, we have to measure the proximity on a heterogeneous graph, whose nodes are various types of objects. Most of the existing methods rely on engineering features about the graph structure between two nodes to measure their proximity. With recent development on graph embedding, we see a good chance to avoid feature engineering for semantic proximity search. There is very little work on using graph embedding for semantic proximity search. We also observe that graph embedding methods typically focus on embedding nodes, which is an ""indirect'' approach to learn the proximity. Thus, we introduce a new concept of proximity embedding, which directly embeds the network structure between two possibly distant nodes. We also design our proximity embedding, so as to flexibly support both symmetric and asymmetric proximities. Based on the proximity embedding, we can easily estimate the proximity score between two nodes and enable search on the graph. We evaluate our proximity embedding method on three real-world public data sets, and show it outperforms the state-of-the-art baselines.",4
3,10.1609/aaai.v31i1.10488,Community Preserving Network Embedding,"Network embedding, aiming to learn the low-dimensional representations of nodes in networks, is of paramount importance in many real applications. One basic requirement of network embedding is to preserve the structure and inherent properties of the networks. While previous network embedding methods primarily preserve the microscopic structure, such as the first- and second-order proximities of nodes, the mesoscopic community structure, which is one of the most prominent feature of networks, is largely ignored. In this paper, we propose a novel Modularized Nonnegative Matrix Factorization (M-NMF) model to incorporate the community structure into network embedding. We exploit the consensus relationship between the representations of nodes and community structure, and then jointly optimize NMF based representation learning model and modularity based community detection model in a unified framework, which enables the learned representations of nodes to preserve both of the microscopic and community structures. We also provide efficient updating rules to infer the parameters of our model, together with the correctness and convergence guarantees. Extensive experimental results on a variety of real-world networks show the superior performance of the proposed method over the state-of-the-arts.",4
3,10.1109/ICDM.2016.0111,Large-Scale Embedding Learning in Heterogeneous Event Data,,4
3,10.1109/ICDM.2016.0090,Learning from Your Network of Friends: A Trajectory Representation Learning Model Based on Online Social Ties,,4
3,10.1109/CVPR.2017.576,Geometric Deep Learning on Graphs and Manifolds Using Mixture Model CNNs,"Deep learning has achieved a remarkable performance breakthrough in several fields, most notably in speech recognition, natural language processing, and computer vision. In particular, convolutional neural network (CNN) architectures currently produce state-of-the-art performance on a variety of image analysis tasks such as object detection and recognition. Most of deep learning research has so far focused on dealing with 1D, 2D, or 3D Euclidean-structured data such as acoustic signals, images, or videos. Recently, there has been an increasing interest in geometric deep learning, attempting to generalize deep learning methods to non-Euclidean structured data such as graphs and manifolds, with a variety of applications from the domains of network analysis, computational social science, or computer graphics. In this paper, we propose a unified framework allowing to generalize CNN architectures to non-Euclidean domains (graphs and manifolds) and learn local, stationary, and compositional task-specific features. We show that various non-Euclidean CNN methods previously proposed in the literature can be considered as particular instances of our framework. We test the proposed method on standard tasks from the realms of image-, graph-and 3D shape analysis and show that it consistently outperforms previous approaches.",4
3,10.1109/MSP.2017.2693418,Geometric Deep Learning: Going beyond Euclidean data,"Many scientific fields study data with an underlying structure that is non-Euclidean. Some examples include social networks in computational social sciences, sensor networks in communications, functional networks in brain imaging, regulatory networks in genetics, and meshed surfaces in computer graphics. In many applications, such geometric data are large and complex (in the case of social networks, on the scale of billions) and are natural targets for machine-learning techniques. In particular, we would like to use deep neural networks, which have recently proven to be powerful tools for a broad range of problems from computer vision, natural-language processing, and audio analysis. However, these tools have been most successful on data with an underlying Euclidean or grid-like structure and in cases where the invariances of these structures are built into networks used to model them.",4
3,10.1145/3038912.3052643,DeepCas: An End-to-end Predictor of Information Cascades,"Information cascades, effectively facilitated by most social network platforms, are recognized as a major factor in almost every social success and disaster in these networks. Can cascades be predicted? While many believe that they are inherently unpredictable, recent work has shown that some key properties of information cascades, such as size, growth, and shape, can be predicted by a machine learning algorithm that combines many features. These predictors all depend on a bag of hand-crafting features to represent the cascade network and the global network structures. Such features, always carefully and sometimes mysteriously designed, are not easy to extend or to generalize to a different platform or domain. Inspired by the recent successes of deep learning in multiple data mining tasks, we investigate whether an end-to-end deep learning approach could effectively predict the future size of cascades. Such a method automatically learns the representation of individual cascade graphs in the context of the global network structure, without hand-crafted features or heuristics. We find that node embeddings fall short of predictive power, and it is critical to learn the representation of a cascade graph as a whole. We present algorithms that learn the representation of cascade graphs in an end-to-end manner, which significantly improve the performance of cascade prediction over strong baselines including feature based methods, node embedding methods, and graph kernel methods. Our results also provide interesting implications for cascade prediction in general.",4
3,10.1609/aaai.v31i1.10677,ProjE: Embedding Projection for Knowledge Graph Completion,"With the large volume of new information created every day, determining the validity of information in a knowledge graph and filling in its missing parts are crucial tasks for many researchers and practitioners. To address this challenge, a number of knowledge graph completion methods have been developed using low-dimensional graph embeddings. Although researchers continue to improve these models using an increasingly complex feature space, we show that simple changes in the architecture of the underlying model can outperform state-of-the-art models without the need for complex feature engineering. In this work, we present a shared variable neural network model called ProjE that fills-in missing information in a knowledge graph by learning joint embeddings of the knowledge graph’s entities and edges, and through subtle, but important, changes to the standard loss function. In doing so, ProjE has a parameter size that is smaller than 11 out of 15 existing methods while performing 37% better than the current-best method on standard datasets. We also show, via a new fact checking task, that ProjE is capable of accurately determining the veracity of many declarative statements.",4
3,10.24963/ijcai.2017/209,Multilingual Knowledge Graph Embeddings for Cross-lingual Knowledge Alignment,"Many recent works have demonstrated the benefits of knowledge graph embeddings in completing monolingual knowledge graphs. Inasmuch as related knowledge bases are built in several different languages, achieving cross-lingual knowledge alignment will help people in constructing a coherent knowledge base, and assist machines in dealing with different expressions of entity relationships across diverse human languages. Unfortunately, achieving this highly desirable cross-lingual alignment by human labor is very costly and error-prone. Thus, we propose MTransE, a translation-based model for multilingual knowledge graph embeddings, to provide a simple and automated solution. By encoding entities and relations of each language in a separated embedding space, MTransE provides transitions for each embedding vector to its cross-lingual counterparts in other spaces, while preserving the functionalities of monolingual embeddings. We deploy three different techniques to represent cross-lingual transitions, namely axis calibration, translation vectors, and linear transformations, and derive five variants for MTransE using different loss functions. Our models can be trained on partially aligned graphs, where just a small portion of triples are aligned with their cross-lingual counterparts. The experiments on cross-lingual entity matching and triple-wise alignment verification show promising results, with some variants consistently outperforming others on different tasks. We also explore how MTransE preserves the key properties of its monolingual counterpart.",4
3,10.4236/IJCNS.2016.911041,Geospatial Area Embedding Based on the Movement Purpose Hypothesis Using Large-Scale Mobility Data from Smart Card,"With the deployment of modern infrastructure for public transportation, several studies have analyzed movement patterns of people using smart card data and have characterized different areas. In this paper, we propose the “movement purpose hypothesis” that each movement occurs from two causes: where the person is and what the person wants to do at a given moment. We formulate this hypothesis to a synthesis model in which two network graphs generate a movement network graph. Then we develop two novel-embedding models to assess the hypothesis, and demonstrate that the models obtain a vector representation of a geospatial area using movement patterns of people from large-scale smart card data. We conducted an experiment using smart card data for a large network of railroads in the Kansai region of Japan. We obtained a vector representation of each railroad station and each purpose using the developed embedding models. Results show that network embedding methods are suitable for a large-scale movement of data, and the developed models perform better than existing embedding methods in the task of multi-label classification for train stations on the purpose of use data set. Our proposed models can contribute to the prediction of people flows by discovering underlying representations of geospatial areas from mobility data.",4
3,10.1145/2964284.2967257,Capped Lp-Norm Graph Embedding for Photo Clustering,,4
3,10.1145/2968219.2968416,Representation learning for geospatial areas using large-scale mobility data from smart card,,4
3,10.1145/2939672.2939673,Collaborative Knowledge Base Embedding for Recommender Systems,,4
3,10.1109/IJCNN.2016.7727520,Predicting user's multi-interests with network embedding in health-related topics,,4
3,10.1145/2911451.2914740,Not All Links Are Created Equal: An Adaptive Embedding Approach for Social Personalized Ranking,,4
3,10.1007/s13735-016-0102-y,Learning content–social influential features for influence analysis,,4
3,10.1016/j.neucom.2015.07.128,Dimensionality reduction on Anchorgraph with an efficient Locality Preserving Projection,,4
3,10.1609/aaai.v31i1.10952,SSP: Semantic Space Projection for Knowledge Graph Embedding with Text Descriptions,"Knowledge graph embedding represents entities and relations in knowledge graph as low-dimensional, continuous vectors, and thus enables knowledge graph compatible with machine learning models. Though there have been a variety of models for knowledge graph embedding, most methods merely concentrate on the fact triples, while supplementary textual descriptions of entities and relations have not been fully employed. To this end, this paper proposes the semantic space projection (SSP) model which jointly learns from the symbolic triples and textual descriptions. Our model builds interaction between the two information sources, and employs textual descriptions to discover semantic relevance and offer precise semantic embedding. Extensive experiments show that our method achieves substantial improvements against baselines on the tasks of knowledge graph completion and entity classification.",4
3,10.1145/2939672.2939822,Label Noise Reduction in Entity Typing by Heterogeneous Partial-Label Embedding,"Current systems of fine-grained entity typing use distant supervision in conjunction with existing knowledge bases to assign categories (type labels) to entity mentions. However, the type labels so obtained from knowledge bases are often noisy (i.e., incorrect for the entity mention's local context). We define a new task, Label Noise Reduction in Entity Typing (LNR), to be the automatic identification of correct type labels (type-paths) for training examples, given the set of candidate type labels obtained by distant supervision with a given type hierarchy. The unknown type labels for individual entity mentions and the semantic similarity between entity types pose unique challenges for solving the LNR task. We propose a general framework, called PLE, to jointly embed entity mentions, text features and entity types into the same low-dimensional space where, in that space, objects whose types are semantically close have similar representations. Then we estimate the type-path for each training example in a top-down manner using the learned embeddings. We formulate a global objective for learning the embeddings from text corpora and knowledge bases, which adopts a novel margin-based loss that is robust to noisy labels and faithfully models type correlation derived from knowledge bases. Our experiments on three public typing datasets demonstrate the effectiveness and robustness of PLE, with an average of 25% improvement in accuracy compared to next best method.",4
3,10.1609/aaai.v30i1.9972,Community-Based Question Answering via Heterogeneous Social Network Learning,"Community-based question answering (cQA) sites have accumulated vast amount of questions and corresponding crowdsourced answers over time. How to efficiently share the underlying information and knowledge from reliable (usually highly-reputable) answerers has become an increasingly popular research topic. A major challenge in cQA tasks is the accurate matching of high-quality answers w.r.t given questions. Many of traditional approaches likely recommend corresponding answers merely depending on the content similarity between questions and answers, therefore suffer from the sparsity bottleneck of cQA data. In this paper, we propose a novel framework which encodes not only the contents of question-answer(Q-A) but also the social interaction cues in the community to boost the cQA tasks. More specifically, our framework collaboratively utilizes the rich interaction among questions, answers and answerers to learn the relative quality rank of different answers w.r.t a same question. Moreover, the information in heterogeneous social networks is comprehensively employed to enhance the quality of question-answering (QA) matching by our deep random walk learning framework. Extensive experiments on a large-scale dataset from a real world cQA site show that leveraging the heterogeneous social information indeed achieves better performance than other state-of-the-art cQA methods.",4
3,10.1609/aaai.v30i1.10089,Knowledge Graph Completion with Adaptive Sparse Transfer Matrix,"We model knowledge graphs for their completion by encoding each entity and relation into a numerical space. All previous work including Trans(E, H, R, and D) ignore the heterogeneity (some relations link many entity pairs and others do not) and the imbalance (the number of head entities and that of tail entities in a relation could be different) of knowledge graphs. In this paper, we propose a novel approach TranSparse to deal with the two issues. In TranSparse, transfer matrices are replaced by adaptive sparse matrices, whose sparse degrees are determined by the number of entities (or entity pairs) linked by relations. In experiments, we design structured and unstructured sparse patterns for transfer matrices and analyze their advantages and disadvantages. We evaluate our approach on triplet classification and link prediction tasks. Experimental results show that TranSparse outperforms Trans(E, H, R, and D) significantly, and achieves state-of-the-art performance.",4
3,10.1609/aaai.v30i1.10329,Representation Learning of Knowledge Graphs with Entity Descriptions,"Representation learning (RL) of knowledge graphs aims to project both entities and relations into a continuous low-dimensional space. Most methods concentrate on learning representations with knowledge triples indicating relations between entities. In fact, in most knowledge graphs there are usually concise descriptions for entities, which cannot be well utilized by existing methods. In this paper, we propose a novel RL method for knowledge graphs taking advantages of entity descriptions. More specifically, we explore two encoders, including continuous bag-of-words and deep convolutional neural models to encode semantics of entity descriptions. We further learn knowledge representations with both triples and descriptions. We evaluate our method on two tasks, including knowledge graph completion and entity classification. Experimental results on real-world datasets show that, our method outperforms other baselines on the two tasks, especially under the zero-shot setting, which indicates that our method is capable of building representations for novel entities according to their descriptions. The source code of this paper can be obtained from https://github.com/xrb92/DKRL.",4
3,10.1109/TIP.2015.2507401,Learning of Multimodal Representations With Random Walks on the Click Graph,,4
3,10.1109/ICCV.2015.486,Learning Image and User Features for Recommendation in Social Networks,,4
3,10.1609/aaai.v30i1.10091,Locally Adaptive Translation for Knowledge Graph Embedding,"Knowledge graph embedding aims to represent entities and relations in a large-scale knowledge graph as elements in a continuous vector space. Existing methods, e.g., TransE and TransH, learn embedding representation by defining a global margin-based loss function over the data. However, the optimal loss function is determined during experiments whose parameters are examined among a closed set of candidates. Moreover, embeddings over two knowledge graphs with different entities and relations share the same set of candidate loss functions, ignoring the locality of both graphs. This leads to the limited performance of embedding related applications. In this paper, we propose a locally adaptive translation method for knowledge graph embedding, called TransA, to find the optimal loss function by adaptively determining its margin over different knowledge graphs. Experiments on two benchmark data sets demonstrate the superiority of the proposed method, as compared to the-state-of-the-art ones.",4
3,10.1609/aaai.v30i1.10314,Holographic Embeddings of Knowledge Graphs,"Learning embeddings of entities and relations is an efficient and versatile method to perform machine learning on relational data such as knowledge graphs. In this work, we propose holographic embeddings (HolE) to learn compositional vector space representations of entire knowledge graphs. The proposed method is related to holographic models of associative memory in that it employs circular correlation to create compositional representations. By using correlation as the compositional operator, HolE can capture rich interactions but simultaneously remains efficient to compute, easy to train, and scalable to very large datasets. Experimentally, we show that holographic embeddings are able to outperform state-of-the-art methods for link prediction on knowledge graphs and relational learning benchmark datasets.",4
3,10.18653/v1/P16-1219,TransG : A Generative Model for Knowledge Graph Embedding,"Recently, knowledge graph embedding, which projects symbolic entities and relations into continuous vector space, has become a new, hot topic in artificial intelligence. This paper addresses a new issue of multiple relation semantics that a relation may have multiple meanings revealed by the entity pairs associated with the corresponding triples, and proposes a novel Gaussian mixture model for embedding, TransG. The new model can discover latent semantics for a relation and leverage a mixture of relation component vectors for embedding a fact triple. To the best of our knowledge, this is the first generative model for knowledge graph embedding, which is able to deal with multiple relation semantics. Extensive experiments show that the proposed model achieves substantial improvements against the state-of-the-art baselines.",4
3,10.18653/v1/D15-1191,Context-Dependent Knowledge Graph Embedding,"We consider the problem of embedding knowledge graphs (KGs) into continuous vector spaces. Existing methods can only deal with explicit relationships within each triple, i.e., local connectivity patterns, but cannot handle implicit relationships across different triples, i.e., contextual connectivity patterns. This paper proposes context-dependent KG embedding, a twostage scheme that takes into account both types of connectivity patterns and obtains more accurate embeddings. We evaluate our approach on the tasks of link prediction and triple classification, and achieve significant and consistent improvements over state-of-the-art methods.",4
3,10.1145/2783258.2783417,Deep Graph Kernels,,4
3,10.1145/2783258.2783341,Learning with Similarity Functions on Graphs using Matchings of Geometric Embeddings,,4
3,10.1145/2783258.2783307,PTE: Predictive Text Embedding through Large-scale Heterogeneous Text Networks,"Unsupervised text embedding methods, such as Skip-gram and Paragraph Vector, have been attracting increasing attention due to their simplicity, scalability, and effectiveness. However, comparing to sophisticated deep learning architectures such as convolutional neural networks, these methods usually yield inferior results when applied to particular machine learning tasks. One possible reason is that these text embedding methods learn the representation of text in a fully unsupervised way, without leveraging the labeled information available for the task. Although the low dimensional representations learned are applicable to many different tasks, they are not particularly tuned for any task. In this paper, we fill this gap by proposing a semi-supervised representation learning method for text data, which we call the predictive text embedding (PTE). Predictive text embedding utilizes both labeled and unlabeled data to learn the embedding of text. The labeled information and different levels of word co-occurrence information are first represented as a large-scale heterogeneous text network, which is then embedded into a low dimensional space through a principled and efficient algorithm. This low dimensional embedding not only preserves the semantic closeness of words and documents, but also has a strong predictive power for the particular task. Compared to recent supervised approaches based on convolutional neural networks, predictive text embedding is comparable or more effective, much more efficient, and has fewer parameters to tune.",4
3,10.3115/v1/P15-1009,Semantically Smooth Knowledge Graph Embedding,"This paper considers the problem of embedding Knowledge Graphs (KGs) consisting of entities and relations into lowdimensional vector spaces. Most of the existing methods perform this task based solely on observed facts. The only requirement is that the learned embeddings should be compatible within each individual fact. In this paper, aiming at further discovering the intrinsic geometric structure of the embedding space, we propose Semantically Smooth Embedding (SSE). The key idea of SSE is to take full advantage of additional semantic information and enforce the embedding space to be semantically smooth, i.e., entities belonging to the same semantic category will lie close to each other in the embedding space. Two manifold learning algorithms Laplacian Eigenmaps and Locally Linear Embedding are used to model the smoothness assumption. Both are formulated as geometrically based regularization terms to constrain the embedding task. We empirically evaluate SSE in two benchmark tasks of link prediction and triple classification, and achieve significant and consistent improvements over state-of-the-art methods. Furthermore, SSE is a general framework. The smoothness assumption can be imposed to a wide variety of embedding models, and it can also be constructed using other information besides entities’ semantic categories.",4
3,10.3115/v1/P15-1067,Knowledge Graph Embedding via Dynamic Mapping Matrix,"Knowledge graphs are useful resources for numerous AI applications, but they are far from completeness. Previous work such as TransE, TransH and TransR/CTransR regard a relation as translation from head entity to tail entity and the CTransR achieves state-of-the-art performance. In this paper, we propose a more fine-grained model named TransD, which is an improvement of TransR/CTransR. In TransD, we use two vectors to represent a named symbol object (entity and relation). The first one represents the meaning of a(n) entity (relation), the other one is used to construct mapping matrix dynamically. Compared with TransR/CTransR, TransD not only considers the diversity of relations, but also entities. TransD has less parameters and has no matrix-vector multiplication operations, which makes it can be applied on large scale graphs. In Experiments, we evaluate our model on two typical tasks including triplets classification and link prediction. Evaluation results show that our approach outperforms state-of-the-art methods.",4
3,10.1109/TKDE.2014.2382599,A Unified Feature Selection Framework for Graph Embedding on High Dimensional Data,,4
3,10.1162/tacl_a_00134,Improving Distributional Similarity with Lessons Learned from Word Embeddings,"Recent trends suggest that neural-network-inspired word embedding models outperform traditional count-based distributional models on word similarity and analogy detection tasks. We reveal that much of the performance gains of word embeddings are due to certain system design choices and hyperparameter optimizations, rather than the embedding algorithms themselves. Furthermore, we show that these modifications can be transferred to traditional distributional models, yielding similar gains. In contrast to prior reports, we observe mostly local or insignificant performance differences between the methods, with no global advantage to any single approach over the others.",4
3,10.1609/aaai.v29i1.9491,Learning Entity and Relation Embeddings for Knowledge Graph Completion,"Knowledge graph completion aims to perform link prediction between entities. In this paper, we consider the approach of knowledge graph embeddings. Recently, models such as TransE and TransH build entity and relation embeddings by regarding a relation as translation from head entity to tail entity. We note that these models simply put both entities and relations within the same semantic space. In fact, an entity may have multiple aspects and various relations may focus on different aspects of entities, which makes a common space insufficient for modeling. In this paper, we propose TransR to build entity and relation embeddings in separate entity space and relation spaces. Afterwards, we learn embeddings by first projecting entities from entity space to corresponding relation space and then building translations between projected entities. In experiments, we evaluate our models on three tasks including link prediction, triple classification and relational fact extraction. Experimental results show significant and consistent improvements compared to state-of-the-art baselines including TransE and TransH.",4
3,10.1609/aaai.v29i1.9391,Structured Embedding via Pairwise Relations and Long-Range Interactions in Knowledge Base,"We consider the problem of embedding entities and relations of knowledge bases into low-dimensional continuous vector spaces (distributed representations). Unlike most existing approaches, which are primarily efficient for modelling pairwise relations between entities, we attempt to explicitly model both pairwise relations and long-range interactions between entities, by interpreting them as linear operators on the low-dimensional embeddings of the entities. Therefore, in this paper we introduces Path-Ranking to capture the long-range interactions of knowledge graph and at the same time preserve the pairwise relations of knowledge graph; we call it 'structured embedding via pairwise relation and long-range interactions' (referred to as SePLi). Comparing with the-state-of-the-art models, SePLi achieves better performances of embeddings.",4
3,10.1109/ICDM.2014.119,Probabilistic Latent Document Network Embedding,"A document network refers to a data type that can be represented as a graph of vertices, where each vertex is associated with a text document. Examples of such a data type include hyperlinked Web pages, academic publications with citations, and user profiles in social networks. Such data have very high-dimensional representations, in terms of text as well as network connectivity. In this paper, we study the problem of embedding, or finding a low-dimensional representation of a document network that ""preserves"" the data as much as possible. These embedded representations are useful for various applications driven by dimensionality reduction, such as visualization or feature selection. While previous works in embedding have mostly focused on either the textual aspect or the network aspect, we advocate a holistic approach by finding a unified low-rank representation for both aspects. Moreover, to lend semantic interpretability to the low-rank representation, we further propose to integrate topic modeling and embedding within a joint model. The gist is to join the various representations of a document (words, links, topics, and coordinates) within a generative model, and to estimate the hidden representations through MAP estimation. We validate our model on real-life document networks, showing that it outperforms comparable baselines comprehensively on objective evaluation metrics.",4
3,10.5555/2685048.2685096,GraphX: Graph Processing in a Distributed Dataflow Framework,,4
3,10.3115/v1/W14-4012,On the Properties of Neural Machine Translation: Encoder–Decoder Approaches,"Neural machine translation is a relatively new approach to statistical machine translation based purely on neural networks. The neural machine translation models often consist of an encoder and a decoder. The encoder extracts a fixed-length representation from a variable-length input sentence, and the decoder generates a correct translation from this representation. In this paper, we focus on analyzing the properties of the neural machine translation using two models; RNN Encoder--Decoder and a newly proposed gated recursive convolutional neural network. We show that the neural machine translation performs relatively well on short sentences without unknown words, but its performance degrades rapidly as the length of the sentence and the number of unknown words increase. Furthermore, we find that the proposed gated recursive convolutional network learns a grammatical structure of a sentence automatically.",4
3,10.1609/aaai.v28i1.8954,Signed Laplacian Embedding for Supervised Dimension Reduction,"Manifold learning is a powerful tool for solving nonlinear dimension reduction problems. By assuming that the high-dimensional data usually lie on a low-dimensional manifold, many algorithms have been proposed. However, most algorithms simply adopt the traditional graph Laplacian to encode the data locality, so the discriminative ability is limited and the embedding results are not always suitable for the subsequent classification. Instead, this paper deploys the signed graph Laplacian and proposes Signed Laplacian Embedding (SLE) for supervised dimension reduction. By exploring the label information, SLE comprehensively transfers the discrimination carried by the original data to the embedded low-dimensional space. Without perturbing the discrimination structure, SLE also retains the locality.Theoretically, we prove the immersion property by computing the rank of projection, and relate SLE to existing algorithms in the frame of patch alignment. Thorough empirical studies on synthetic and real datasets demonstrate the effectiveness of SLE.",4
3,10.1609/aaai.v28i1.8870,Knowledge Graph Embedding by Translating on Hyperplanes,"We deal with embedding a large scale knowledge graph composed of entities and relations into a continuous vector space. TransE is a promising method proposed recently, which is very efficient while achieving state-of-the-art predictive performance. We discuss some mapping properties of relations which should be considered in embedding, such as reflexive, one-to-many, many-to-one, and many-to-many. We note that TransE does not do well in dealing with these properties. Some complex models are capable of preserving these mapping properties but sacrifice efficiency in the process. To make a good trade-off between model capacity and efficiency, in this paper we propose TransH which models a relation as a hyperplane together with a translation operation on it. In this way, we can well preserve the above mapping properties of relations with almost the same model complexity of TransE. Additionally, as a practical knowledge graph is often far from completed, how to construct negative examples to reduce false negative labels in training is very important. Utilizing the one-to-many/many-to-one mapping property of a relation, we propose a simple trick to reduce the possibility of false negative labeling. We conduct extensive experiments on link prediction, triplet classification and fact extraction on benchmark datasets like WordNet and Freebase. Experiments show TransH delivers significant improvements over TransE on predictive accuracy with comparable capability to scale up.",4
3,10.1609/aaai.v28i1.8916,Learning Deep Representations for Graph Clustering,"Recently deep learning has been successfully adopted in many applications such as speech recognition and image classification. In this work, we explore the possibility of employing deep learning in graph clustering. We propose a simple method, which first learns a nonlinear embedding of the original graph by stacked autoencoder, and then runs $k$-means algorithm on the embedding to obtain the clustering result. We show that this simple method has solid theoretical foundation, due to the similarity between autoencoder and spectral clustering in terms of what they actually optimize. Then, we demonstrate that the proposed method is more efficient and flexible than spectral clustering. First, the computational complexity of autoencoder is much lower than spectral clustering: the former can be linear to the number of nodes in a sparse graph while the latter is super quadratic due to eigenvalue decomposition. Second, when additional sparsity constraint is imposed, we can simply employ the sparse autoencoder developed in the literature of deep learning; however, it is non-straightforward to implement a sparse spectral method. The experimental results on various graph datasets show that the proposed method significantly outperforms conventional spectral clustering which clearly indicates the effectiveness of deep learning in graph clustering.",4
3,10.1145/2588555.2610518,Navigating the maze of graph analytics frameworks using massive graph datasets,"Graph algorithms are becoming increasingly important for analyzing large datasets in many fields. Real-world graph data follows a pattern of sparsity, that is not uniform but highly skewed towards a few items. Implementing graph traversal, statistics and machine learning algorithms on such data in a scalable manner is quite challenging. As a result, several graph analytics frameworks (GraphLab, CombBLAS, Giraph, SociaLite and Galois among others) have been developed, each offering a solution with different programming models and targeted at different users. Unfortunately, the ""Ninja performance gap"" between optimized code and most of these frameworks is very large (2-30X for most frameworks and up to 560X for Giraph) for common graph algorithms, and moreover varies widely with algorithms. This makes the end-users' choice of graph framework dependent not only on ease of use but also on performance. In this work, we offer a quantitative roadmap for improving the performance of all these frameworks and bridging the ""ninja gap"". We first present hand-optimized baselines that get performance close to hardware limits and higher than any published performance figure for these graph algorithms. We characterize the performance of both this native implementation as well as popular graph frameworks on a variety of algorithms. This study helps end-users delineate bottlenecks arising from the algorithms themselves vs. programming model abstractions vs. the framework implementations. Further, by analyzing the system-level behavior of these frameworks, we obtain bottlenecks that are agnostic to specific algorithms. We recommend changes to alleviate these bottlenecks (and implement some of them) and reduce the performance gap with respect to native code. These changes will enable end-users to choose frameworks based mostly on ease of use.",4
3,10.3115/v1/D14-1067,Question Answering with Subgraph Embeddings,"This paper presents a system which learns to answer questions on a broad range of topics from a knowledge base using few hand-crafted features. Our model learns low-dimensional embeddings of words and knowledge base constituents; these representations are used to score natural language questions against candidate answers. Training our system using pairs of questions and structured representations of their answers, and pairs of question paraphrases, yields competitive results on a recent benchmark of the literature.",4
3,10.1109/TPAMI.2014.2316836,Spherical and Hyperbolic Embeddings of Data,,4
3,10.14778/2556549.2556554,On the Embeddability of Random Walk Distances,,4
3,10.1007/s10994-013-5363-6,A semantic matching energy function for learning with multi-relational data,"Large-scale relational learning becomes crucial for handling the huge amounts of structured data generated daily in many application domains ranging from computational biology or information retrieval, to natural language processing. In this paper, we present a new neural network architecture designed to embed multi-relational graphs into a flexible continuous vector space in which the original data is kept and enhanced. The network is trained to encode the semantics of these graphs in order to assign high probabilities to plausible components. We empirically show that it reaches competitive performance in link prediction on standard datasets from the literature as well as on data from a real-world knowledge base (WordNet). In addition, we present how our method can be applied to perform word-sense disambiguation in a context of open-text semantic parsing, where the goal is to learn to assign a structured meaning representation to almost any sentence of free text, demonstrating that it can scale up to tens of thousands of nodes and thousands of types of relation.",4
3,10.14778/2212351.2212354,Distributed GraphLab: A Framework for Machine Learning in the Cloud,"While high-level data parallel frameworks, like MapReduce, simplify the design and implementation of large-scale data processing systems, they do not naturally or efficiently support many important data mining and machine learning algorithms and can lead to inefficient learning systems. To help fill this critical void, we introduced the GraphLab abstraction which naturally expresses asynchronous, dynamic, graph-parallel computation while ensuring data consistency and achieving a high degree of parallel performance in the shared-memory setting. In this paper, we extend the GraphLab framework to the substantially more challenging distributed setting while preserving strong data consistency guarantees. We develop graph based extensions to pipelined locking and data versioning to reduce network congestion and mitigate the effect of network latency. We also introduce fault tolerance to the GraphLab abstraction using the classic Chandy-Lamport snapshot algorithm and demonstrate how it can be easily implemented by exploiting the GraphLab abstraction itself. Finally, we evaluate our distributed implementation of the GraphLab abstraction on a large Amazon EC2 deployment and show 1-2 orders of magnitude performance gains over Hadoop-based implementations.",4
3,10.3758/s13428-011-0183-8,"Extracting semantic representations from word co-occurrence statistics: stop-lists, stemming, and SVD",,4
3,10.1609/aaai.v25i1.7917,Learning Structured Embeddings of Knowledge Bases,"Many Knowledge Bases (KBs) are now readily available and encompass colossal quantities of information thanks to either a long-term funding effort (e.g. WordNet, OpenCyc) or a collaborative process (e.g. Freebase, DBpedia). However, each of them is based on a different rigorous symbolic framework which makes it hard to use their data in other systems. It is unfortunate because such rich structured knowledge might lead to a huge leap forward in many other areas of AI like nat- ural language processing (word-sense disambiguation, natural language understanding, ...), vision (scene classification, image semantic annotation, ...) or collaborative filtering. In this paper, we present a learning process based on an innovative neural network architecture designed to embed any of these symbolic representations into a more flexible continuous vector space in which the original knowledge is kept and enhanced. These learnt embeddings would allow data from any KB to be easily used in recent machine learning meth- ods for prediction and information retrieval. We illustrate our method on WordNet and Freebase and also present a way to adapt it to knowledge extraction from raw text.",4
3,10.5555/1953048.2078187,Weisfeiler-Lehman Graph Kernels,,4
3,10.1609/aaai.v24i1.7696,Local and Global Regressive Mapping for Manifold Learning with Out-of-Sample Extrapolation,"Over the past few years, a large family of manifold learning algorithms have been proposed, and applied to various applications. While designing new manifold learning algorithms has attracted much research attention, fewer research efforts have been focused on out-of-sample extrapolation of learned manifold. In this paper, we propose a novel algorithm of manifold learning. The proposed algorithm, namely Local and Global Regressive Mapping (LGRM), employs local regression models to grasp the manifold structure. We additionally impose a global regression term as regularization to learn a model for out-of-sample data extrapolation. Based on the algorithm, we propose a new manifold learning framework. Our framework can be applied to any manifold learning algorithms to simultaneously learn the low dimensional embedding of the training data and a model which provides explicit mapping of the out-of-sample data to the learned manifold. Experiments demonstrate that the proposed framework uncover the manifold structure precisely and can be freely applied to unseen data.",4
3,10.1016/J.WEBSEM.2009.07.002,DBpedia - A crystallization point for the Web of Data,,4
3,10.1109/TKDE.2008.204,Nonlinear Dimensionality Reduction with Local Spline Embedding,,4
3,10.1145/1401890.1401971,Hypergraph spectral learning for multi-label classification,"A hypergraph is a generalization of the traditional graph in which the edges are arbitrary non-empty subsets of the vertex set. It has been applied successfully to capture high-order relations in various domains. In this paper, we propose a hypergraph spectral learning formulation for multi-label classification, where a hypergraph is constructed to exploit the correlation information among different labels. We show that the proposed formulation leads to an eigenvalue problem, which may be computationally expensive especially for large-scale problems. To reduce the computational cost, we propose an approximate formulation, which is shown to be equivalent to a least squares problem under a mild condition. Based on the approximate formulation, efficient algorithms for solving least squares problems can be applied to scale the formulation to very large data sets. In addition, existing regularization techniques for least squares can be incorporated into the model for improved generalization performance. We have conducted experiments using large-scale benchmark data sets, and experimental results show that the proposed hypergraph spectral learning formulation is effective in capturing the high-order relations in multi-label problems. Results also indicate that the approximate formulation is much more efficient than the original one, while keeping competitive classification performance.",4
3,10.1145/1376616.1376746,Freebase: a collaboratively created graph database for structuring human knowledge,,4
3,10.1145/1291233.1291329,Spectral regression: a unified subspace learning framework for content-based image retrieval,,4
3,10.1145/1242572.1242667,YAGO: A Core of Semantic Knowledge Unifying WordNet and Wikipedia,,4
3,10.1007/s00211-007-0114-x,Fast linear algebra is stable,"In Demmel et al. (Numer. Math. 106(2), 199–224, 2007) we showed that a large class of fast recursive matrix multiplication algorithms is stable in a normwise sense, and that in fact if multiplication of n-by-n matrices can be done by any algorithm in O(nω+η) operations for any η > 0, then it can be done stably in O(nω+η) operations for any η > 0. Here we extend this result to show that essentially all standard linear algebra operations, including LU decomposition, QR decomposition, linear equation solving, matrix inversion, solving least squares problems, (generalized) eigenvalue problems and the singular value decomposition can also be done stably (in a normwise sense) in O(nω+η) operations.",4
3,10.1109/ICDM.2005.132,Shortest-path kernels on graphs,,4
3,10.1145/1015330.1015345,Learning a kernel matrix for nonlinear dimensionality reduction,,4
3,10.1126/SCIENCE.295.5552.7A,The Isomap Algorithm and Topological Stability,,4
3,10.1162/neco.1997.9.8.1735,Long Short-Term Memory,,4
3,10.1080/03081088508817681,Eigenvalues of the Laplacian of a graph,,4
3,10.1007/BF02163027,Singular value decomposition and least squares solutions,,4
3,10.1109/TKDE.2016.2606098,A Semi-NMF-PCA Unified Framework for Data Clustering,,4
3,10.1016/j.patcog.2016.07.043,Hierarchical graph embedding in vector space by graph pyramid,,4
3,10.1016/S0377-2217(01)00143-6,Semidefinite programming,,4
4,10.1016/j.knosys.2018.03.022,"Graph Embedding Techniques, Applications, and Performance: A Survey",,3
4,10.1109/ICDM.2016.0072,"Homophily, Structure, and Content Augmented Network Representation Learning",,3
4,10.1145/2939672.2939753,Structural Deep Network Embedding,,3
4,10.1145/2939672.2939751,Asymmetric Transitivity Preserving Graph Embedding,,3
4,10.18653/v1/P16-1095,Discriminative Deep Random Walk for Network Classification,"Deep Random Walk (DeepWalk) can learn a latent space representation for describing the topological structure of a network. However, for relational network classification, DeepWalk can be suboptimal as it lacks a mechanism to optimize the objective of the target task. In this paper, we present Discriminative Deep Random Walk (DDRW), a novel method for relational network classification. By solving a joint optimization problem, DDRW can learn the latent space representations that well capture the topological structure and meanwhile are discriminative for the network classification task. Our experimental results on several real social networks demonstrate that DDRW significantly outperforms DeepWalk on multilabel network classification tasks, while retaining the topological structure in the latent space. DDRW is stable and consistently outperforms the baseline methods by various percentages of labeled data. DDRW is also an online method that is scalable and can be naturally parallelized.",3
4,10.1609/aaai.v30i1.10179,Deep Neural Networks for Learning Graph Representations,"In this paper, we propose a novel model for learning graph representations, which generates a low-dimensional vector representation for each vertex by capturing the graph structural information. Different from other previous research efforts, we adopt a random surfing model to capture graph structural information directly, instead of using the sampling-based method for generating linear sequences proposed by Perozzi et al. (2014). The advantages of our approach will be illustrated from both theorical and empirical perspectives. We also give a new perspective for the matrix factorization method proposed by Levy and Goldberg (2014), in which the pointwise mutual information (PMI) matrix is considered as an analytical solution to the objective function of the skip-gram model with negative sampling proposed by Mikolov et al. (2013). Unlike their approach which involves the use of the SVD for finding the low-dimensitonal projections from the PMI matrix, however, the stacked denoising autoencoder is introduced in our model to extract complex features and model non-linearities. To demonstrate the effectiveness of our model, we conduct experiments on clustering and visualization tasks, employing the learned vertex representations as features. Empirical results on datasets of varying sizes show that our model outperforms other stat-of-the-art models in such tasks.",3
4,10.1145/2806416.2806512,GraRep: Learning Graph Representations with Global Structural Information,,3
4,10.1145/2783258.2783296,Heterogeneous Network Embedding via Deep Architectures,,3
4,10.1145/2736277.2741093,LINE: Large-scale Information Network Embedding,"This paper studies the problem of embedding very large information networks into low-dimensional vector spaces, which is useful in many tasks such as visualization, node classification, and link prediction. Most existing graph embedding methods do not scale for real world information networks which usually contain millions of nodes. In this paper, we propose a novel network embedding method called the ``LINE,'' which is suitable for arbitrary types of information networks: undirected, directed, and/or weighted. The method optimizes a carefully designed objective function that preserves both the local and global network structures. An edge-sampling algorithm is proposed that addresses the limitation of the classical stochastic gradient descent and improves both the effectiveness and the efficiency of the inference. Empirical experiments prove the effectiveness of the LINE on a variety of real-world information networks, including language networks, social networks, and citation networks. The algorithm is very efficient, which is able to learn the embedding of a network with millions of vertices and billions of edges in a few hours on a typical single machine. The source code of the LINE is available online\footnote{\url{https://github.com/tangjianpku/LINE}}.",3
4,10.1145/2488388.2488393,Distributed large-scale natural graph factorization,,3
4,10.1145/1553374.1553494,Structure preserving embedding,,3
4,10.1145/1101149.1101193,Semantic manifold learning for image retrieval,,3
4,10.1126/SCIENCE.290.5500.2323,Nonlinear dimensionality reduction by locally linear embedding.,,3
4,10.1109/TPAMI.2007.12,Graph Embedding and Extensions: A General Framework for Dimensionality Reduction,,3
4,10.1109/ICDE.2017.35,Scalable Temporal Latent Space Inference for Link Prediction in Dynamic Social Networks (Extended Abstract),,3
4,10.1145/3018661.3018667,Label Informed Attributed Network Embedding,,3
4,10.1145/2020408.2020566,Compression of weighted graphs,,3
4,10.1016/j.patcog.2010.11.015,Recent advances in graph-based pattern recognition with applications in document analysis,,3
4,10.1038/NPRE.2011.5627.1,The BioGRID Interaction Database,"The goal of the Biological General Repository for Interaction Datasets (BioGRID) (http://www.thebiogrid.org) is to archive and freely disseminate collections of genetic and protein interactions from major model organisms. BioGRID currently houses over 335,000 interactions curated from high-throughput datasets and individual focused studies found in the primary literature, as derived from some 23,000 publications. Complete coverage of the entire literature for both the budding yeast Saccharomyces cerevisiae and the fission yeast Schizosaccharomyces pombe has been achieved, resulting in the curation of over 246,000 interactions, and efforts to expand curation across multiple species are underway. Through collaborations with the Gene Ontology (GO) Consortium and the Linking Animal Models to Human Disease Initiative (LAMHDI), we are focusing our curation efforts across model organisms on particular areas of biology to enable insights into conserved networks and pathways that are relevant to human health.The BioGRID 3.0 web interface contains new search and display features that enable rapid queries across multiple data types and sources. A dedicated Interaction Management System (IMS) is used to track all curation and to prioritize publications across multiple curation projects. BioGRID data are incorporated in several model organism databases and other biological databases. The entire BioGRID interaction collection may be downloaded in multiple file formats, including PSI MI XML, and source code for BioGRID is freely available without any restrictions. This work is supported by NIH NCRR grant R01 RR024031 to MT and KD, and by grants from the CIHR and BBSRC to MT.",3
4,10.1007/978-1-4419-8462-3_5,Node Classification in Social Networks,"When dealing with large graphs, such as those that arise in the context of online social networks, a subset of nodes may be labeled. These labels can indicate demographic values, interest, beliefs or other characteristics of the nodes (users). A core problem is to use this information to extend the labeling so that all nodes are assigned a label (or labels).",3
4,10.1016/j.physa.2010.11.027,Link Prediction in Complex Networks: A Survey,,3
4,10.1109/JPROC.2010.2044470,Sparse Representation for Computer Vision and Pattern Recognition,,3
4,10.14778/1687627.1687709,Graph Clustering Based on Structural/Attribute Similarities,,3
4,10.1109/CVPR.2008.4587665,Non-negative graph embedding,,3
4,10.1145/1376616.1376661,Graph summarization with bounded error,,3
4,10.1145/1376616.1376675,Efficient aggregation for graph summarization,,3
4,10.1038/nature06830,Hierarchical structure and the prediction of missing links in networks,"Networks have in recent years emerged as an invaluable tool for describing and quantifying complex systems in many branches of science. Recent studies suggest that networks often exhibit hierarchical organization, in which vertices divide into groups that further subdivide into groups of groups, and so forth over multiple scales. In many cases the groups are found to correspond to known functional units, such as ecological niches in food webs, modules in biochemical networks (protein interaction networks, metabolic networks or genetic regulatory networks) or communities in social networks. Here we present a general technique for inferring hierarchical structure from network data and show that the existence of hierarchy can simultaneously explain and quantitatively reproduce many commonly observed topological properties of networks, such as right-skewed degree distributions, high clustering coefficients and short path lengths. We further show that knowledge of hierarchical structure can be used to predict missing connections in partly known networks with high accuracy, and for more general network structures than competing techniques. Taken together, our results suggest that hierarchy is a central organizing principle of complex networks, capable of offering insight into many network phenomena.",3
4,10.1145/1367497.1367618,Video suggestion and discovery for youtube: taking random walks through the view graph,,3
4,10.1093/nar/gkm1001,The BioGRID Interaction Database: 2008 update,"The Biological General Repository for Interaction Datasets (BioGRID) database (http://www.thebiogrid.org) was developed to house and distribute collections of protein and genetic interactions from major model organism species. BioGRID currently contains over 198 000 interactions from six different species, as derived from both high-throughput studies and conventional focused studies. Through comprehensive curation efforts, BioGRID now includes a virtually complete set of interactions reported to date in the primary literature for both the budding yeast Saccharomyces cerevisiae and the fission yeast Schizosaccharomyces pombe. A number of new features have been added to the BioGRID including an improved user interface to display interactions based on different attributes, a mirror site and a dedicated interaction management system to coordinate curation across different locations. The BioGRID provides interaction data with monthly updates to Saccharomyces Genome Database, Flybase and Entrez Gene. Source code for the BioGRID and the linked Osprey network visualization system is now freely available without restriction.",3
4,10.1145/1281192.1281280,SCAN: a structural clustering algorithm for networks,,3
4,10.1145/1348549.1348560,Applying link-based classification to label blogs,,3
4,10.1145/1273496.1273503,The rendezvous algorithm: multiclass semi-supervised learning with Markov random walks,,3
4,10.1007/978-3-540-72903-7_35,Graph Embedding in Vector Spaces by Means of Prototype Selection,,3
4,10.1109/TKDE.2007.46,Random-Walk Computation of Similarities between Nodes of a Graph with Application to Collaborative Recommendation,,3
4,10.7551/mitpress/7503.003.0199,Stochastic Relational Models for Discriminative Link Prediction,,3
4,10.1145/1217299.1217301,Graph evolution: Densification and shrinking diameters,"How do real graphs evolve over time? What are normal growth patterns in social, technological, and information networks? Many studies have discovered patterns in static graphs, identifying properties in a single snapshot of a large network or in a very small number of snapshots; these include heavy tails for in- and out-degree distributions, communities, small-world phenomena, and others. However, given the lack of information about network evolution over long periods, it has been hard to convert these findings into statements about trends over time. Here we study a wide range of real graphs, and we observe some surprising phenomena. First, most of these graphs densify over time with the number of edges growing superlinearly in the number of nodes. Second, the average distance between nodes often shrinks over time in contrast to the conventional wisdom that such distance parameters should increase slowly as a function of the number of nodes (like O(log n) or O(log(log n)). Existing graph generation models do not exhibit these types of behavior even at a qualitative level. We provide a new graph generator, based on a forest fire spreading process that has a simple, intuitive justification, requires very few parameters (like the flammability of nodes), and produces graphs exhibiting the full range of properties observed both in prior work and in the present study. We also notice that the forest fire model exhibits a sharp transition between sparse graphs and graphs that are densifying. Graphs with decreasing distance between the nodes are generated around this transition point. Last, we analyze the connection between the temporal evolution of the degree distribution and densification of a graph. We find that the two are fundamentally related. We also observe that real networks exhibit this type of relation between densification and the degree distribution.",3
4,10.1002/9781118548387,Applied Logistic Regression: Hosmer/Applied Logistic Regression,,3
4,10.1002/0471667196.ess1206,IEEE Transactions on Pattern Analysis and Machine Intelligence,"In the context of the appearance-based paradigm for object recognition, it is generally believed that algorithms based on LDA (Linear Discriminant Analysis) are superior to those based on PCA (Principal Components Analysis). In this communication we show that this is not always the case. We present our case (cid:12)rst by using intuitively plausible arguments and then by showing actual results on a face database. Our overall conclusion is that when the training dataset is small, PCA can outperform LDA, and also that PCA is less sensitive to di(cid:11)erent training datasets.",3
4,10.1002/0471602396.CH14,PRINCIPAL COMPONENT ANALYSIS AND FACTOR ANALYSIS,"This chapter contains sections titled: Introduction, ICA and PCA, Eigenvectors and Eigenvalues, PCA Applied to Speech Signal Mixtures, Factor Analysis, Summary",3
4,10.1145/980972.980992,Overview of the 2003 KDD Cup,,3
4,10.1016/j.socnet.2004.11.009,A measure of betweenness centrality based on random walks,,3
4,10.1103/PhysRevE.69.026113,Finding and evaluating community structure in networks.,"We propose and study a set of algorithms for discovering community structure in networks-natural divisions of network nodes into densely connected subgroups. Our algorithms all share two definitive features: first, they involve iterative removal of edges from the network to split it into communities, the edges removed being identified using any one of a number of possible ""betweenness"" measures, and second, these measures are, crucially, recalculated after each removal. We also propose a measure for the strength of the community structure found by our algorithms, which gives us an objective metric for choosing the number of communities into which a network should be divided. We demonstrate that our algorithms are highly effective at discovering community structure in both computer-generated and real-world network data, and show how they can be used to shed light on the sometimes dauntingly complex structure of networked systems.",3
4,10.1016/S0378-8733(03)00009-1,Friends and neighbors on the Web,,3
4,10.1109/ICDM.2001.989507,A min-max cut algorithm for graph partitioning and data clustering,,3
4,10.1098/rspb.2001.1800,The small world of human language,,3
4,10.7551/mitpress/1120.003.0080,Laplacian Eigenmaps and Spectral Techniques for Embedding and Clustering,,3
4,10.1126/SCIENCE.290.5500.2319,A global geometric framework for nonlinear dimensionality reduction.,,3
4,10.1002/1097-024X(200009)30:11%3C1203::AID-SPE338%3E3.0.CO;2-N,An open graph visualization system and its applications to software engineering,,3
4,10.1109/CVPR.1997.609407,Normalized cuts and image segmentation,,3
4,10.1109/65.587044,The changing environment for security protocols,,3
4,10.1007/BF01098364,The maximum clique problem,,3
4,10.1145/103418.103424,"Clique partitions, graph compression and speeding-up algorithms",,3
4,10.1016/0893-6080(90)90005-6,Universal approximation of an unknown mapping and its derivatives using multilayer feedforward networks,,3
4,10.1109/WVL.1989.77035,How to draw a directed graph,,3
4,10.1016/0925-7721(94)00014-X,Algorithms for Drawing Graphs: an Annotated Bibliography,,3
4,10.1080/01621459.1987.10478385,Stochastic Blockmodels for Directed Graphs,,3
4,10.1016/0378-8733(83)90021-7,Stochastic blockmodels: First steps,,3
4,10.2307/3010642,"Graphs, Networks, and Algorithms",,3
4,10.1016/0005-1098(78)90005-5,Modeling By Shortest Data Description*,,3
4,10.1137/0713009,Generalizing the Singular Value Decomposition,,3
4,10.1086/226141,Social Structure from Multiple Networks. I. Blockmodels of Roles and Positions,,3
4,10.1007/BF02289026,A new status index derived from sociometric analysis,,3
4,10.1080/14786440109462720,LIII. On lines and planes of closest fit to systems of points in space,,3
4,10.7551/mitpress/11884.003.0005,Graphs,,3
4,10.4018/978-1-4666-9964-9.CH003,Link Prediction in Complex Networks,"This chapter presents the problem of link prediction in complex networks. It provides general description, formal definition of the problem and applications. It gives a state-of-art of various existing link prediction approaches concentrating more on topological approaches. It presents the main challenges of link prediction task in real networks. There is description of our new link prediction approach based on supervised rank aggregation and our attempts to deal with two of the challenges to improve the prediction results. One approach is to extend the set of attributes describing an example (pair of nodes) calculated in a multiplex network that includes the target network. Multiplex networks have a layered structure, each layer having different kinds of links between same sets of nodes. The second way is to use community information for sampling of examples to deal with the problem of class imbalance. All experiments have been conducted on real networks extracted from well-known DBLP bibliographic database.",3
4,10.1007/978-1-4939-7131-2_100470,Homophily,,3
4,10.1007/978-1-4419-8462-3_9,A Survey of Link Prediction in Social Networks,,3
4,10.1007/978-1-4419-8462-3_11,Visualizing Social Networks,,3
4,10.1038/nprot.2009.177,Network visualization and analysis of gene expression data using BioLayout Express3D,,3
4,10.1007/b138283,"Graphs, networks and algorithms",,3
4,10.1137/1.9781611972757.25,A Spectral Clustering Approach To Finding Communities in Graph,,3
4,10.1109/2945.841119,Graph Visualization and Navigation in Information Visualization: A Survey,,3
4,10.5169/SEALS-266450,Etude comparative de la distribution florale dans une portion des Alpes et des Jura,,3
6,10.1145/2623330.2623732,DeepWalk: online learning of social representations,"We present DeepWalk, a novel approach for learning latent representations of vertices in a network. These latent representations encode social relations in a continuous vector space, which is easily exploited by statistical models. DeepWalk generalizes recent advancements in language modeling and unsupervised feature learning (or deep learning) from sequences of words to graphs. DeepWalk uses local information obtained from truncated random walks to learn latent representations by treating walks as the equivalent of sentences. We demonstrate DeepWalk's latent representations on several multi-label network classification tasks for social networks such as BlogCatalog, Flickr, and YouTube. Our results show that DeepWalk outperforms challenging baselines which are allowed a global view of the network, especially in the presence of missing information. DeepWalk's representations can provide F1 scores up to 10% higher than competing methods when labeled data is sparse. In some experiments, DeepWalk's representations are able to outperform all baseline methods while using 60% less training data. DeepWalk is also scalable. It is an online learning algorithm which builds useful incremental results, and is trivially parallelizable. These qualities make it suitable for a broad class of real world applications such as network classification, and anomaly detection.",1
6,10.1109/TPAMI.2013.50,Representation Learning: A Review and New Perspectives,"The success of machine learning algorithms generally depends on data representation, and we hypothesize that this is because different representations can entangle and hide more or less the different explanatory factors of variation behind the data. Although specific domain knowledge can be used to help design representations, learning with generic priors can also be used, and the quest for AI is motivating the design of more powerful representation-learning algorithms implementing such priors. This paper reviews recent work in the area of unsupervised feature learning and deep learning, covering advances in probabilistic models, autoencoders, manifold learning, and deep networks. This motivates longer term unanswered questions about the appropriate objectives for learning good representations, for computing representations (i.e., inference), and the geometrical connections between representation learning, density estimation, and manifold learning.",1
6,10.5555/1756006.1859891,Graph Kernels,"We present a unified framework to study graph kernels, special cases of which include the random walk (Gartner et al., 2003; Borgwardt et al., 2005) and marginalized (Kashima et al., 2003, 2004; Mahet al., 2004) graph kernels. Through reduction to a Sylvester equation we improve the time complexity of kernel computation between unlabeled graphs with n vertices from O(n6) to O(n3). We find a spectral decomposition approach even more efficient when computing entire kernel matrices. For labeled graphs we develop conjugate gradient and fixed-point methods that take O(dn3) time per iteration, where d is the size of the label set. By extending the necessary linear algebra to Reproducing Kernel Hilbert Spaces (RKHS) we obtain the same result for d-dimensional edge kernels, and O(n4) in the infinite-dimensional case; on sparse graphs these algorithms only take O(n2) time per iteration in all cases. Experiments on graphs from bioinformatics and other application domains show that these techniques can speed up computation of the kernel by an order of magnitude or more. We also show that certain rational kernels (Cortes et al., 2002, 2003, 2004) when specialized to graphs reduce to our random walk graph kernel. Finally, we relate our framework to R-convolution kernels (Haussler, 1999) and provide a kernel that is close to the optimal assignment kernel of kernel of Frohlich et al. (2006) yet provably positive semi-definite.",1
6,10.1145/1645953.1646094,Scalable learning of collective behavior based on sparse social dimensions,,1
6,10.1145/1557019.1557109,Relational learning via latent social dimensions,,1
6,10.1145/956863.956972,The link prediction problem for social networks,,1
6,10.1086/jar.33.4.3629752,An Information Flow Model for Conflict and Fission in Small Groups,"Data from a voluntary association are used to construct a new formal model for a traditional anthropological problem, fission in small groups. The process leading to fission is viewed as an unequal flow of sentiments and information across the ties in a social network. This flow is unequal because it is uniquely constrained by the contextual range and sensitivity of each relationship in the network. The subsequent differential sharing of sentiments leads to the formation of subgroups with more internal stability than the group as a whole, and results in fission. The Ford-Fulkerson labeling algorithm allows an accurate prediction of membership in the subgroups and of the locus of the fission to be made from measurements of the potential for information flow across each edge in the network. Methods for measurement of potential information flow are discussed, and it is shown that all appropriate techniques will generate the same predictions.",1
6,10.1145/2487575.2487610,Multi-label relational neighbor classification using social context features,,1
6,10.1145/3065386,ImageNet classification with deep convolutional neural networks,,1
6,10.1109/TASL.2011.2134090,Context-Dependent Pre-Trained Deep Neural Networks for Large-Vocabulary Speech Recognition,"We propose a novel context-dependent (CD) model for large-vocabulary speech recognition (LVSR) that leverages recent advances in using deep belief networks for phone recognition. We describe a pre-trained deep neural network hidden Markov model (DNN-HMM) hybrid architecture that trains the DNN to produce a distribution over senones (tied triphone states) as its output. The deep belief network pre-training algorithm is a robust and often helpful way to initialize deep neural networks generatively that can aid in optimization and reduce generalization error. We illustrate the key components of our model, describe the procedure for applying CD-DNN-HMMs to LVSR, and analyze the effects of various modeling choices on performance. Experiments on a challenging business search dataset demonstrate that CD-DNN-HMMs can significantly outperform the conventional context-dependent Gaussian mixture model (GMM)-HMMs, with an absolute sentence accuracy improvement of 5.8% and 9.2% (or relative error reduction of 16.0% and 23.2%) over the CD-GMM-HMMs trained using the minimum phone error rate (MPE) and maximum-likelihood (ML) criteria, respectively.",1
6,10.1145/2020408.2020512,It's who you know: graph mining using recursive structural features,,1
6,10.1007/s10618-010-0210-x,Leveraging social media networks for classification,,1
6,10.1109/ASONAM.2010.19,Semi-Supervised Classification of Network Data Using Very Few Labels,,1
6,10.5555/1756006.1756025,Why Does Unsupervised Pre-training Help Deep Learning?,,1
6,10.1145/1541880.1541882,Anomaly detection: A survey,,1
6,10.1007/s10994-008-5066-6,A bias/variance decomposition for models using collective inference,,1
6,10.1007/978-3-642-14929-0_1,Leveraging Label-Independent Features for Classification in Sparsely Labeled Networks: An Empirical Study,,1
6,10.1145/1401890.1401925,Using ghost edges for classification in sparsely labeled networks,,1
6,10.5555/1390681.1442794,LIBLINEAR: A Library for Large Linear Classification,,1
6,10.1109/FOCS.2006.44,Local Graph Partitioning using PageRank Vectors,,1
6,10.1073/PNAS.0601602103,Modularity and community structure in networks.,"Many networks of interest in the sciences, including social networks, computer networks, and metabolic and regulatory networks, are found to divide naturally into communities or modules. The problem of detecting and characterizing this community structure is one of the outstanding issues in the study of networked systems. One highly effective approach is the optimization of the quality function known as ""modularity"" over the possible divisions of a network. Here I show that the modularity can be expressed in terms of the eigenvectors of a characteristic matrix for the network, which I call the modularity matrix, and that this expression leads to a spectral algorithm for community detection that returns results of demonstrably higher quality than competing methods in shorter running times. I illustrate the method with applications to several published network data sets.",1
6,10.1145/1090193.1090201,Leveraging relational autocorrelation with latent group models,"The presence of autocorrelation provides a strong motivation for using relational learning and inference techniques. Autocorrelation is a statistical dependence between the values of the same variable on related entities and is a nearly ubiquitous characteristic of relational data sets. Recent research has explored the use of collective inference techniques to exploit this phenomenon. These techniques achieve significant performance gains by modeling observed correlations among class labels of related instances, but the models fail to capture a frequent cause of autocorrelation - the presence of underlying groups that influence the attributes on a set of entities. We propose a latent group model (LGM) for relational data, which discovers and exploits the hidden structures responsible for the observed autocorrelation among class labels. Modeling the latent group structure improves model performance, increases inference efficiency, and enhances our understanding of the datasets. We evaluate performance on three relational classification tasks and show that LGM outperforms models that ignore latent group structure, particularly when there is little information with which to seed inference.",1
6,10.1145/1007352.1007372,"Nearly-linear time algorithms for graph partitioning, graph sparsification, and solving linear systems","We present algorithms for solving symmetric, diagonally-dominant linear systems to accuracy ε in time linear in their number of non-zeros and log (κf (A) ε), where κf (A) is the condition number of the matrix defining the linear system. Our algorithm applies the preconditioned Chebyshev iteration with preconditioners designed using nearly-linear time algorithms for graph sparsification and graph partitioning.",1
6,10.1016/0004-3702(91)90084-W,Probabilistic reasoning in intelligent systems: Networks of plausible inference,,1
6,10.1109/TPAMI.1984.4767596,"Stochastic Relaxation, Gibbs Distributions, and the Bayesian Restoration of Images",,1
6,10.1109/TPAMI.1983.4767390,On the Foundations of Relaxation Labeling Processes,,1
6,10.1007/978-0-387-31439-6_100248,Stochastic Relaxation,,1
6,10.1137/1.9781611972825.71,Fast Random Walk Graph Kernel,,1
6,10.7551/mitpress/7432.001.0001,Introduction to Statistical Relational Learning,,1
6,10.21236/ada452802,A Simple Relational Classifier,,1
7,10.1109/TNN.2008.2005605,The Graph Neural Network Model,,0
7,10.1007/s11192-021-03984-1,Semantic and relational spaces in science of science: deep learning models for article vectorisation,"Over the last century, we observe a steady and exponential growth of scientific publications globally. The overwhelming amount of available literature makes a holistic analysis of the research within a field and between fields based on manual inspection impossible. Automatic techniques to support the process of literature review are required to find the epistemic and social patterns that are embedded in scientific publications. In computer sciences, new tools have been developed to deal with large volumes of data. In particular, deep learning techniques open the possibility of automated end-to-end models to project observations to a new, low-dimensional space where the most relevant information of each observation is highlighted. Using deep learning to build new representations of scientific publications is a growing but still emerging field of research. The aim of this paper is to discuss the potential and limits of deep learning for gathering insights about scientific research articles. We focus on document-level embeddings based on the semantic and relational aspects of articles, using Natural Language Processing (NLP) and Graph Neural Networks (GNNs). We explore the different outcomes generated by those techniques. Our results show that using NLP we can encode a semantic space of articles, while GNN we enable us to build a relational space where the social practices of a research community are also encoded.",0
7,10.1162/qss_e_00061,Bridging the divide between qualitative and quantitative science studies,"Amsterdam School of Communication Research (ASCoR), University of Amsterdam, PO Box 15793, 1001 NG Amsterdam, The Netherlands Centre for Science and Technology Studies (CWTS), Leiden University, Leiden, The Netherlands & SPRU (Science Policy Research Unit), University of Sussex, UK Center for Complex Networks and Systems Research, The Luddy School of Informatics, Computing, and Engineering, Indiana University, Bloomington, USA",0
7,10.1162/qss_a_00056,Against method: Exploding the boundary between qualitative and quantitative studies of science,"Quantitative and qualitative studies of science have historically played radically different roles with opposing epistemological commitments. Using large-scale text analysis, we see that qualitative studies generate and value new theory, especially regarding the complex social and political contexts of scientific action, while quantitative approaches confirm existing theory and evaluate the performance of scientific institutions. Large-scale digital data and emerging computational methods could allow us to refigure these positions, turning qualitative artifacts into quantitative patterns into qualitative insights across many scales, heralding a new era of theory development, engagement, and relevance for scientists, policy-makers, and society.",0
7,10.1007/s11192-020-03563-w,The world-systemic network of global elite sociology: the western male monoculture at faculties of the top one-hundred sociology departments of the world,"In this paper, we analyze the educational paths and networks of core staff members (n = 3325) of the world’s top 100 sociology departments. Results show that a significant overrepresentation of central countries and considerable gender bias can be found throughout sociology departments with strong male dominance in high positions. By using an improved word-systemic model for the interpretation of our data, we were able to categorize the main agents and patients in the world-system of global elite sociology, and we could also describe those centripetal and centrifugal forces that absorb and reeducate peripheral talent while excluding those without Western reeducation.",0
7,10.1177/0038038519853146,The Methodological Divide of Sociology: Evidence from Two Decades of Journal Publications,"Past research indicates that Sociology is a low-consensus discipline, where different schools of thought have distinct expectations about suitable scientific practices. This division of Sociology into different subfields is to a large extent related to methodology and choices between qualitative or quantitative research methods. Relying on theoretical constructs of the academic prestige economy, boundary demarcation and taste for research, we examine the methodological divide in generalist Sociology journals. Using automated text analysis for 8737 abstracts of articles published between 1995 and 2017, we discover evidence of this divide, but also of an entanglement between methodological choices and different research topics. Moreover, our results suggest a marginally increasing time trend for the publication of quantitative research in generalist journals. We discuss how this consolidation of methodological practices could enforce the entrenchment of different schools of thought, which ultimately reduces the potential for innovative and effective sociological research.",0
7,10.1007/s10734-020-00500-x,"Mapping the scattered field of research on higher education. A correlated topic model of 17,000 articles, 1991–2018","Parallel to the increasing level of maturity of the field of research on higher education, an increasing number of scholarly works aims at synthesising and presenting overviews of the field. We identify three important pitfalls these previous studies struggle with, i.e. a limited scope, a lack of a content-related analysis, and/or a lack of an inductive approach. We take these limitations into account by analysing the abstracts of 16,928 articles on higher education between 1991 and 2018. To investigate this huge collection of texts, we apply topic models, which are a collection of automatic content analysis methods that allow to map the structure of large text data. After an in-depth discussion of the topics differentiated by our model, we study how these topics have evolved over time. In addition, we analyse which topics tend to co-occur in articles. This reveals remarkable gaps in the literature which provides interesting opportunities for future research. Furthermore, our analysis corroborates the claim that the field of research on higher education consists of isolated ‘islands’. Importantly, we find that these islands drift further apart because of a trend of specialisation. This is a bleak finding, suggesting the (further) disintegration of our field.",0
7,10.1016/J.NEUNET.2020.06.006,A Gentle Introduction to Deep Learning for Graphs,,0
7,10.1007/s11192-019-03206-9,P2V: large-scale academic paper embedding,,0
7,10.18653/v1/P19-1452,BERT Rediscovers the Classical NLP Pipeline,"Pre-trained text encoders have rapidly advanced the state of the art on many NLP tasks. We focus on one such model, BERT, and aim to quantify where linguistic information is captured within the network. We find that the model represents the steps of the traditional NLP pipeline in an interpretable and localizable way, and that the regions responsible for each step appear in the expected sequence: POS tagging, parsing, NER, semantic roles, then coreference. Qualitative analysis reveals that the model can and often does adjust this pipeline dynamically, revising lower-level decisions on the basis of disambiguating information from higher-level representations.",0
7,10.1109/TPAMI.2021.3081010,Graph U-Nets,"We consider the problem of representation learning for graph data. Given images are special cases of graphs with nodes lie on 2D lattices, graph embedding tasks have a natural correspondence with image pixel-wise prediction tasks such as segmentation. While encoder-decoder architectures like U-Nets have been successfully applied to image pixel-wise prediction tasks, similar methods are lacking for graph data. This is because pooling and up-sampling operations are not natural on graph data. To address these challenges, we propose novel graph pooling and unpooling operations. The gPool layer adaptively selects some nodes to form a smaller graph based on their scalar projection values. We further propose the gUnpool layer as the inverse operation of the gPool layer. Based on our proposed methods, we develop an encoder-decoder model, known as the graph U-Nets. Experimental results on node classification and graph classification tasks demonstrate that our methods achieve consistently better performance than previous models. Along this direction, we extend our methods by integrating attention mechanisms. Based on attention operators, we proposed attention-based pooling and unpooling layers, which can better capture graph topology information. The empirical results on graph classification tasks demonstrate the promising capability of our methods.",0
7,10.1177/0003122419877135,The Geometry of Culture: Analyzing the Meanings of Class through Word Embeddings,"We argue word embedding models are a useful tool for the study of culture using a historical analysis of shared understandings of social class as an empirical case. Word embeddings represent semantic relations between words as relationships between vectors in a high-dimensional space, specifying a relational model of meaning consistent with contemporary theories of culture. Dimensions induced by word differences (rich – poor) in these spaces correspond to dimensions of cultural meaning, and the projection of words onto these dimensions reflects widely shared associations, which we validate with surveys. Analyzing text from millions of books published over 100 years, we show that the markers of class continuously shifted amidst the economic transformations of the twentieth century, yet the basic cultural dimensions of class remained remarkably stable. The notable exception is education, which became tightly linked to affluence independent of its association with cultivated taste.",0
7,10.1126/science.aao0185,Science of Science,,0
7,10.1080/00031305.2017.1375989,Data Organization in Spreadsheets,"ABSTRACT Spreadsheets are widely used software tools for data entry, storage, analysis, and visualization. Focusing on the data entry and storage aspects, this article offers practical recommendations for organizing spreadsheet data to reduce errors and ease later analyses. The basic principles are: be consistent, write dates like YYYY-MM-DD, do not leave any cells empty, put just one thing in a cell, organize the data as a single rectangle (with subjects as rows and variables as columns, and with a single header row), create a data dictionary, do not include calculations in the raw data files, do not use font color or highlighting as data, choose good names for things, make backups, use data validation to avoid data entry errors, and save the data in plain text files.",0
7,10.1073/pnas.1720347115,Word embeddings quantify 100 years of gender and ethnic stereotypes,"Significance Word embeddings are a popular machine-learning method that represents each English word by a vector, such that the geometry between these vectors captures semantic relations between the corresponding words. We demonstrate that word embeddings can be used as a powerful tool to quantify historical trends and social change. As specific applications, we develop metrics based on word embeddings to characterize how gender stereotypes and attitudes toward ethnic minorities in the United States evolved during the 20th and 21st centuries starting from 1910. Our framework opens up a fruitful intersection between machine learning and quantitative social science. Word embeddings are a powerful machine-learning framework that represents each English word by a vector. The geometric relationship between these vectors captures meaningful semantic relationships between the corresponding words. In this paper, we develop a framework to demonstrate how the temporal dynamics of the embedding helps to quantify changes in stereotypes and attitudes toward women and ethnic minorities in the 20th and 21st centuries in the United States. We integrate word embeddings trained on 100 y of text data with the US Census to show that changes in the embedding track closely with demographic and occupation shifts over time. The embedding captures societal shifts—e.g., the women’s movement in the 1960s and Asian immigration into the United States—and also illuminates how specific adjectives and occupations became more closely associated with certain populations over time. Our framework for temporal analysis of word embedding opens up a fruitful intersection between machine learning and quantitative social science.",0
7,10.1126/science.aal4230,Semantics derived automatically from language corpora contain human-like biases,"Machines learn what people know implicitly AlphaGo has demonstrated that a machine can learn how to do things that people spend many years of concentrated study learning, and it can rapidly learn how to do them better than any human can. Caliskan et al. now show that machines can learn word associations from written texts and that these associations mirror those learned by humans, as measured by the Implicit Association Test (IAT) (see the Perspective by Greenwald). Why does this matter? Because the IAT has predictive value in uncovering the association between concepts, such as pleasantness and flowers or unpleasantness and insects. It can also tease out attitudes and beliefs—for example, associations between female names and family or male names and career. Such biases may not be expressed explicitly, yet they can prove influential in behavior. Science, this issue p. 183; see also p. 133 Computers can learn which words go together more or less often and can thus mimic human performance on a test of implicit bias. Machine learning is a means to derive artificial intelligence by discovering patterns in existing data. Here, we show that applying machine learning to ordinary human language results in human-like semantic biases. We replicated a spectrum of known biases, as measured by the Implicit Association Test, using a widely used, purely statistical machine-learning model trained on a standard corpus of text from the World Wide Web. Our results indicate that text corpora contain recoverable and accurate imprints of our historic biases, whether morally neutral as toward insects or flowers, problematic as toward race or gender, or even simply veridical, reflecting the status quo distribution of gender with respect to careers or first names. Our methods hold promise for identifying and addressing sources of bias in culture, including technology.",0
7,10.1098/rsta.2012.0375,Network science,,0
7,10.1016/j.joi.2015.10.005,Quantifying the cognitive extent of science,,0
7,10.1080/00091383.2015.1053777,"Exponential Growth and the Shifting Global Center of Gravity of Science Production, 1900–2011","Long historical trends in scientific discovery led mid-20th century scientometricians to mark the advent of “big science”—extensive science production (de Solla Price, 1961, 1963). They also predic...",0
7,10.1177/0011392114548640,Introduction: Current tensions and trends in the World Scientific System,"Several studies have delved into the globalization of academic exchanges, the expansion of internet search engines, transnational networks and the multiplication collaborative flows (Didou and Gérard, 2009; Altbach, Reisberg and Rumbley, 2009; Gingras and Mosbah-Natanson, 2010; Leclerc-Olive et al., 2011; Arvanitis and Gaillard, 2012). These new trends have been created by the expansion of English as a ‘universal’ lingua franca and the development of an ‘international’ system for academic publishing. This publishing circuit has been reinforced in the last decades, along with the increasing mercantilization of higher education and the application of scientometrics for external evaluation of institutions or individual competition for tenure and promotion. Global university rankings are built giving increasing importance to research performance, by measuring the volume of articles published and observing ‘research influence’. National rankings are also marked by these ‘international’ tendencies along with the creation of public or private agencies for external evaluation that have a strong influence in investment decisions. The database that has enabled the construction of these rankings and indicators has been the Philadelphia-based Institute for Scientific Information (currently Thomson & Reuters, Web of Science), empowered as the unique representation of ‘international’ science for more than 40 years. The basis for the consolidation of WoS was the creation of citation indexes, built through the 1950s and 1960s thanks to an ‘army of indexers’ (as Garfield liked to call the authors) because their references replaced former ‘cataloguers’ (Thomson Reuters, 2013: 26). The progressive inclusion of non-American journals in these citation indexes transformed WoS in a platform for global visibility. During the last few decades, along with the growth of academic publishing, ISI-style indexing became universally accepted, moulding even peripheral journals. Citation data collected by ISI and impact factors calculated in WoS became, thus, conceived as ‘universal’, while being built in concrete academic centers that reached the top of the system they themselves created –ISI ultimately defined what, and how, a paper was ‘publishable’. As Vessuri, Guédon and Cetto (2014) have argued, although designed originally to graph the circulation of theories, concepts, methods and tools, to analyze the networking connections among scientists and to measure the possible impact of published articles, 548640 CSI0010.1177/0011392114548640Current SociologyIntroduction research-article2014",0
7,10.3115/v1/W14-3110,LDAvis: A method for visualizing and interpreting topics,"We present LDAvis, a web-based interactive visualization of topics estimated using Latent Dirichlet Allocation that is built using a combination of R and D3. Our visualization provides a global view of the topics (and how they differ from each other), while at the same time allowing for a deep inspection of the terms most highly associated with each individual topic. First, we propose a novel method for choosing which terms to present to a user to aid in the task of topic interpretation, in which we define the relevance of a term to a topic. Second, we present results from a user study that suggest that ranking terms purely by their probability under a topic is suboptimal for topic interpretation. Last, we describe LDAvis, our visualization system that allows users to flexibly explore topic-term relationships using relevance to better understand a fitted LDA model.",0
7,10.1140/epjds/s13688-014-0011-3,Exploiting citation networks for large-scale author name disambiguation,"We present a novel algorithm and validation method for disambiguating author names in very large bibliographic data sets and apply it to the full Web of Science (WoS) citation index. Our algorithm relies only upon the author and citation graphs available for the whole period covered by the WoS. A pair-wise publication similarity metric, which is based on common co-authors, self-citations, shared references and citations, is established to perform a two-step agglomerative clustering that first connects individual papers and then merges similar clusters. This parameterized model is optimized using an h-index based recall measure, favoring the correct assignment of well-cited publications, and a name-initials-based precision using WoS metadata and cross-referenced Google Scholar profiles. Despite the use of limited metadata, we reach a recall of 87% and a precision of 88% with a preference for researchers with high h-index values. 47 million articles of WoS can be disambiguated on a single machine in less than a day. We develop an h-index distribution model, confirming that the prediction is in excellent agreement with the empirical data, and yielding insight into the utility of the h-index in real academic ranking scenarios.",0
7,10.1038/497557a,Collaborations: The fourth age of research,,0
7,10.1017/nws.2013.2,What is network science?,,0
7,10.1057/HEP.2011.9,Power and Networks in Worldwide Knowledge Coordination: The Case of Global Science,,0
7,10.1007/s11192-010-0162-3,The discipline dependence of citation statistics,,0
7,10.1007/s11192-009-2126-z,Do types of collaboration change citation? Collaboration and citation patterns of South African science publications,,0
7,10.3354/ESEP00084,Citation counts for research evaluation: standards of good practice for analyzing bibliometric data and presenting and interpreting results,"With the ready accessibility of bibliometric data and the availability of ready-to-use tools for generating bibliometric indicators for evaluation purposes, there is the danger of inappropri- ate use. Here we present standards of good practice for analyzing bibliometric data and presenting and interpreting the results. Comparisons drawn between research groups as to research perfor- mance are valid only if (1) the scientific impact of the research groups or their publications are looked at by using box plots, Lorenz curves, and Gini coefficients to represent distribution characteristics of data (in other words, going beyond the usual arithmetic mean value), (2) different reference stan- dards are used to assess the impact of research groups, and the appropriateness of the reference stan- dards undergoes critical examination, and (3) statistical analyses comparing citation counts take into consideration that citations are a function of many influencing factors besides scientific quality.",0
7,10.1214/07-AOAS114,A correlated topic model of Science,"Topic models, such as latent Dirichlet allocation (LDA), can be useful tools for the statistical analysis of document collections and other discrete data. The LDA model assumes that the words of each document arise from a mixture of topics, each of which is a distribution over the vocabulary. A limitation of LDA is the inability to model topic correlation even though, for example, a document about genetics is more likely to also be about disease than X-ray astronomy. This limitation stems from the use of the Dirichlet distribution to model the variability among the topic proportions. In this paper we develop the correlated topic model (CTM), where the topic proportions exhibit correlation via the logistic normal distribution [J. Roy. Statist. Soc. Ser. B 44 (1982) 139--177]. We derive a fast variational inference algorithm for approximate posterior inference in this model, which is complicated by the fact that the logistic normal is not conjugate to the multinomial. We apply the CTM to the articles from Science published from 1990--1999, a data set that comprises 57M words. The CTM gives a better fit of the data than LDA, and we demonstrate its use as an exploratory tool of large document collections.",0
7,10.1111/J.1540-5907.2008.00338.X,A Scaling Model for Estimating Time-Series Party Positions from Texts,,0
7,10.2307/41166348,Managing in a “Small World Ecosystem”: Lessons from the Software Sector,,0
7,10.1023/B:SCIE.0000034384.35498.7d,Inflationary bibliometric values: The role of scientific collaboration and the need for relative indicators in evaluative studies,,0
7,10.1038/430311a,The scientific impact of nations,,0
7,10.1177/000312240406900204,The Structure of a Social Science Collaboration Network: Disciplinary Cohesion from 1963 to 1999,,0
7,10.1177/14761270030013002,"The Small World of the American Corporate Elite, 1982-2001",,0
7,10.1016/B978-0-12-411519-4.00006-9,Latent Dirichlet Allocation,,0
7,10.1007/BF02458380,The influence of international collaboration on the impact of research results,,0
7,10.1007/BF02459289,Characteristics and impact of the matthew effect for countries,,0
7,10.1177/030631293023002004,The Matthew Matilda Effect in Science,,0
7,10.1162/neco.1989.1.4.541,Backpropagation Applied to Handwritten Zip Code Recognition,,0
7,10.2307/2063283,The Sociology of Science: Theoretical and Empirical Investigations.,,0
7,10.1002/asi.4630240406,Co-citation in the scientific literature: A new measure of the relationship between two documents,,0
7,10.1126/SCIENCE.178.4060.471,Citation analysis as a tool in journal evaluation.,,0
7,10.2514/8.5282,Gradient Theory of Optimal Flight Paths,,0
7,10.1126/science.153.3731.34,Dynamic Programming,,0
7,10.1007/978-3-319-73004-2_6,Convolutional Neural Networks,"This chapter introduces the first deep learning architecture of the book, convolutional neural networks. It starts with redefining the way a logistic regression accepts data, and defines 1D and 2D convolutional layers as a natural extension of the logistic regression. The chapter also details on how to connect the layers and dimensionality problems. The local receptive field is introduced as a core concept of any convolutional architecture and the connections with the vanishing gradient problem is explored. Also the idea of padding is introduced in the visual setting, as well as the stride of the local receptive field. Pooling is also explored in the general setting and as max-pooling. A complete convolutional neural network for classifying MNIST is then presented in Keras code, and all the details of the code are presented as comments and illustrations. The final section of the chapter presents modifications needed to adapt convolutional networks, which are primarily visual classificators, to work with text and language.",0
7,10.1142/S1793351X16500045,Deep Learning,,0
7,10.1002/asi.21419,"Co-citation analysis, bibliographic coupling, and direct citation: Which citation approach represents the research front most accurately?",,0
7,10.1090/s0002-9947-1984-0756039-5,On the evolution of random graphs,,0
7,10.2307/3104125,"Citation indexing - its theory and application in science, technology, and humanities",,0
7,10.1063/1.3128814,The Sociology of Science: Theoretical and Empirical Investigations,,0
7,10.7312/pric91844,"Little Science, Big Science",,0
7,10.1002/ASI.5090140103,Bibliographic coupling between scientific papers,,0
5,10.18653/v1/D17-1070,Supervised Learning of Universal Sentence Representations from Natural Language Inference Data,"Many modern NLP systems rely on word embeddings, previously trained in an unsupervised manner on large corpora, as base features. Efforts to obtain embeddings for larger chunks of text, such as sentences, have however not been so successful. Several attempts at learning unsupervised representations of sentences have not reached satisfactory enough performance to be widely adopted. In this paper, we show how universal sentence representations trained using the supervised data of the Stanford Natural Language Inference datasets can consistently outperform unsupervised methods like SkipThought vectors on a wide range of transfer tasks. Much like how computer vision uses ImageNet to obtain features, which can then be transferred to other tasks, our work tends to indicate the suitability of natural language inference for transfer learning to other NLP tasks. Our encoder is publicly available.",2
5,10.18653/v1/n19-1423,BERT: Pre-training of Deep Bidirectional Transformers for Language Understanding,"We introduce a new language representation model called BERT, which stands for Bidirectional Encoder Representations from Transformers. Unlike recent language representation models (Peters et al., 2018a; Radford et al., 2018), BERT is designed to pre-train deep bidirectional representations from unlabeled text by jointly conditioning on both left and right context in all layers. As a result, the pre-trained BERT model can be fine-tuned with just one additional output layer to create state-of-the-art models for a wide range of tasks, such as question answering and language inference, without substantial task-specific architecture modifications. BERT is conceptually simple and empirically powerful. It obtains new state-of-the-art results on eleven natural language processing tasks, including pushing the GLUE score to 80.5 (7.7 point absolute improvement), MultiNLI accuracy to 86.7% (4.6% absolute improvement), SQuAD v1.1 question answering Test F1 to 93.2 (1.5 point absolute improvement) and SQuAD v2.0 Test F1 to 83.1 (5.1 point absolute improvement).",2
5,10.18653/v1/P18-1158,Multi-Granularity Hierarchical Attention Fusion Networks for Reading Comprehension and Question Answering,"This paper describes a novel hierarchical attention network for reading comprehension style question answering, which aims to answer questions for a given narrative paragraph. In the proposed method, attention and fusion are conducted horizontally and vertically across layers at different levels of granularity between question and paragraph. Specifically, it first encode the question and paragraph with fine-grained language embeddings, to better capture the respective representations at semantic level. Then it proposes a multi-granularity fusion approach to fully fuse information from both global and attended representations. Finally, it introduces a hierarchical attention network to focuses on the answer span progressively with multi-level soft-alignment. Extensive experiments on the large-scale SQuAD, TriviaQA dataset validate the effectiveness of the proposed method. At the time of writing the paper, our model achieves state-of-the-art on the both SQuAD and TriviaQA Wiki leaderboard as well as two adversarial SQuAD datasets.",2
5,10.18653/v1/D18-1217,Semi-Supervised Sequence Modeling with Cross-View Training,"Unsupervised representation learning algorithms such as word2vec and ELMo improve the accuracy of many supervised NLP models, mainly because they can take advantage of large amounts of unlabeled text. However, the supervised models only learn from task-specific labeled data during the main training phase. We therefore propose Cross-View Training (CVT), a semi-supervised learning algorithm that improves the representations of a Bi-LSTM sentence encoder using a mix of labeled and unlabeled data. On labeled examples, standard supervised learning is used. On unlabeled examples, CVT teaches auxiliary prediction modules that see restricted views of the input (e.g., only part of a sentence) to match the predictions of the full model seeing the whole input. Since the auxiliary modules and the full model share intermediate representations, this in turn improves the full model. Moreover, we show that CVT is particularly effective when combined with multi-task learning. We evaluate CVT on five sequence tagging tasks, machine translation, and dependency parsing, achieving state-of-the-art results.",2
5,10.18653/v1/D18-1179,Dissecting Contextual Word Embeddings: Architecture and Representation,"Contextual word representations derived from pre-trained bidirectional language models (biLMs) have recently been shown to provide significant improvements to the state of the art for a wide range of NLP tasks. However, many questions remain as to how and why these models are so effective. In this paper, we present a detailed empirical study of how the choice of neural architecture (e.g. LSTM, CNN, or self attention) influences both end task accuracy and qualitative properties of the representations that are learned. We show there is a tradeoff between speed and accuracy, but all architectures learn high quality contextual representations that outperform word embeddings for four challenging NLP tasks. Additionally, all architectures learn representations that vary with network depth, from exclusively morphological based at the word embedding layer through local syntax based in the lower contextual layers to longer range semantics such coreference at the upper layers. Together, these results suggest that unsupervised biLMs, independent of architecture, are learning much more about the structure of language than previously appreciated.",2
5,10.18653/v1/D18-1009,SWAG: A Large-Scale Adversarial Dataset for Grounded Commonsense Inference,"Given a partial description like “she opened the hood of the car,” humans can reason about the situation and anticipate what might come next (”then, she examined the engine”). In this paper, we introduce the task of grounded commonsense inference, unifying natural language inference and commonsense reasoning. We present SWAG, a new dataset with 113k multiple choice questions about a rich spectrum of grounded situations. To address the recurring challenges of the annotation artifacts and human biases found in many existing datasets, we propose Adversarial Filtering (AF), a novel procedure that constructs a de-biased dataset by iteratively training an ensemble of stylistic classifiers, and using them to filter the data. To account for the aggressive adversarial filtering, we use state-of-the-art language models to massively oversample a diverse set of potential counterfactuals. Empirical results demonstrate that while humans can solve the resulting inference problems with high accuracy (88%), various competitive models struggle on our task. We provide comprehensive analysis that indicates significant opportunities for future research.",2
5,10.1609/aaai.v33i01.33013159,Character-Level Language Modeling with Deeper Self-Attention,"LSTMs and other RNN variants have shown strong performance on character-level language modeling. These models are typically trained using truncated backpropagation through time, and it is common to assume that their success stems from their ability to remember long-term contexts. In this paper, we show that a deep (64-layer) transformer model (Vaswani et al. 2017) with fixed context outperforms RNN variants by a large margin, achieving state of the art on two popular benchmarks: 1.13 bits per character on text8 and 1.06 on enwik8. To get good results at this depth, we show that it is important to add auxiliary losses, both at intermediate network layers and intermediate sequence positions.",2
5,10.1162/tacl_a_00290,Neural Network Acceptability Judgments,"Abstract This paper investigates the ability of artificial neural networks to judge the grammatical acceptability of a sentence, with the goal of testing their linguistic competence. We introduce the Corpus of Linguistic Acceptability (CoLA), a set of 10,657 English sentences labeled as grammatical or ungrammatical from published linguistics literature. As baselines, we train several recurrent neural network models on acceptability classification, and find that our models outperform unsupervised models by Lau et al. (2016) on CoLA. Error-analysis on specific grammatical phenomena reveals that both Lau et al.’s models and ours learn systematic generalizations like subject-verb-object order. However, all models we test perform far below human level on a wide range of grammatical constructions.",2
5,10.18653/v1/W18-5446,GLUE: A Multi-Task Benchmark and Analysis Platform for Natural Language Understanding,"Human ability to understand language is general, flexible, and robust. In contrast, most NLU models above the word level are designed for a specific task and struggle with out-of-domain data. If we aspire to develop models with understanding beyond the detection of superficial correspondences between inputs and outputs, then it is critical to develop a unified model that can execute a range of linguistic tasks across different domains. To facilitate research in this direction, we present the General Language Understanding Evaluation (GLUE, gluebenchmark.com): a benchmark of nine diverse NLU tasks, an auxiliary dataset for probing models for understanding of specific linguistic phenomena, and an online platform for evaluating and comparing models. For some benchmark tasks, training data is plentiful, but for others it is limited or does not match the genre of the test set. GLUE thus favors models that can represent linguistic knowledge in a way that facilitates sample-efficient learning and effective knowledge-transfer across tasks. While none of the datasets in GLUE were created from scratch for the benchmark, four of them feature privately-held test data, which is used to ensure that the benchmark is used fairly. We evaluate baselines that use ELMo (Peters et al., 2018), a powerful transfer learning technique, as well as state-of-the-art sentence representation models. The best models still achieve fairly low absolute scores. Analysis with our diagnostic dataset yields similarly weak performance over all phenomena tested, with some exceptions.",2
5,10.18653/v1/P18-1078,Simple and Effective Multi-Paragraph Reading Comprehension,"We introduce a method of adapting neural paragraph-level question answering models to the case where entire documents are given as input. Most current question answering models cannot scale to document or multi-document input, and naively applying these models to each paragraph independently often results in them being distracted by irrelevant text. We show that it is possible to significantly improve performance by using a modified training scheme that teaches the model to ignore non-answer containing paragraphs. Our method involves sampling multiple paragraphs from each document, and using an objective function that requires the model to produce globally correct output. We additionally identify and improve upon a number of other design decisions that arise when working with document-level data. Experiments on TriviaQA and SQuAD shows our method advances the state of the art, including a 10 point gain on TriviaQA.",2
5,10.18653/v1/S17-2001,SemEval-2017 Task 1: Semantic Textual Similarity Multilingual and Crosslingual Focused Evaluation,"Semantic Textual Similarity (STS) measures the meaning similarity of sentences. Applications include machine translation (MT), summarization, generation, question answering (QA), short answer grading, semantic search, dialog and conversational systems. The STS shared task is a venue for assessing the current state-of-the-art. The 2017 task focuses on multilingual and cross-lingual pairs with one sub-track exploring MT quality estimation (MTQE) data. The task obtained strong participation from 31 teams, with 17 participating in all language tracks. We summarize performance and review a selection of well performing methods. Analysis highlights common errors, providing insight into the limitations of existing models. To support ongoing work on semantic representations, the STS Benchmark is introduced as a new shared training and evaluation set carefully selected from the corpus of English STS shared task data (2012-2017).",2
5,10.24963/ijcai.2018/570,Reinforced Mnemonic Reader for Machine Reading Comprehension,"In this paper, we introduce the Reinforced Mnemonic Reader for machine reading comprehension tasks, which enhances previous attentive readers in two aspects. First, a reattention mechanism is proposed to refine current attentions by directly accessing to past attentions that are temporally memorized in a multi-round alignment architecture, so as to avoid the problems of attention redundancy and attention deficiency. Second, a new optimization approach, called dynamic-critical reinforcement learning, is introduced to extend the standard supervised method. It always encourages to predict a more acceptable answer so as to address the convergence suppression problem occurred in traditional reinforcement learning algorithms. Extensive experiments on the Stanford Question Answering Dataset (SQuAD) show that our model achieves state-of-the-art results. Meanwhile, our model outperforms previous systems by over 6% in terms of both Exact Match and F1 metrics on two adversarial SQuAD datasets.",2
5,10.18653/v1/P17-1147,TriviaQA: A Large Scale Distantly Supervised Challenge Dataset for Reading Comprehension,"We present TriviaQA, a challenging reading comprehension dataset containing over 650K question-answer-evidence triples. TriviaQA includes 95K question-answer pairs authored by trivia enthusiasts and independently gathered evidence documents, six per question on average, that provide high quality distant supervision for answering the questions. We show that, in comparison to other recently introduced large-scale datasets, TriviaQA (1) has relatively complex, compositional questions, (2) has considerable syntactic and lexical variability between questions and corresponding answer-evidence sentences, and (3) requires more cross sentence reasoning to find answers. We also present two baseline algorithms: a feature-based classifier and a state-of-the-art neural network, that performs well on SQuAD reading comprehension. Neither approach comes close to human performance (23% and 40% vs. 80%), suggesting that TriviaQA is a challenging testbed that is worth significant future study.",2
5,10.18653/v1/P17-1161,Semi-supervised sequence tagging with bidirectional language models,"Pre-trained word embeddings learned from unlabeled text have become a standard component of neural network architectures for NLP tasks. However, in most cases, the recurrent network that operates on word-level representations to produce context sensitive representations is trained on relatively little labeled data. In this paper, we demonstrate a general semi-supervised approach for adding pretrained context embeddings from bidirectional language models to NLP systems and apply it to sequence labeling tasks. We evaluate our model on two standard datasets for named entity recognition (NER) and chunking, and in both cases achieve state of the art results, surpassing previous systems that use other forms of transfer or joint learning with additional labeled data and task specific gazetteers.",2
5,10.18653/v1/K16-1006,context2vec: Learning Generic Context Embedding with Bidirectional LSTM,"Context representations are central to various NLP tasks, such as word sense disam-biguation, named entity recognition, co-reference resolution, and many more. In this work we present a neural model for efﬁciently learning a generic context embedding function from large corpora, us-ing bidirectional LSTM. With a very simple application of our context representations, we manage to surpass or nearly reach state-of-the-art results on sentence completion, lexical substitution and word sense disambiguation tasks, while substantially outperforming the popular context representation of averaged word embeddings. We release our code and pre-trained models, suggesting they could be useful in a wide variety of NLP tasks.",2
5,10.18653/v1/D16-1264,"SQuAD: 100,000+ Questions for Machine Comprehension of Text","We present the Stanford Question Answering Dataset (SQuAD), a new reading comprehension dataset consisting of 100,000+ questions posed by crowdworkers on a set of Wikipedia articles, where the answer to each question is a segment of text from the corresponding reading passage. We analyze the dataset to understand the types of reasoning required to answer the questions, leaning heavily on dependency and constituency trees. We build a strong logistic regression model, which achieves an F1 score of 51.0%, a significant improvement over a simple baseline (20%). However, human performance (86.8%) is much higher, indicating that the dataset presents a good challenge problem for future research. The dataset is freely available at this https URL",2
5,10.18653/v1/D16-1244,A Decomposable Attention Model for Natural Language Inference,"We propose a simple neural architecture for natural language inference. Our approach uses attention to decompose the problem into subproblems that can be solved separately, thus making it trivially parallelizable. On the Stanford Natural Language Inference (SNLI) dataset, we obtain state-of-the-art results with almost an order of magnitude fewer parameters than previous work and without relying on any word-order information. Adding intra-sentence attention that takes a minimum amount of order into account yields further improvements.",2
5,10.18653/v1/N16-1162,Learning Distributed Representations of Sentences from Unlabelled Data,"Unsupervised methods for learning distributed representations of words are ubiquitous in today's NLP research, but far less is known about the best ways to learn distributed phrase or sentence representations from unlabelled data. This paper is a systematic comparison of models that learn such representations. We find that the optimal approach depends critically on the intended application. Deeper, more complex models are preferable for representations to be used in supervised systems, but shallow log-linear models work best for building representation spaces that can be decoded with simple spatial distance metrics. We also propose two new unsupervised representation-learning objectives designed to optimise the trade-off between training time, domain portability and performance.",2
5,10.18653/v1/D15-1075,A large annotated corpus for learning natural language inference,"Understanding entailment and contradiction is fundamental to understanding natural language, and inference about entailment and contradiction is a valuable testing ground for the development of semantic representations. However, machine learning research in this area has been dramatically limited by the lack of large-scale resources. To address this, we introduce the Stanford Natural Language Inference corpus, a new, freely available collection of labeled sentence pairs, written by humans doing a novel grounded task based on image captioning. At 570K pairs, it is two orders of magnitude larger than all other resources of its type. This increase in scale allows lexicalized classifiers to outperform some sophisticated existing entailment models, and it allows a neural network-based model to perform competitively on natural language inference benchmarks for the first time.",2
5,10.1109/ICCV.2015.11,Aligning Books and Movies: Towards Story-Like Visual Explanations by Watching Movies and Reading Books,"Books are a rich source of both fine-grained information, how a character, an object or a scene looks like, as well as high-level semantics, what someone is thinking, feeling and how these states evolve through a story. This paper aims to align books to their movie releases in order to provide rich descriptive explanations for visual content that go semantically far beyond the captions available in the current datasets. To align movies and books we propose a neural sentence embedding that is trained in an unsupervised way from a large corpus of books, as well as a video-text neural embedding for computing similarities between movie clips and sentences in the book. We propose a context-aware CNN to combine information from multiple sources. We demonstrate good quantitative performance for movie/book alignment and show several qualitative examples that showcase the diversity of tasks our model can be used for.",2
5,10.3115/v1/D14-1162,GloVe: Global Vectors for Word Representation,"Recent methods for learning vector space representations of words have succeeded in capturing fine-grained semantic and syntactic regularities using vector arithmetic, but the origin of these regularities has remained opaque. We analyze and make explicit the model properties needed for such regularities to emerge in word vectors. The result is a new global logbilinear regression model that combines the advantages of the two major model families in the literature: global matrix factorization and local context window methods. Our model efficiently leverages statistical information by training only on the nonzero elements in a word-word cooccurrence matrix, rather than on the entire sparse matrix or on individual context windows in a large corpus. The model produces a vector space with meaningful substructure, as evidenced by its performance of 75% on a recent word analogy task. It also outperforms related models on similarity tasks and named entity recognition.",2
5,10.21437/Interspeech.2014-564,One billion word benchmark for measuring progress in statistical language modeling,"We propose a new benchmark corpus to be used for measuring progress in statistical language modeling. With almost one billion words of training data, we hope this benchmark will be useful to quickly evaluate novel language modeling techniques, and to compare their contribution when combined with other advanced techniques. We show performance of several well-known types of language models, with the best results achieved with a recurrent neural network based language model. The baseline unpruned KneserNey 5-gram model achieves perplexity 67.6. A combination of techniques leads to 35% reduction in perplexity, or 10% reduction in cross-entropy (bits), over that baseline. The benchmark is available as a code.google.com project; besides the scripts needed to rebuild the training/held-out data, it also makes available log-probability values for each word in each of ten held-out data sets, for each of the baseline n-gram models.",2
5,10.18653/v1/d13-1170,Recursive Deep Models for Semantic Compositionality Over a Sentiment Treebank,"Semantic word spaces have been very useful but cannot express the meaning of longer phrases in a principled way. Further progress towards understanding compositionality in tasks such as sentiment detection requires richer supervised training and evaluation resources and more powerful models of composition. To remedy this, we introduce a Sentiment Treebank. It includes fine grained sentiment labels for 215,154 phrases in the parse trees of 11,855 sentences and presents new challenges for sentiment compositionality. To address them, we introduce the Recursive Neural Tensor Network. When trained on the new treebank, this model outperforms all previous methods on several metrics. It pushes the state of the art in single sentence positive/negative classification from 80% up to 85.4%. The accuracy of predicting fine-grained sentiment labels for all phrases reaches 80.7%, an improvement of 9.7% over bag of features baselines. Lastly, it is the only model that can accurately capture the effects of negation and its scope at various tree levels for both positive and negative phrases.",2
5,10.3233/978-1-60750-049-0-551,Natural Language Understanding,,2
5,10.1109/CVPR.2009.5206848,ImageNet: A large-scale hierarchical image database,,2
5,10.1145/1390156.1390177,A unified architecture for natural language processing: deep neural networks with multitask learning,,2
5,10.1145/1390156.1390294,Extracting and composing robust features with denoising autoencoders,,2
5,10.3115/1610075.1610094,Domain Adaptation with Structural Correspondence Learning,"Discriminative learning methods are widely used in natural language processing. These methods work best when their training and test data are drawn from the same distribution. For many NLP tasks, however, we are confronted with new domains in which labeled data is scarce or non-existent. In such cases, we seek to adapt existing models from a resource-rich source domain to a resource-poor target domain. We introduce structural correspondence learning to automatically induce correspondences among features from different domains. We test our technique on part of speech tagging and show performance gains for varying amounts of source and target training data, as well as improvements in target domain parsing accuracy using our improved tagger.",2
5,10.3115/1119176.1119195,Introduction to the CoNLL-2003 Shared Task: Language-Independent Named Entity Recognition,"We describe the CoNLL-2003 shared task: language-independent named entity recognition. We give background information on the data sets (English and German) and the evaluation method, present a general overview of the systems that have taken part in the task and discuss their performance.",2
5,10.1177/107769905303000401,“Cloze Procedure”: A New Tool for Measuring Readability,,2
